std_cons,zero_ratio,high_cons_ratio,PAR,cv,Stability,longest_missing_streak,longest_zero_streak
0.0,1.0,0.0,0.0,0.0,1.0,108,758
4.472216257081371,0.0,0.42736486486486486,3.4235106295374433,0.3260122526717299,0.7541408444644002,332,0
0.041412920443544735,0.9661181026137464,0.03388189738625363,44.91304347826086,0.0411381352227923,0.9604873418511473,1,205
3.0877369318545442,0.0,0.347953216374269,2.7281984979958884,0.36549317554794963,0.7323361389914795,2,0
2.1045817971866194,0.0009727626459143969,0.4357976653696498,2.6465888668533597,0.30694268739346714,0.7651444930568259,3,1
6.529596649754846,0.42555831265508687,0.44044665012406947,6.2297730127607895,1.027744777104739,0.49315871074653844,222,78
0.35266192259503737,0.9572368421052632,0.029605263157894735,151.4561717352415,0.34015237156193723,0.7461838080654275,730,96
3.2800625536428956,0.003367003367003367,0.494949494949495,3.280761627151907,0.5788414469761612,0.6333758224521066,730,1
2.6781672865489847,0.0,0.5264900662251656,2.0399248875339424,0.32061526895622233,0.7572228062987431,730,0
1.9033114932192774,0.14802631578947367,0.6217105263157895,2.59820648127165,0.47015584514017594,0.6801999960110707,730,28
0.474315430962119,0.001951219512195122,0.408780487804878,3.592138114747872,0.16207992316822364,0.8605260103570683,4,1
1.5819622375731082,0.5591715976331361,0.40335305719921105,6.220704386269933,0.7219670496336996,0.580731205171854,5,225
19.744847960376827,0.0,0.31875607385811466,67.45753872970867,1.8864451874498274,0.34644690443039367,2,0
1.1922246288959348,0.0,0.41118421052631576,1.38402157876697,0.12129241368631921,0.8918280261189294,730,0
1.2923534793644382,0.7345890410958904,0.17636986301369864,22.547441267528683,0.879080347037251,0.5321752215527673,445,189
3.565649715663418,0.0013227513227513227,0.2830687830687831,5.585858033895129,0.8124216204367496,0.5517479976645966,265,1
4.614724226054689,0.0,0.4501953125,3.072830155543893,0.43681538835017875,0.6959836372216535,3,0
17.434865519225383,0.0026917900403768506,0.40915208613728127,2.081726970608498,0.4127592057009779,0.7078347081120759,262,1
4.900821148461374,0.0,0.30170316301703165,5.3875170929824145,0.6024356262520973,0.6240500296032976,203,0
0.9341004808443193,0.02564102564102564,0.5158974358974359,2.8042971085570922,0.2577153392464512,0.7950924734679161,9,15
4.835316324890656,0.30332681017612523,0.525440313111546,5.831957977235626,0.835240705897965,0.5448876524949952,3,277
2.4312412824791996,0.0,0.3171021377672209,12.350616182355376,0.6737023289905798,0.5974778087350253,188,0
1.0071502266236927,0.0,0.4326750448833034,2.6860495892267298,0.22933571379547887,0.8134474487140518,268,0
4.903633145497782,0.0,0.4343257443082312,5.637179558771709,0.48574996592419684,0.6730607591688278,459,0
3.0398520476761357,0.0,0.4684385382059801,2.4436757644680314,0.24186010275814845,0.8052436806521269,730,0
1.5029265954258102,0.0009718172983479105,0.4509232264334305,2.3277619301584815,0.21598387034823335,0.8223793295166162,2,1
4.927171347531061,0.0,0.3379571248423707,3.301640533513443,0.5434967260935851,0.6478795731111697,240,0
1.719929046177494,0.0864321608040201,0.5055276381909548,2.1081206342900654,0.34769619943205116,0.7420069897217355,7,50
1.7763211764524909,0.1683673469387755,0.23809523809523808,9.058778750475776,0.9164248126784981,0.521804974233425,445,9
5.1761795910534145,0.031496062992125984,0.2637795275590551,5.2432204028287765,0.7384346226821612,0.575230144954856,6,6
0.37828671879044223,0.0,0.3128491620111732,7.022643724321151,0.27780736460474253,0.7825905748393653,136,0
1.6465759352171414,0.048562933597621406,0.22101090188305253,12.43853560088954,0.9297482937966769,0.5182022977890828,13,30
5.5551736844033455,0.08223684210526316,0.506578947368421,2.3541063056418903,0.5054269022825435,0.6642634049410103,730,20
1.344386977395448,0.0,0.4832347140039448,2.4213998377671464,0.23316418459384397,0.8109220268421604,8,0
4.98658389092706,0.0,0.4230769230769231,2.069842322224985,0.2992603527826252,0.769668679459279,409,0
0.46000264137848834,0.9828571428571429,0.017142857142857144,506.99869791666663,0.44820087212838766,0.6905119443342986,154,448
9.328473954922861,0.0,0.3638132295719844,4.166605836334801,0.5838097862818079,0.6313889512879103,2,0
0.4453872067369623,0.7054054054054054,0.22837837837837838,16.062245375008345,0.37043432612742305,0.7296956745280911,253,194
5.104801285689089,0.0,0.4435754189944134,2.6640854988951315,0.3487612776642976,0.7414210480091324,134,0
6.392697681638642,0.2696411251212415,0.5635305528612997,2.7499060876271697,0.655457860801685,0.6040624915186498,2,32
2.4148239403051956,0.0010090817356205853,0.4298688193743693,2.1899010133416796,0.32423405817057194,0.7551535121982129,41,1
0.1842514246615859,0.8013245033112583,0.16556291390728478,18.51286850725316,0.172075115959424,0.8531876382184185,730,27
3.7448406736628286,0.0009823182711198428,0.4037328094302554,4.353355145553538,0.4703128519300152,0.6801273611172913,2,1
0.0,1.0,0.0,0.0,0.0,1.0,730,300
4.432340221053076,0.0,0.3731138545953361,4.591356410432868,0.3767810149500443,0.7263319214466974,278,0
1.3258157131679142,0.7116141732283464,0.08759842519685039,45.005496676845695,1.0406990107610776,0.4900281691355604,5,60
3.422114682352875,0.0,0.2141119221411192,13.90853995908231,1.1837440218546433,0.4579291299676712,350,0
3.240985930516339,0.015888778550148957,0.39225422045680236,5.985482801797157,0.5069546789322367,0.6635899632419981,2,6
1.4890871118984441,0.8978599221789884,0.0651750972762646,40.237821209790766,1.0894544484919833,0.47859382659513233,2,493
5.90704574468703,0.6997663551401869,0.2932242990654206,6.002022244691609,1.2544827703078378,0.44356071963391197,169,490
4.942441036542786,0.004892367906066536,0.3943248532289628,3.2005655503214254,0.4348092525987134,0.6969567544876151,6,1
3.0340966340130295,0.0,0.45058139534883723,1.9152819562511512,0.2037907444002524,0.8307091615812479,1,0
4.0360918373957375,0.0,0.44837758112094395,3.5840544385716266,0.490457251119167,0.6709350430876911,16,0
2.0250342820505045,0.023178807947019868,0.17218543046357615,12.32858358932603,1.0688064334910647,0.48337049992276093,730,2
5.043775927305591,0.004868549172346641,0.34079844206426485,4.7178446712325055,0.6155478036580048,0.6189850883618235,2,3
4.040040591709445,0.001951219512195122,0.3980487804878049,4.04222609171153,0.4288288571170461,0.6998738827389757,3,2
1.3477636538534303,0.28355196770938446,0.39959636730575177,8.906450383295923,0.6150601095847434,0.6191720011319674,7,41
6.153824977960857,0.000975609756097561,0.25658536585365854,3.340250794772165,0.6117608734254073,0.6204394314863483,2,1
3.4945478066153517,0.0,0.3355263157894737,3.1305690362357255,0.47275947025782755,0.6789975010820577,730,0
3.0577459075776248,0.0,0.43368828654404645,4.013366363101709,0.5192596934283447,0.6582153165292045,1,0
10.218224526309735,0.18393030009680542,0.5517909002904162,3.4040617188304063,0.6256687471468438,0.6151314662074092,1,190
4.959406740935678,0.0,0.32602739726027397,2.4079945244237715,0.38242046786652606,0.7233689194021329,669,0
1.4373098903696624,0.0425531914893617,0.3642052565707134,13.50773166134554,0.6245163373386846,0.6155678321082447,232,11
2.323835767835769,0.0,0.22697368421052633,16.82362034317514,1.0206693348485478,0.4948855227097072,730,0
1.173000033433798,0.004842615012106538,0.41646489104116224,6.883289911115877,0.40183062761697114,0.7133529402906117,171,1
5.345658717969143,0.0,0.4270216962524655,2.6730565542238125,0.3614506268472272,0.7345106611142743,5,0
0.7840819489786315,0.0,0.42091836734693877,2.576619098151639,0.30034115129388544,0.769028957520082,642,0
0.839507292026299,0.21630094043887146,0.400208986415883,5.606320411346698,0.4408397917469166,0.6940396883317406,48,201
3.4394271980280973,0.0,0.39012584704743464,3.283139969854001,0.42784302739828434,0.700357098652595,1,0
5.0389300077865276,0.0,0.3157894736842105,3.737297775792247,0.5628661954911113,0.6398500414718884,730,0
6.1037716514709155,0.05630630630630631,0.4380630630630631,3.073820079732017,0.46608982271069116,0.6820864482580435,30,50
2.4916385692319047,0.4685835995740149,0.20766773162939298,14.981016954100586,1.0131989487602726,0.49672189656953664,87,138
7.160168244174511,0.00390625,0.4453125,3.0249391093087605,0.3562058159798121,0.7373512104263721,3,2
5.740099297239189,0.0,0.21581196581196582,4.2228482699670735,0.6074646156281946,0.6220976749831607,323,0
8.635744275124017,0.22643343051506318,0.4159378036929057,6.504571007658241,1.0343845978195967,0.49154914025193436,2,38
4.6059620223837605,0.0,0.29605263157894735,3.048261643707244,0.45484185430529006,0.6873599333430751,730,0
6.1219498286691465,0.48540856031128404,0.23346303501945526,14.09516969245946,1.884669692466514,0.34666014019267416,3,50
1.2179950545593794,0.47173489278752434,0.246588693957115,17.85842998655981,0.7672904431087472,0.5658379492173075,2,40
3.869796963418633,0.0,0.41118421052631576,1.9981168847374642,0.24968604587395432,0.8002009811197507,730,0
0.33712002619775466,0.07894736842105263,0.7006578947368421,1.609037405695778,0.18393755579826163,0.8446391408926605,730,2
4.677645170585915,0.12997090203685743,0.43743937924345294,3.75482223916211,0.5820656033767886,0.6320850398779814,2,108
3.192448350066192,0.016456921587608905,0.4191674733785092,2.384577529606676,0.35917869036849925,0.7357384331333807,1,17
0.8737572577556173,0.37359900373599003,0.32503113325031135,29.050431728376992,0.612962108922169,0.6199773661566239,227,86
2.34893276775416,0.0,0.3815789473684211,5.204803881440365,0.5468951752692175,0.6464562149959273,730,0
1.846069032473632,0.003009027081243731,0.4674022066198596,2.928491125633055,0.27883535360612094,0.7819614911177989,10,2
4.416707302349968,0.005170630816959669,0.35470527404343327,2.0927283360552713,0.27311534790895586,0.7854747817175108,9,2
6.3966481508089394,0.0,0.43290891283055827,5.015912328430107,0.6449781463136501,0.607910811606204,5,0
2.5943428550640526,0.0,0.43823529411764706,3.9624145029550433,0.5710268338092197,0.6365263651005446,7,0
2.928853404071937,0.5585168018539977,0.21668597914252608,9.907027481594314,1.1903104751229499,0.456556278827944,152,43
2.6352946350025093,0.003875968992248062,0.29844961240310075,3.172984962879514,0.33256792150832937,0.7504307914512179,1,2
5.08256438667048,0.1994191674733785,0.47337850919651503,5.320852704944151,0.7340648893623223,0.5766796883637588,1,193
0.08950784534021251,0.005870841487279843,0.9344422700587084,1.017725552678749,0.042023041733942106,0.9596716770638631,8,2
1.5867016075896716,0.005808325266214908,0.41626331074540174,3.1914886557697,0.2662220750623512,0.7897508815353406,1,2
15.25322678020448,0.0,0.3741362290227048,3.5265531929219103,0.6389537706909548,0.610145336545043,8,0
0.0009352195295828393,0.9990281827016521,0.0009718172983479105,1029.0,0.0009351922645022417,0.9990656815029288,2,526
2.4126727404951294,0.031496062992125984,0.6167979002624672,2.494036547595341,0.33533669953365275,0.7488747971573281,647,1
144.91267879689906,0.3121272365805169,0.562624254473161,4.4371353000392055,0.8697411795759322,0.5348333827823194,466,59
3.136786075538558,0.9747817652764307,0.02521823472356935,53.82435485789035,2.1061167041433326,0.32194540490576967,2,621
5.219124599106611,0.051387461459403906,0.3484069886947585,5.207991098732884,0.7511097916755264,0.5710664201375764,19,50
2.256180126628603,0.0,0.47647647647647645,3.009325559646132,0.38295763137673566,0.7230879510057724,17,0
12.263429261167083,0.4508032128514056,0.5230923694779116,4.8252020711222,0.9617769999623943,0.5097419329613759,35,39
60.65143480612051,0.9980295566502463,0.0019704433497536944,507.80256617520655,16.420569141407864,0.057403405817726565,4,594
5.742147031037286,0.019005847953216373,0.43859649122807015,11.186896784203844,0.8070265142382357,0.5533953110929072,346,8
0.0009966499068325314,0.99,0.01,100.00000000000001,0.0009965502518073507,0.9990044418718959,730,208
0.5325871876561986,0.8819148936170212,0.1127659574468085,24.545696775912603,0.45924481377905796,0.6852859715911991,85,275
3.898378830037828,0.0,0.3534932221063608,4.560877458633143,0.6158464756260978,0.618870675577348,68,0
3.952437545173422,0.0,0.4230396902226525,2.251663247910937,0.2786191279726916,0.782093727618126,1,0
2.6118812852948894,0.0,0.3395669291338583,3.5432445671643973,0.5183670754850004,0.6586022682825743,7,0
2.5190933693994695,0.0,0.4027237354085603,3.4555776319252485,0.30972224851696534,0.763520663356164,3,0
1.5883539615151805,0.0,0.48355263157894735,2.115766111945069,0.2846562818271728,0.7784183319274283,730,0
3.810912052653299,0.050352467270896276,0.3554884189325277,3.575984614098169,0.46327746783760915,0.6833973883830605,13,50
6.275922945906414,0.0,0.3256578947368421,6.819610958464824,1.1382924398782581,0.4676628796652969,730,0
3.3496922653329864,0.00392156862745098,0.3431372549019608,2.545304840009194,0.38224036822847096,0.7234631710848063,2,2
3.7784206786149097,0.0,0.43928923988154,2.338318016653567,0.2530958135275006,0.7980235742588361,6,0
0.4959924006163756,0.9370764762826719,0.03872216844143272,140.8953409858204,0.46909117944473383,0.6806929440403867,1,521
1.3415771399786343,0.05649157581764123,0.4529236868186323,3.3920067140188332,0.4341381178563454,0.69728290988788,12,50
2.26557044079965,0.0,0.3815789473684211,3.3304326875380887,0.28451005837113547,0.7785069439378951,730,0
6.371536692894735,0.0,0.34539473684210525,3.3850143290392594,0.49689519372001734,0.6680494427367654,730,0
9.906551219442246,0.002938295788442703,0.4476003917727718,2.4763996031321365,0.3538196336794902,0.7386508328898594,6,1
1.5407885273737285,0.35526315789473684,0.34210526315789475,6.423438630335181,0.736755556061428,0.5757862679695557,730,14
5.131745547100243,0.0,0.38672438672438675,3.7284861103936606,0.4314384474547723,0.6985979744906886,333,0
5.40031775934776,0.012080536912751677,0.3181208053691275,9.868425560542306,1.0170655557164117,0.49576970721946856,278,4
4.531770180155089,0.5552486187845304,0.4157458563535912,5.476585788006026,1.0189699155358782,0.49530208068235543,307,180
0.3105513336664466,0.007797270955165692,0.49610136452241715,3.9538418720160995,0.21340017570392555,0.8241304229413626,2,2
1.8020631335822799,0.0,0.4336677814938685,3.4212855963681386,0.42486743174665015,0.7018196764973192,106,0
12.350398718039644,0.0,0.23898139079333985,4.239031753295641,0.7297803030248833,0.5781080974568218,5,0
2.651966355650562,0.02631578947368421,0.555921052631579,1.9243483326052133,0.32229346780965,0.7562617711909883,730,4
3.142295210328587,0.0029154518950437317,0.43731778425655976,2.2302181717408516,0.2670710980061994,0.7892216952730993,3,2
23.780309054621195,0.0,0.4970588235294118,2.007661590924189,0.2946947856689777,0.7723828125895271,443,0
6.913650756292754,0.0,0.4186046511627907,9.367748700062057,0.5825387151854456,0.6318960733183818,252,0
1.0724338269872151,0.0,0.4666666666666667,1.6279880922445469,0.20989564792516,0.826517561010234,730,0
3.5413605731255675,0.0010626992561105207,0.412327311370882,4.198472922846667,0.3980967711054464,0.7152580713059802,82,1
3.106098553442693,0.0,0.521594684385382,1.8205128811155755,0.20629648380102616,0.8289835985006038,730,0
0.602607932520408,0.0,0.3480278422273782,17.48823135192218,0.3835234809493371,0.7227922140604557,154,0
17.310527441992644,0.871968962172648,0.05625606207565471,86.83184206788808,4.474967226656106,0.1826494951661584,1,181
0.06163067649080743,0.9963768115942029,0.0036231884057971015,415.46289752650176,0.06142074808852419,0.9421334581982359,171,496
4.857851100414389,0.31126482213438733,0.274703557312253,7.569757940201921,1.1293928231043973,0.46961743702231556,4,100
1.6789137574356277,0.10695187165775401,0.4946524064171123,6.232975322114371,0.442610453019698,0.6931878234396418,278,41
1.0448899348295593,0.0,0.4337748344370861,2.7914500288850372,0.27435185518786187,0.7847126332723724,730,0
1.68054049778359,0.0,0.40794573643410853,5.44489278184405,0.439184541134394,0.694837924823581,1,0
0.2764845530819689,0.0,0.3018867924528302,1.6447074293228137,0.13316988584204795,0.8824802110381792,185,0
1.9040758589593743,0.0,0.4769736842105263,2.3961617546264558,0.33385187685206635,0.7497084326634771,730,0
4.785170252590108,0.0048449612403100775,0.42829457364341084,2.7967308393070947,0.3503659324420981,0.7405400091747935,1,2
1.8371379070541998,0.021442495126705652,0.4502923976608187,2.692572512537819,0.2840836428226563,0.778765468736766,2,4
1.152021791426183,0.039473684210526314,0.2894736842105263,11.827123695976153,0.6265244276960886,0.6148078583833277,730,10
7.780329760596887,0.0,0.4862068965517241,2.999116992594511,0.4973264777484592,0.6678570204032639,730,0
3.7665561738453137,0.023138832997987926,0.4024144869215292,9.78494623655914,0.6910206582863896,0.5913588311885903,19,9
3.5477270790636504,0.003925417075564278,0.3277723258096173,2.975505275592539,0.3087037479060465,0.7641148744320638,4,1
3.607971802495008,0.019860973187686197,0.4011916583912612,2.6584018247079575,0.329281327584259,0.752286201008577,7,5
7.556121508399265,0.6818652849740933,0.30569948186528495,6.157590105009392,1.3092474446040006,0.4330415098376277,62,27
0.27756114642826896,0.9068047337278107,0.07100591715976332,56.265379975874545,0.2615253118482261,0.7926911894735805,357,225
2.6058082996481784,0.001968503937007874,0.453740157480315,1.955643714235379,0.3050485637597347,0.766255009789892,4,2
0.0,1.0,0.0,0.0,0.0,1.0,5,529
5.513536223689336,0.07065750736015702,0.3729146221786065,7.40363237794334,0.962657985024482,0.5095131233410115,14,16
3.923351432679006,0.0625,0.06578947368421052,23.53553819732979,1.7934781443180927,0.35797666863225336,730,19
3.451187062107126,0.011111111111111112,0.3838383838383838,3.6544531671240947,0.42804804209051306,0.7002565533692442,14,3
3.982870162842286,0.0,0.3212180746561886,5.979847573781905,0.5681546536647409,0.63769220571646,5,0
40.44101377622784,0.13658536585365855,0.4712195121951219,2.999621176366745,0.6407223579870271,0.6094876413014095,3,130
0.4413960103861116,0.6074582924435721,0.3650637880274779,14.909350989046917,0.355930721846866,0.7375008058213585,10,154
2.2338862158767294,0.16356107660455488,0.5196687370600414,4.223033639754388,0.5723325477100484,0.6359977737892688,18,18
2.453378531892091,0.6382153249272551,0.27158098933074687,15.22787224765642,1.0924578753976686,0.47790687294479056,2,97
5.049002009631298,0.0,0.3841059602649007,1.9684783186075747,0.316337757856306,0.7596834429702365,730,0
0.5766462651384785,0.02100840336134454,0.44397759103641454,14.921521059246485,0.3898435167156256,0.7195054608472221,319,6
13.587280697719493,0.06896551724137931,0.56,2.9136192303966295,0.5963543836360354,0.6264273210578017,239,50
2.3064860424151665,0.0,0.4026548672566372,3.294812138109349,0.34519659587619506,0.7433857646276967,127,0
1.0639656812831937,0.2236842105263158,0.46381578947368424,3.8065966589828966,0.4935161767956345,0.6695608762306933,730,11
0.9228735804501935,0.0,0.48322147651006714,3.2706307307585445,0.3429729965008327,0.7446166100178769,730,0
1.4027307833903653,0.011940298507462687,0.5014925373134328,1.9830592676240677,0.23428656568480866,0.8101846263271759,17,10
4.687509497493494,0.0,0.3822525597269625,4.3093822123488374,0.5268804264198169,0.6549301325086534,147,0
7.099778377056723,0.0,0.36212624584717606,3.2214539713825694,0.6128273905470837,0.6200291524443866,730,0
3.003765910693469,0.0,0.3917808219178082,3.11738868195568,0.43216586874809954,0.6982431447511949,669,0
0.23880228384460672,0.0,0.5794701986754967,1.345491544236669,0.07586048757304978,0.9294885457275436,730,0
2.265639264186314,0.0023584905660377358,0.4858490566037736,2.4033338520862513,0.2897350509010563,0.7753530458068603,171,1
4.703718965811527,0.0,0.45663956639566394,5.023605800887393,0.549991776572598,0.6451647132033428,280,0
4.533997307750605,0.00390625,0.4365234375,4.893884073774653,0.515733474385757,0.6597465958883337,3,2
0.5383173164785781,0.01694915254237288,0.4127617148554337,7.224562677804008,0.3245097295581389,0.7549963414263506,16,11
221.8570041064168,0.21635094715852443,0.06181455633100698,778.892435143614,22.13580106248388,0.043223054922509746,23,48
5.481527934085335,0.0,0.375743162901308,4.585253652510969,0.642075185007607,0.6089855136537902,175,0
14.672211745899974,0.029818956336528223,0.5079872204472844,3.010580169728055,0.632648276781421,0.6125017949189799,58,25
3.494205398206635,0.0,0.3684738955823293,7.4099189639021015,0.6451988818425166,0.6078292485101039,12,0
0.0,1.0,0.0,0.0,0.0,1.0,161,304
3.5304441684353907,0.4268558951965066,0.38427947598253276,18.618649278062414,1.0557906817782625,0.48643084573911893,71,72
3.6443397172399217,0.0,0.46078431372549017,2.3822062787006866,0.31856389414285396,0.7584008666110642,282,0
1.8790657945964788,0.1661721068249258,0.4886251236399604,7.281902599800333,0.5928096280497406,0.6278214184481133,5,50
3.4114249813016597,0.6232961586121437,0.37670384138785623,5.248998674680529,0.9653655984172884,0.5088111854635602,213,160
4.397519158007337,0.0,0.37463697967086157,5.19540121492169,0.4569795585385525,0.6863514276089546,1,0
1.9666447772022193,0.0,0.3493621197252208,4.713421949987371,0.3292539953814432,0.752301669563942,6,0
1.705459254117414,0.00741839762611276,0.4198813056379822,2.9138375130331795,0.3354587322309167,0.7488063658316684,318,5
3.925487186952266,0.0,0.2868525896414343,4.876687300372905,0.35918505411972823,0.7357349883807004,267,0
4.476493791659337,0.0,0.47774480712166173,2.3056658382834283,0.3185029081711817,0.7584359456491769,18,0
5.623064698172409,0.4990118577075099,0.36264822134387353,8.387551490592196,1.1281154482693259,0.46989931904927557,4,177
8.246466572447344,0.3932038834951456,0.33495145631067963,16.191173000699926,1.398536989987596,0.41692081638698075,3,11
4.1967502056116235,0.0,0.4309210526315789,2.384066360298885,0.28070116598481737,0.7808222765464828,730,0
9.640762039732383,0.3061630218687873,0.5188866799204771,3.981538745390791,0.8040182324452859,0.5543181227412174,17,11
4.087902738542349,0.0,0.327718223583461,2.7130281001434344,0.39324128462157176,0.7177507665311663,223,0
1.6150512781539004,0.0187192118226601,0.46502463054187193,3.0000745927700962,0.3090083709068889,0.7639370551214993,2,4
0.18026137295855685,0.004906771344455349,0.09224730127576054,47.596243351063826,0.17021233092847163,0.8545457722245831,3,2
13.323938001720155,0.0,0.5611650485436893,2.2423333850078215,0.4665878849266904,0.6818548075282829,3,0
1.3876487683668197,0.013671875,0.4521484375,2.9269598005230186,0.28588749593740914,0.7776730103989402,3,2
1.9390148907437434,0.0,0.41776315789473684,2.3953054414655988,0.2559633362945569,0.7962015857487366,730,0
5.160700263365095,0.0,0.412348401323043,3.5620519695595605,0.4784409367826094,0.6763881972696217,126,0
2.7166180386371805,0.0,0.40372670807453415,3.5637411605153546,0.3665260238167989,0.7317826243856907,472,0
2.6016206802105737,0.10194174757281553,0.4077669902912621,22.310485965572216,0.821208582264882,0.5490859255431276,2,3
4.258992680455544,0.0,0.42,2.1494122803001066,0.2614820007769905,0.7927184053233145,730,0
5.470307080232531,0.0,0.38405797101449274,3.255078401715456,0.6383304671594334,0.6103774666009952,730,0
4.298806812485701,0.0,0.46710526315789475,2.274811797312415,0.32130891810781614,0.7568252861201092,730,0
2.813403912414232,0.0,0.3717105263157895,3.919618178562252,0.5384606794222545,0.6500003629443001,730,0
5.118395669571163,0.019736842105263157,0.4144736842105263,3.2939896006112903,0.5209475814150807,0.657484854980739,730,6
4.937752599236744,0.0599803343166175,0.4169124877089479,3.30609943731317,0.4964012567390689,0.6682699546638863,15,5
5.430638672745987,0.0,0.4034917555771096,5.6181790600082495,0.8116993490156531,0.5519679634169588,2,0
2.8313422631774086,0.04480651731160896,0.5295315682281059,2.9537699352524744,0.433912705271356,0.6973925234944887,46,22
2.13100285233176,0.0,0.37264150943396224,2.4193204073964467,0.2633175504354405,0.7915666173206568,131,0
6.660964787518926,0.05257731958762887,0.4041237113402062,2.397371082582209,0.40864582036364083,0.7099016555785831,13,50
0.06045589011142333,0.9878603945371776,0.012139605462822459,266.685618729097,0.06018282992708042,0.9432335364917958,358,175
6.902929781541903,0.0019398642095053346,0.457807953443259,2.2847049042437266,0.2665636134087713,0.7895379193064339,1,1
3.970956686910034,0.00234192037470726,0.43208430913348944,1.946653443388491,0.24826292016817125,0.8011132781748221,170,1
5.953786406933466,0.0,0.38235294117647056,2.637144700648623,0.4255341815531429,0.7014914219106859,443,0
11.571109428423659,0.01364522417153996,0.38499025341130605,2.5653455602466995,0.5179048282651163,0.658802832284911,2,3
4.691398964914661,0.0,0.42572062084257206,2.6033098481241552,0.30668382847683107,0.7652960710210022,131,0
0.9511139791905218,0.4830508474576271,0.4745762711864407,15.697620030265512,0.5885544577297266,0.629503127912369,680,50
0.7800965214069018,0.0,0.5077519379844961,1.692635402281455,0.12742115669139814,0.8869799844227366,1,0
8.420340817405442,0.26266666666666666,0.6026666666666667,2.290146064776553,0.6349594218588206,0.6116359749547047,262,109
23.09785399798588,0.0029585798816568047,0.480276134122288,2.660499369768726,0.49928157847355464,0.6669861181234,10,3
5.289665110675299,0.2235142118863049,0.2777777777777778,5.072845142789846,0.9252075729661644,0.5194245098772916,242,58
0.2183503967867239,0.7943192948090108,0.12830558276199805,22.35559866962306,0.2039369855457985,0.830608256084645,4,84
18.163102845748437,0.0,0.41118421052631576,2.132171074688613,0.42635601523226074,0.7010872386142424,730,0
4.541023266830324,0.5918570009930486,0.3515392254220457,7.530282716788587,1.1207758820252096,0.4715255433049635,11,151
3.646271213838266,0.0029154518950437317,0.3741496598639456,4.065359979160683,0.5346514915242039,0.6516137413106137,1,1
6.3383370608342045,0.001184834123222749,0.44075829383886256,6.430636375714096,0.3716879840573676,0.7290287671997113,78,1
12.186935583315286,0.39544962080173346,0.30335861321776814,5.498409834093419,1.1174010890758648,0.47227707832928706,108,180
1.5068289517371753,0.060546875,0.3876953125,5.734109424153792,0.5623705126156245,0.6400530424283684,2,41
0.4882421013313639,0.026713124274099883,0.4843205574912892,2.961622958434287,0.2536100733280069,0.7976962065606744,133,1
5.189701249651424,0.2067137809187279,0.34275618374558303,7.011827182416698,0.9944649145154943,0.5013876116456655,253,69
0.03815542614933199,0.3236994219653179,0.41965317919075146,4.486223662884926,0.03684148419843966,0.9644675827887799,160,98
61.014061839071324,0.0533462657613967,0.36566440349175555,3.04166020323815,0.5283205699726526,0.6543129888109102,1,50
8.658516885723394,0.0,0.41725601131541723,4.332669812797746,0.7787505836848395,0.562192366469059,241,0
2.0575777036503458,0.0,0.12877030162412992,22.977535477508084,1.114062448523026,0.4730229235653103,143,0
4.184362310649389,0.0,0.36235038084874865,4.309692495486733,0.5858835286040446,0.6305633307637909,106,0
7.749855214645925,0.002849002849002849,0.32905982905982906,2.8661682960165633,0.4101543741707187,0.7091422175590374,326,1
2.692562523742512,0.07246376811594203,0.5426731078904992,2.908544822410439,0.4303332416888471,0.6991377749280742,240,7
11.746388839189107,0.033630069238377844,0.486646884272997,3.2785955772391158,0.6999753100318754,0.5882438374832922,21,11
6.7521208679881575,0.0,0.3727008712487899,3.412620000992591,0.46698822889324304,0.6816687280132041,1,0
7.19220652905634,0.06907894736842106,0.42105263157894735,2.823820419269062,0.6475454643233439,0.6069635234076564,730,17
3.6863065408960765,0.0,0.42105263157894735,2.8950918715534355,0.32276323755761277,0.7559931903206111,730,0
3.371039705956766,0.0009775171065493646,0.31085043988269795,15.00249238742168,0.9183168462857418,0.5212903186124893,5,1
4.640077487171053,0.014976958525345621,0.3870967741935484,3.3277927070171383,0.4610998448567987,0.6844159237440814,155,3
2.1143943340804032,0.0,0.40460526315789475,2.1723257290693256,0.16437977489264088,0.8588263224446704,730,0
2.5410445179468004,0.016585365853658537,0.4068292682926829,3.70042492917847,0.5129692583064439,0.6609519621828663,2,3
3.6380026881459178,0.5443037974683544,0.33008763388510226,7.865879141606161,1.1033398677389878,0.47543433913747984,3,171
9.166523266142471,0.0,0.3591756624141315,2.6531692306352617,0.48165599133903814,0.6749204983109849,5,0
3.044606258415047,0.0011534025374855825,0.3644752018454441,4.464429082540453,0.40031386455978163,0.7141256151986834,144,1
7.4679328896486545,0.0011111111111111111,0.4122222222222222,2.6823143998782832,0.345831207450359,0.7430352294285648,43,1
3.462111261262184,0.029382957884427033,0.3379040156709109,3.6477747369256077,0.46656964297953457,0.681863288788908,3,27
0.0,1.0,0.0,0.0,0.0,1.0,730,206
0.9799243532249469,0.9932038834951457,0.0048543689320388345,503.55092966855295,0.9350076739001143,0.5167938161115635,3,627
1.9912469415634348,0.2507345739471107,0.24387855044074436,15.96870979910434,0.9893877117950367,0.502667224730012,3,73
90.69168232076775,0.0,0.6421845574387948,2.3069597795090346,0.5550143269118265,0.6430808917278245,497,0
0.6719187942022568,0.21926910299003322,0.2757475083056478,12.300186855146642,0.4768977270269973,0.6770949549858168,730,11
0.5112132299992992,0.8280632411067194,0.17193675889328064,20.875115543663345,0.4249088651466394,0.7017992690340153,5,399
1.2525250661692653,0.02247191011235955,0.30439223697650664,10.83711008532662,0.480535955207624,0.6754310805371587,8,8
8.939528585724185,0.0,0.4394904458598726,1.414067019602176,0.11263151090885473,0.8987701590287952,188,0
3.190901534681426,0.0,0.3802133850630456,3.149745321730712,0.32505206871489195,0.7546873240761435,2,0
1.2196917897630954,0.7129629629629629,0.28703703703703703,7.655007949125595,0.7179349972444643,0.5820942012381035,818,154
61.68714276902008,0.009746588693957114,0.3713450292397661,4.716517452091779,1.1943378546798487,0.455718337933836,5,3
3.2051237249765534,0.001941747572815534,0.3504854368932039,6.219493673083265,0.5854491382554425,0.6307360960821206,1,1
7.713046300686126,0.000968054211035818,0.35237173281703776,2.4922102707000513,0.3968956424147345,0.7158730900408254,1,1
2.040684811836295,0.019736842105263157,0.47039473684210525,3.020012588441384,0.38231321389945805,0.7234250457456269,730,4
4.159449711922053,0.6721854304635762,0.1986754966887417,12.093668782376549,1.4478323359579306,0.4085247119707901,730,85
11.20099307450382,0.002938295788442703,0.3731635651322233,2.2129504199403955,0.3908861228475227,0.718966120643096,6,1
3.1502822710105316,0.0,0.4426605504587156,3.392107586195245,0.3444671307537626,0.7437891021101867,161,0
1.1548005275401665,0.7267326732673267,0.13663366336633664,34.29780082867326,0.8606912494119149,0.5374346766644157,5,147
3.6901065150720993,0.03459119496855346,0.330188679245283,6.527910264009849,0.8295598400854882,0.546579553229193,69,33
4.777760280750163,0.13961813842482101,0.5930787589498807,3.5778628108196497,0.4753945171169532,0.6777848151110697,149,25
46.48761023449347,0.0,0.42105263157894735,2.440960558809512,0.4589628789632395,0.6854183985206085,730,0
0.3864922363769147,0.14124293785310735,0.2062146892655367,9.05777696258254,0.2954782560414388,0.7719156962585196,680,50
3.5441441988378477,0.055741360089186176,0.43032329988851725,3.667454482233835,0.4640902848188511,0.6830179875988508,133,40
7.472399890370543,0.0,0.3389423076923077,3.411110233941212,0.5082475665891363,0.6630211260751274,199,0
1.0898887187552615,0.414387031408308,0.46403242147923,6.621007078541123,0.5567592763411209,0.642360071462248,25,144
3.4163660389714208,0.0,0.4605263157894737,2.5068293784793805,0.2732093460148293,0.7854167919282246,730,0
3.101830349146015,0.2318137730358875,0.45489815712900095,9.301543769079943,0.7517105338552097,0.5708705751738412,2,49
4.36621327955894,0.009868421052631578,0.48026315789473684,2.705048512148837,0.4693342327511722,0.6805803456492034,730,1
40.381975832163256,0.0,0.4027640671273445,2.6758444537428088,0.406338414694651,0.7110664044664694,9,0
3.2217109773000208,0.0,0.5095890410958904,2.0220635758947862,0.3827094400284146,0.7232177426802338,669,0
3.3108043676740877,0.0,0.5399719495091164,3.1467016193257233,0.4510649891373915,0.6891490095109151,241,0
4.136815095245124,0.0019550342130987292,0.39589442815249265,3.2943520883460513,0.4316201140086837,0.6985093253544036,3,1
5.160210741329519,0.010321100917431193,0.4208715596330275,4.860571834565704,0.7105146938489599,0.584619356732811,161,4
0.9916575390505336,0.12585034013605442,0.40476190476190477,4.868274168341148,0.518085290686386,0.6587245170841888,445,14
6.597335297592326,0.00897308075772682,0.35692921236291125,4.802059939595757,0.6763323299936531,0.5965404246565991,6,2
9.684987867115579,0.404296875,0.439453125,5.268137114921127,1.0141867094732788,0.49647830327581977,5,335
8.633099431414266,0.32341269841269843,0.48313492063492064,3.1863078093181874,0.7771350697118242,0.5627034303938178,22,150
1.370993419554361,0.0,0.3554884189325277,4.411306699321393,0.3461602821408089,0.742853591260093,33,0
1.1436167602893257,0.10692464358452139,0.3411405295315682,7.841037929862837,0.534680228627257,0.6516015397516924,28,26
46.48653338750362,0.9902912621359223,0.005825242718446602,975.9527106864701,18.38654196361514,0.05158217498906253,2,287
2.963372943455708,0.5377906976744186,0.3701550387596899,10.387824089798956,1.0593703352996182,0.48558531841457736,1,80
1.1365310085515161,0.977116704805492,0.016018306636155607,207.57222645341457,1.0425576748819507,0.4895822587030718,597,144
1.4621087000597257,0.0,0.4769736842105263,2.0129608479731034,0.23864241563572147,0.8073355048856127,730,0
8.265069755391679,0.0,0.3848684210526316,2.1947090514353107,0.32354441340738505,0.755546991751913,730,0
1.3874457674358853,0.1896551724137931,0.15747126436781608,23.985194324491058,0.9007438438233404,0.5261098191897878,142,87
5.745568095092749,0.021653543307086614,0.38779527559055116,5.583492525361201,0.7722108701698579,0.5642669373222808,4,7
4.225528229994312,0.01089108910891089,0.4485148514851485,2.4134716437237764,0.2895283198089515,0.7754773467465637,7,3
3.721085849953897,0.006578947368421052,0.34868421052631576,3.618592003222883,0.5976889944130869,0.6259040423366948,730,2
2.0794037810151287,0.0019588638589618022,0.4534769833496572,1.8919754075132758,0.23235214564657464,0.8114563710807943,9,2
3.8210787767826453,0.002938295788442703,0.30264446620959845,4.358149481856658,0.4921318909622311,0.6701820435961127,3,1
5.196432812252855,0.0,0.34474017743979724,2.3637629865825667,0.3345648755306138,0.7493078967797702,242,0
0.6459213000775035,0.018497109826589597,0.3838150289017341,7.177862907099626,0.3291013385994396,0.752388076784096,145,2
1.8441546703046365,0.0,0.4828767123287671,2.1098645339088393,0.24673113237921196,0.8020975605956352,742,0
3.007119519980536,0.0,0.4648876404494382,1.8719704101321262,0.26107255756593867,0.7929757839867292,241,0
6.437676060113696,0.0,0.36524822695035464,2.152043853352779,0.2397243681188872,0.8066309138678655,166,0
0.0,1.0,0.0,0.0,0.0,1.0,274,199
0.09505024317581467,0.9736575481256332,0.02634245187436677,82.25000000000001,0.09379583084835942,0.9142474050430321,40,123
158.93021797987944,0.03074670571010249,0.34553440702781846,5.565922612694009,0.8075483944661557,0.5532355333121477,280,14
6.358565289627051,0.013235294117647059,0.28823529411764703,13.798819830186318,1.137881464186172,0.46775278084964833,340,3
4.748211176014079,0.0030272452068617556,0.5539858728557013,2.875267109965612,0.41987585030110675,0.704286927471817,31,2
7.04462052364441,0.0,0.5237173281703775,3.6124179004398043,0.7562046019013128,0.5694097367228022,1,0
3.067822045997547,0.0,0.18,6.782417878557473,0.6873336373882676,0.5926510192423152,730,0
3.6815017134765236,0.5174180327868853,0.3801229508196721,7.128468716072065,0.9952595304363361,0.5011879330711998,30,304
0.9620700970474483,0.0,0.4541984732824427,2.5533846226016794,0.22612979996629654,0.8155743380737404,730,0
5.77230190955564,0.005870841487279843,0.35714285714285715,3.54282238941621,0.5236558894443935,0.6563161714714033,8,2
122.52425945839637,0.2576271186440678,0.6135593220338983,2.1871435554831353,0.6971568871582065,0.589220718229794,730,76
13.937050869376701,0.3249097472924188,0.5523465703971119,3.743731466328703,0.8894179518303779,0.5292635221504314,730,18
1.4860172076807736,0.0,0.25,3.5053386395050046,0.32688314035192384,0.7536458709806004,730,0
4.601513556269202,0.002631578947368421,0.37894736842105264,2.5801133534564706,0.38199431377945053,0.7235919786567138,223,1
0.2909855709426281,0.8402777777777778,0.125,19.466505733252866,0.2648619814615676,0.7906000928611077,6,61
5.362675520219307,0.006825938566552901,0.4453924914675768,4.5371705861399185,0.6223308047252193,0.6163970979823526,445,2
7.112830870843252,0.0,0.2993421052631579,2.9154573076943837,0.539251284281177,0.6496665035865117,730,0
5.839631247507749,0.03732809430255403,0.3831041257367387,3.196852040563183,0.421059146297806,0.7037004776368638,4,16
8.65410140964099,0.0,0.29774730656219395,5.116954150371827,0.6966298876149961,0.5894037393186149,5,0
3.864868133026554,0.0,0.3698630136986301,2.9613530429590513,0.2754480460489618,0.7840382076696615,669,0
1.680622306068083,0.6257606490872211,0.34178498985801214,7.819381330946102,0.8229139508976703,0.548572245830673,43,411
1.0528062347616614,0.8892988929889298,0.08610086100861009,45.38492902446391,0.8460663353905765,0.5416923437848336,160,143
3.033012459728844,0.0496031746031746,0.5049603174603174,5.314643740310325,0.34691712635249977,0.7424361754965847,13,50
1.5106240144118137,0.3845338983050847,0.3559322033898305,8.093045563549161,0.7332522982336241,0.5769500499258594,83,159
1.3527687711464473,0.0332409972299169,0.26869806094182824,12.930604044932808,0.6349086689902265,0.6116549621194638,227,17
5.404944756325629,0.0738581146744412,0.304178814382896,6.507941318702379,1.0082298345915592,0.49795097292904394,2,19
0.0,1.0,0.0,0.0,0.0,1.0,224,304
0.0005735393346764039,0.9967105263157895,0.003289473684210526,304.0,0.0005735204688715067,0.9994268082683192,730,253
1.3041521262626385,0.0,0.4833984375,2.059855569108052,0.21577479395920923,0.8225207538177924,2,0
1.74257370362195,0.8253424657534246,0.1643835616438356,8.895239845616615,0.9984136281642128,0.5003969077806091,730,76
9.022141651047193,0.0,0.39862542955326463,3.72590728651817,0.4966419845026063,0.6681624666117727,730,0
7.085048274272142,0.0,0.4440789473684211,3.4737849885216034,0.6692793343355794,0.5990609117544898,730,0
1.8762711248729518,0.31121951219512195,0.18536585365853658,26.56894300375699,1.0132441376339676,0.49671074724957787,2,23
2.504942087287601,0.0,0.4927360774818402,3.6145510085337467,0.3582354814084308,0.7362493571166642,206,0
6.364246018159296,0.27546628407460544,0.406025824964132,4.031781902357784,0.9822933218752279,0.5044662104062435,332,49
5.2647626049295395,0.022417153996101363,0.3401559454191033,3.0196203371830617,0.4824815603215303,0.6745446464663706,2,4
4.579762295686078,0.0,0.395690499510284,3.9467725493843915,0.4084183972328746,0.7100162863284831,5,0
5.313519556704062,0.05509964830011723,0.39859320046893315,3.821870829075278,0.7135014249570342,0.5836003317155543,158,27
2.079589316580258,0.0019646365422396855,0.44597249508840864,3.3937413014196895,0.3572785552862507,0.736768437182815,4,2
4.486378764173754,0.655099894847529,0.23659305993690852,11.229722750810717,1.3761587330152725,0.42084730540330134,71,56
1.414754499030197,0.34637964774951074,0.08610567514677103,29.877196941205966,1.017615580820538,0.4956345547219223,6,8
3.481869220183065,0.0,0.45723684210526316,2.9586405578055195,0.3921634037033277,0.718306484238758,730,0
4.793390677033057,0.0,0.35208535402521823,3.1049513898262684,0.3749405031000645,0.7273041980691601,2,0
2.702456682519869,0.0,0.47039473684210525,1.929379183014078,0.2669856331524413,0.7892749324330199,730,0
0.802352931490789,0.0011467889908256881,0.47477064220183485,2.3934814489503027,0.20444143818995866,0.8302603748861428,161,1
9.152975138678846,0.028513238289205704,0.46334012219959264,2.6079448957382185,0.43112408883309783,0.6987514274987675,12,6
11.223865400188178,0.017259978425026967,0.4023732470334412,2.664938792036472,0.5425038089618354,0.648296616313083,52,3
43.751441804736324,0.0,0.16830708661417323,219.2979137638271,5.9379225911449565,0.1441353642769559,7,0
2.88379740869454,0.009891196834817012,0.36894164193867457,5.892140295647183,0.418287633113038,0.7050755972574285,9,3
5.365221777034608,0.0,0.37467700258397935,4.204994693276951,0.5196529277516672,0.6580449928652485,647,0
1.0505914341326934,0.06578947368421052,0.0756578947368421,21.853251972019645,0.7285455449070185,0.578521059480554,730,12
2.194904025036005,0.007462686567164179,0.3720682302771855,3.1577277284935956,0.34867714237293473,0.7414673004990256,78,2
2.474610835462549,0.0,0.4476744186046512,2.369713956784798,0.2648688165462684,0.7905958206247077,170,0
6.8854256710395045,0.09930313588850175,0.36585365853658536,6.027099904921729,0.8934712499212553,0.5281305433296585,315,24
0.609613657883545,0.7857142857142857,0.0821917808219178,81.51858937037345,0.5454463272344301,0.6470622643941935,5,95
2.575976649882063,0.0,0.3863013698630137,3.462771218992073,0.48922995286178644,0.6714879714031703,669,0
2.9840552078116267,0.0,0.4900662251655629,2.650889222838148,0.38984983377852384,0.7195021905937448,730,0
1.830394183140509,0.1267605633802817,0.5035211267605634,2.482697628010341,0.4458402929876708,0.6916393220260928,730,36
26.673237309345577,0.07894736842105263,0.13486842105263158,20.795153875559944,2.410000666363823,0.2932550746584831,730,3
7.911468788295483,0.0,0.34215686274509804,6.8092067199996835,0.7249549391815872,0.5797252886353395,6,0
2.162187367269011,0.0,0.5197368421052632,2.262247253254547,0.34081090900359284,0.7458173209100287,730,0
3.030823266075921,0.10495626822157435,0.3867832847424684,6.943748725270243,0.6990915112398562,0.5885498181732912,2,15
2.187709484497829,0.0,0.4407894736842105,2.0827745009476244,0.21269446352953936,0.8246100151966609,730,0
10.028081763058255,0.015549076773566569,0.34791059280855197,2.23435315867791,0.5249295000318931,0.6557680207374083,2,15
10.147778476423161,0.0,0.4473684210526316,2.3381915710607197,0.4911682538076645,0.6706151351106909,730,0
1.1977791748867432,0.00390625,0.333984375,4.076781919689421,0.31839042307107884,0.7585006554208614,2,1
2.495324202939561,0.5390625,0.3154296875,8.8250818008158,0.9789446602367318,0.5053198404650562,4,196
0.7866140374005653,0.08406647116324535,0.5210166177908113,31.21311475409836,0.4885801474537673,0.6717810940247396,6,14
2.3535566764079134,0.0,0.3443708609271523,2.9599608194064873,0.36340374474670734,0.7334584519465139,730,0
2.169506965376437,0.0,0.30132450331125826,7.922346332222876,0.6137909068749675,0.6196589630911074,730,0
3.6508000515639094,0.0009832841691248771,0.4768928220255654,4.618491813727443,0.5091170892242975,0.6626391067601062,4,1
9.859237149637371,0.0,0.45394736842105265,2.8788349075868305,0.4947479953928675,0.6690090925575505,730,0
0.31662500412822014,0.956140350877193,0.03996101364522417,172.55326176713461,0.30579693149544296,0.7658158599398499,3,137
5.094057283388598,0.3029661016949153,0.1652542372881356,20.422195096304627,1.5357021059801543,0.39436809144166346,83,189
12.82386326582023,0.0,0.3136094674556213,4.908550242737011,0.7435347872811985,0.5735474894420443,443,0
46.66628514103963,0.0029211295034079843,0.29990262901655307,243.60900372184258,6.530897763657656,0.13278629339861248,2,2
5.947214838576818,0.11194833153928956,0.44994617868675996,4.76356680911175,0.9211925038661777,0.5205100467483689,29,36
2.05608227096143,0.7106796116504854,0.270873786407767,6.262119718981468,0.9254832184392964,0.5193501508730632,1,721
3.9368585026793075,0.09317443120260022,0.20260021668472372,14.557572544004657,1.2764855648279039,0.4392735958664413,84,32
2.0893795364223573,0.0010152284263959391,0.3817258883248731,4.162474736690519,0.4105747625725718,0.7089308745154524,39,1
3.1447348205161973,0.01644736842105263,0.3881578947368421,3.662709915628897,0.6211741143304986,0.6168368907203857,730,5
2.217049284269041,0.0,0.10526315789473684,12.399803052683406,0.976942675524777,0.5058315612184108,730,0
1.7156969290226187,0.8228460793804453,0.11132623426911907,22.35208030311193,1.1147405969471882,0.47287123604833,1,169
4.640019822109456,0.0,0.3090909090909091,3.747202282241885,0.638123969094178,0.610454409352769,730,0
7.345852828665471,0.0,0.31995277449822906,5.0715323147292,0.5984548269666782,0.6256041666799298,155,0
5.734989817928382,0.0,0.4506578947368421,2.141244971320009,0.3714324163794581,0.729164622373424,730,0
6.052762147245245,0.2364341085271318,0.5920542635658915,3.8443697291969703,0.7279685404103056,0.5787142396484547,1,55
7.911319826494124,0.0,0.4151309408341416,3.1729211126033943,0.449430275194267,0.6899262538627255,2,0
0.0,1.0,0.0,0.0,0.0,1.0,78,318
0.9203219723414139,0.0,0.46731707317073173,2.6638879769888546,0.26322354779615525,0.7916255216621157,5,0
4.839173782856878,0.0,0.5674157303370787,3.9778756571335783,0.7404309431022094,0.5745703407327167,253,0
3.0259708287872598,0.00205761316872428,0.30349794238683125,2.899678517068549,0.4380670712230035,0.6953778582452003,54,1
6.10882373034457,0.07953216374269007,0.5017543859649123,2.435810912349825,0.4413341723465553,0.6938016312844065,170,30
2.7649030324445705,0.0,0.4825174825174825,5.392731961075363,0.45165546946912943,0.688868688908464,29,0
18.09876892076406,0.20659062103929024,0.5373891001267427,4.393579971460885,0.9082254393742399,0.5240470959908845,242,129
5.497459420625595,0.0048543689320388345,0.4679611650485437,3.9516730307741073,0.5162380809901367,0.6595270311025152,2,2
4.543579972167417,0.014763779527559055,0.4360236220472441,4.99259059028041,0.4563076344620169,0.6866681024915562,2,3
2.9255343960879645,0.0,0.4290697674418605,2.3841092014631355,0.2664768233075272,0.7895920253703521,170,0
4.085801090485049,0.006968641114982578,0.38095238095238093,4.544029928016099,0.4674922809076991,0.6814345894763156,161,2
4.40946217614113,0.0009737098344693282,0.3622200584225901,2.7608886811377444,0.4284988881778805,0.7000355465978335,2,1
0.459824072996366,0.001936108422071636,0.22846079380445306,6.771122737386493,0.2797134942556921,0.781424908378903,1,2
0.2561942275122653,0.8827493261455526,0.09973045822102426,39.18260483692035,0.24152377401514583,0.8054618211344864,265,587
1.8343770355928877,0.0,0.4596888260254597,1.7403832076852837,0.17686710318427468,0.8497136144720832,241,0
1.5846775535936937,0.007881773399014778,0.4039408866995074,2.713897624925321,0.295092826891765,0.7721454240465601,8,3
10.016794701601672,0.0,0.3211920529801324,3.0304940923919195,0.4857672772282065,0.6730529170527727,730,0
0.7111195890383797,0.003956478733926805,0.4362017804154303,2.136562936271768,0.21439896475336218,0.8234526123818745,7,2
5.196982138319817,0.0010526315789473684,0.4105263157894737,2.947575018414536,0.41994279264246587,0.704253724291972,79,1
3.81124285559428,0.0,0.4318181818181818,3.1373499946900774,0.45712592274020925,0.6862824855379983,413,0
6.619208710654319,0.0,0.4262135922330097,3.5275917553058176,0.40128600222097144,0.7136301928478895,2,0
1.7440063233890395,0.007675438596491228,0.42543859649122806,2.7397935603142813,0.5099597193055346,0.662269322296838,106,4
23.090688697401514,0.9512670565302144,0.036062378167641324,54.52054361567636,5.113587556019036,0.16357007907991206,2,259
13.814733361429377,0.0070140280561122245,0.13326653306613226,16.73867055944402,1.6274363726049903,0.38059913093482184,6,4
7.599240072969606,0.0,0.29910714285714285,8.885006497943433,1.1124357887671514,0.4733871700704401,133,0
0.055817227751898416,0.9966887417218543,0.0033112582781456954,302.0,0.05563852124326937,0.94729396462556,730,215
2.802694118639721,0.0,0.471004243281471,3.213565077809438,0.34972400583106383,0.740892208836629,241,0
0.3847929756438521,0.15369649805447472,0.5223735408560312,3.262593472842154,0.2302432882598077,0.8128473526683577,2,56
9.812039276760022,0.0,0.3604309500489716,2.5119694499788685,0.42545667166547396,0.7015295658419562,5,0
14.594320439871655,0.07453416149068323,0.5279503105590062,3.9870481096708525,0.773810397940841,0.5637581114423884,511,7
0.0012512224941796846,0.9990215264187867,0.0009784735812133072,1022.0,0.0012511735245701123,0.9987503899544349,4,758
2.1063819524124687,0.0446927374301676,0.34413407821229053,3.0464925861434,0.5106498060315348,0.6619667880718114,136,16
2.656200543460259,0.0,0.42392444910807975,3.1758086886947057,0.43069882377161517,0.6989591263965641,71,0
3.918383770698634,0.019,0.44,3.2142384899342535,0.3543364682768468,0.738368952932592,7,3
7.138469719833772,0.0019646365422396855,0.4400785854616896,4.123364258718115,0.6776935521128985,0.5960564125317125,9,2
11.195728708756208,0.000970873786407767,0.34563106796116505,6.497997581615041,1.130392815308756,0.4693970017238679,2,1
3.348744750700332,0.01282051282051282,0.36217948717948717,2.4325501493954,0.3724298030162855,0.7286347161816435,83,5
2.032698035194007,0.03642384105960265,0.4602649006622517,2.0443536366346495,0.36598768661045966,0.7320710206995967,730,9
6.9921858025582075,0.13414634146341464,0.47117516629711753,4.232761018569899,0.7759336426971625,0.5630841017692929,131,15
4.534722435414914,0.007827788649706457,0.42857142857142855,2.12708212004671,0.2624181914180047,0.7921305370898966,3,1
4.011812883225926,0.00392156862745098,0.5,3.361232165243866,0.5300307161404131,0.6535816499962531,3,3
19.213632842855823,0.0009832841691248771,0.3470993117010816,5.819233559620665,0.999905056420919,0.5000237370216091,4,1
4.062299190321696,0.023976023976023976,0.5324675324675324,4.141318515469575,0.3286995204543521,0.7526156099296608,8,7
5.944192376839048,0.020689655172413793,0.367816091954023,3.1403704844917724,0.4184445475711903,0.704997598751608,597,3
1.37332436431911,0.005847953216374269,0.37524366471734893,3.084789013572038,0.4013738129369458,0.7135854764577327,4,1
0.6113593580520246,0.0,0.3717105263157895,1.7099440700755013,0.11906571393196073,0.8936025718153672,730,0
4.532223946816444,0.013605442176870748,0.35471331389698735,3.220840011915062,0.49148671300239016,0.6704719467376157,2,2
3.900940771611605,0.01282051282051282,0.5039447731755424,2.390758740694987,0.28554781353084513,0.777878496213557,5,9
6.707203583673596,0.0,0.3727598566308244,2.622564897084895,0.45355630095178545,0.6879678477849136,730,0
5.528009171600567,0.0,0.3556201550387597,2.7391613003430817,0.42799513143470286,0.7002824995595768,1,0
2.87351765392926,0.20394736842105263,0.3815789473684211,8.359826686519915,0.8323719275391341,0.5457407336200543,730,5
2.44715256706829,0.0009689922480620155,0.4428294573643411,2.5328668998833916,0.25162770380256816,0.798959624305136,1,1
2.575990815962303,0.005859375,0.4697265625,3.335461755003925,0.3012087559415717,0.7685161934499795,2,2
0.24589093345816604,0.0048367593712212815,0.3941958887545345,11.937565217391306,0.18246011841175713,0.8456944842614804,160,1
6.858549438512813,0.0,0.24876604146100692,3.010182640754817,0.5289620766214969,0.6540384586972039,15,0
9.222222688678428,0.29923273657289,0.43478260869565216,4.8742681546175,0.9137565828794014,0.522532493915929,247,234
5.739949280769747,0.0014184397163120568,0.3276595744680851,5.556362539055398,0.6699364845104971,0.5988251704633705,322,1
0.09034344618249811,0.9969040247678018,0.0030959752321981426,537.2673267326734,0.0899683459578647,0.9174578360082555,58,514
6.422079562241527,0.012244897959183673,0.4530612244897959,3.7914547819769893,0.6022297341957461,0.6241302221881179,540,2
0.6723035847583974,0.9444444444444444,0.05555555555555555,33.1650193382037,0.5804230161477911,0.6327419872923986,133,219
0.0,1.0,0.0,0.0,0.0,1.0,841,174
0.0,1.0,0.0,0.0,0.0,1.0,212,758
1.029305989773763,0.004166666666666667,0.45416666666666666,3.3651056775797756,0.30158394074824585,0.7682946667466769,307,1
10.286054832739437,0.013618677042801557,0.17996108949416342,10.539128476960016,1.7109776603495626,0.368870616171384,2,2
3.2201514116508982,0.04446742502585315,0.4043433298862461,3.4066742401172854,0.48269301295233485,0.674448447024649,11,40
4.273673279853711,0.0,0.3190789473684211,2.9177938615675374,0.47634639222251374,0.6773478129984015,730,0
1.1899713421009095,0.010033444816053512,0.3210702341137124,5.180904164289789,0.614001227459398,0.6195782152991925,730,2
6.652096874422738,0.1410459587955626,0.20285261489698891,9.558661215811853,1.1409773536660326,0.46707640241391746,164,72
1.8696533540854032,0.0,0.49122807017543857,2.748403684458411,0.3372113164497111,0.7478249605716729,730,0
0.0020851245050584927,0.9932104752667313,0.006789524733268671,343.66666666666663,0.0020848211848085206,0.9979195162517843,2,620
4.271605025015898,0.3306930693069307,0.3287128712871287,10.309048167368928,1.040821854007748,0.48999867285633414,5,122
2.4142910234189343,0.0,0.39067055393586003,2.9494330892934797,0.3217791347353204,0.7565560491316462,2,0
0.9536069253204617,0.0,0.4410187667560322,2.6272283006548873,0.2570313349215471,0.795525117170139,278,0
5.742952094230536,0.09514370664023786,0.24578790882061446,7.104842509230151,1.0204559429774538,0.4949377903911855,6,50
1.555287534737521,0.812,0.17866666666666667,26.79897060279125,1.0106970254853402,0.49733997082858405,226,104
2.8653440482891934,0.0,0.4793296089385475,1.9683232742085213,0.23021670976152533,0.8128649140149037,134,0
2.461170938820613,0.038894575230296824,0.4953940634595701,2.4491779616648732,0.3711915490721985,0.7292927094515999,17,18
10.390754331026333,0.03235294117647059,0.48823529411764705,2.385321574354555,0.43662732443345553,0.6960747460336363,9,33
2.3391896076272554,0.33163265306122447,0.05782312925170068,58.31559594102463,1.5794626842033763,0.38767763772044384,445,195
8.018274600428493,0.4294117647058823,0.3872549019607843,13.114716439339556,1.178435948623906,0.4590449403076042,13,71
1.5206817882859638,0.0,0.40789473684210525,2.7074239378556095,0.2609507288187931,0.7930523985951132,730,0
0.08083165517125514,0.0009775171065493646,0.5835777126099707,1.0759293973533286,0.03132974279475557,0.9696219923708818,6,1
10.496638378786951,0.5437262357414449,0.3041825095057034,12.235801565487574,1.7233599855301074,0.36719346884482773,242,350
2.1735882671613775,0.5032894736842105,0.23684210526315788,13.422914678079874,1.0508943384974774,0.4875921597855783,730,67
2.613769207426784,0.0,0.4020501138952164,3.8222307269117612,0.38930477572261785,0.7197844688037375,155,0
49.170914628024114,0.11834319526627218,0.4230769230769231,137.32922808841434,3.9768236679981244,0.20093137043013615,14,29
2.711869909651651,0.0,0.39629990262901654,3.1301323334742177,0.339810517216578,0.7463741978063244,3,0
4.158069547455043,0.0,0.4967105263157895,2.160367302913542,0.19181906978131924,0.8390535319958297,730,0
2.551646916949818,0.07115009746588694,0.3060428849902534,6.695931867555789,0.7989202440074685,0.5558890136075696,2,37
2.8053958145682634,0.0508130081300813,0.36585365853658536,2.679744547382057,0.38065019622414653,0.7242964240579093,13,50
0.9493901134810199,0.42105263157894735,0.46900584795321637,11.76672066651238,0.540018326199163,0.6493429220858992,155,130
1.412972163958185,0.0,0.4380841121495327,3.2357105022391295,0.3612573841256993,0.7346149315048706,158,0
5.116450303239628,0.06390977443609022,0.48872180451127817,2.682483214142616,0.4322431087317968,0.6982054889309025,392,21
4.131694757689691,0.0,0.3572984749455338,3.4686805575188715,0.4745746837615596,0.678161649601263,421,0
3.7838556949863764,0.0,0.40194174757281553,3.5531677488168834,0.44514118960682003,0.6919739103637828,2,0
4.3808716651452855,0.014450867052023121,0.2846820809248555,3.773629205300755,0.6318613190297567,0.6127971711435396,326,3
0.8391818113636086,0.08113391984359726,0.21114369501466276,35.05851865563107,0.6126901040023491,0.6200819348480007,4,4
47.64648952362131,0.0012610340479192938,0.35182849936948296,4.924737573748691,0.9857656054990811,0.5035841074247385,225,1
4.7279577741622125,0.0,0.39144736842105265,2.8839711251707127,0.4527896252883492,0.6883309066868648,730,0
0.8587377578266879,0.5764362220058422,0.2035053554040896,30.08097863542384,0.6031072128072272,0.6237885975504306,2,57
3.9361350432115314,0.0,0.34133042529989094,7.020482541968766,0.5261483904230361,0.6552442778665893,106,0
0.6594845015676359,0.9962779156327544,0.0037220843672456576,280.42342064714944,0.6339608900513024,0.6120097525520347,224,304
8.499402779347319,0.0,0.3525954946131244,3.6071709358404744,0.6117424049516382,0.6204465409160752,4,0
10.185066651111745,0.0,0.30977734753146174,4.65698030767172,0.6234692101964024,0.6159648693793355,1,0
5.674087020520217,0.0,0.4186851211072664,3.0376133367541334,0.41484169662733883,0.7067928534929192,730,0
1.9456891515503922,0.9980563654033042,0.001943634596695821,725.0345080763583,1.8025372163509736,0.3568195255947551,2,648
0.0990067224955657,0.9772277227722772,0.02277227722772277,134.93927125506073,0.09804760336561298,0.9107073290219035,11,394
1.8157400700947584,0.0,0.4103448275862069,3.3950034689451285,0.2786188867869263,0.7820938751443952,730,0
2.617019823302537,0.013157894736842105,0.3717105263157895,5.249691629955947,0.7636899700350095,0.5669930753079861,730,4
7.815723423598387,0.0,0.3848684210526316,4.615851806863043,0.6989368541615657,0.58860339485278,730,0
3.057785570064729,0.0,0.3980263157894737,3.3235319071571423,0.47570073860072554,0.6776441685244464,730,0
2.5764780376751717,0.0,0.4085188770571152,2.6661126842091134,0.3440419717887653,0.7440243839030675,1,0
5.032978962166019,0.018285714285714287,0.2502857142857143,10.482054119701484,1.2038677539085332,0.45374773428510484,148,13
1.8458096787165739,0.0,0.45916114790286977,3.5988812776133923,0.40656699696278004,0.7109508485264577,125,0
7.994041628899727,0.0,0.42839352428393523,5.532691234624808,0.6502986905320823,0.6059509140600385,168,0
0.9121152681949036,0.015166835187057633,0.570273003033367,2.871985595634775,0.320949097633219,0.757031441856259,40,15
3.6980319143098597,0.07941176470588235,0.14901960784313725,16.198675496688743,1.4733194877728526,0.40431493179252354,3,28
14.358577781826812,0.1222879684418146,0.4408284023668639,4.2611174318177385,0.9811175392927799,0.5047656083833271,5,8
9.491244299392283,0.0,0.3228655544651619,3.024822010808879,0.4131740405451442,0.7076269244333424,5,0
2.783963261510727,0.009,0.416,3.6186184184210877,0.32752123639848085,0.7532836180556821,6,1
1.9102478263011495,0.0039177277179236044,0.48677766895200786,4.137346112801275,0.3869007934261868,0.721032106074155,3,2
4.063511151103113,0.0,0.35333333333333333,2.0857226536304436,0.3083549000308427,0.7643186110866603,730,0
20.081129652607984,0.01364522417153996,0.38011695906432746,3.794709719799369,0.6872188065411542,0.5926913546263913,3,3
1.5542056691038781,0.004965243296921549,0.4270109235352532,3.1309727003365717,0.30222866725131803,0.7679142881340126,5,4
1.2172659057554707,0.000999000999000999,0.45454545454545453,2.9602439969016263,0.2639809289096638,0.7911511773066234,29,1
6.044466317643512,0.0,0.4324022346368715,2.2952504664921607,0.36922080260354395,0.7303423948120868,136,0
10.011037617458765,0.0,0.3782894736842105,4.534205538576652,0.7725762231977988,0.5641506339264553,730,0
2.2980354272668864,0.00101010101010101,0.43434343434343436,2.6200064275434216,0.2792609366975852,0.7817013490472883,40,1
6.773735625519872,0.0,0.38530066815144765,4.289355586397357,0.7608130668864056,0.5679194565316754,131,0
13.559565288687624,0.8136300417246175,0.16550764951321278,8.228209969611145,1.9588212191271297,0.33797243089090934,315,382
4.651418060054221,0.0017391304347826088,0.41391304347826086,3.014008755044911,0.4159568927918395,0.7062361891740234,459,1
18.518205417723443,0.0,0.4207968901846453,2.1199457692828543,0.3238007983335793,0.7554006624401611,2,0
3.513974250201002,0.0,0.38247011952191234,2.491048242644475,0.34125230664486517,0.7455718771522519,730,0
5.540737559688934,0.0017391304347826088,0.4765217391304348,3.336770915799009,0.44054311393982104,0.6941826248192217,459,1
6.18223310615685,0.03216374269005848,0.5165692007797271,5.337195204095378,0.668510128023689,0.5993370871440118,2,33
8.637798541133511,0.05023364485981308,0.35514018691588783,3.917791325654525,0.5595623030441073,0.6412055472539324,151,20
2.4423812824428612,0.018090452261306532,0.4472361809045226,2.1633882743010173,0.27500714358000933,0.7843093311557183,5,16
4.326177161639691,0.0,0.2979851537645811,6.584296371693499,0.7062186563561347,0.5860913525208065,82,0
0.20682318133955177,0.9769736842105263,0.019736842105263157,104.51420029895367,0.20236971620336586,0.8316909404185812,730,288
3.197482211476328,0.0,0.36427732079905994,2.152140895522388,0.2949335965712503,0.7722403701995368,170,0
3.077027641265621,0.002904162633107454,0.4830590513068732,2.3975910044727695,0.36472231377336034,0.7327497981879338,1,1
112.3115691066223,0.027466937945066123,0.150559511698881,282.54448148597857,8.329411832788216,0.1071878932909254,9,6
4.133140666847904,0.000968054211035818,0.44724104549854793,2.3267683259362655,0.3432537499822232,0.7444609776918427,1,1
4.54743291369935,0.0,0.16225165562913907,13.242912502549462,1.159373883479835,0.46309720037388713,730,0
2.9593369304576433,0.014577259475218658,0.42662779397473277,7.032666651811435,0.7301783512589625,0.5779750967710069,2,12
4.2920166674707545,0.0009718172983479105,0.29640427599611274,5.819250804102276,0.7822395081124358,0.5610918147915467,1,1
3.9053555149886274,0.006024096385542169,0.3413654618473896,3.125857051250431,0.4271991930906155,0.7006730418859677,20,2
4.534175214075782,0.0,0.39303000968054214,2.447378784175909,0.4502241118552419,0.6895485958516581,1,0
0.18025584076739257,0.0019782393669634025,0.4589515331355094,2.4682323238337953,0.09847065419699348,0.9103565909378091,5,2
2.4608432630334995,0.0,0.48819875776397514,6.109616677874917,0.640061915340961,0.6097330781515677,227,0
6.818835835710238,0.007835455435847209,0.38001958863858964,3.000467059235235,0.44808329009948616,0.6905680127910999,4,2
0.9280492605667608,0.0,0.36257309941520466,5.424562143912218,0.34852291377194206,0.7415521010339442,2,0
7.3652562400785495,0.003872216844143272,0.4259438528557599,3.4275646677112963,0.5058329779306198,0.664084274056903,1,2
2.1545821200254367,0.0,0.27149321266968324,8.259970505908974,0.5693154688231349,0.6372205078370397,111,0
9.392276685849643,0.008866995073891626,0.42857142857142855,2.877369390607269,0.35053140797914817,0.7404492735910069,7,3
3.768790296180677,0.057511737089201875,0.48708920187793425,3.0462990321165404,0.42511794073864356,0.701696309767665,158,45
6.002251783989514,0.0,0.4584717607973422,2.5149513087355664,0.4051910001011126,0.7116470287157003,730,0
0.05146407807167129,0.9893203883495145,0.010679611650485437,343.33333333333337,0.05127143684778688,0.9512291164292229,2,290
1.7965764335175527,0.001001001001001001,0.3993993993993994,3.3190812762776423,0.2963844680582265,0.7713761038018587,23,1
0.663759215368515,0.22965440356744704,0.5206243032329989,9.311899597149052,0.35620648538155286,0.7373508464816562,130,169
2.5214732117798175,0.5581395348837209,0.4253875968992248,12.667191817059551,0.9520911618882485,0.5122711579887,1,454
5.191220138472986,0.0,0.35400516795865633,3.0230779968050623,0.47208213928617826,0.6793099198152803,647,0
7.249386382577167,0.49489795918367346,0.34523809523809523,7.25596918069261,1.2177368668561772,0.45091012145980214,445,218
6.411629988781034,0.0,0.48026315789473684,2.0474358495499194,0.3615623297518646,0.7344504016810183,730,0
2.9721303852832435,0.0029154518950437317,0.3974732750242954,3.3546817061340697,0.37420418610065465,0.7276938973949205,2,1
0.0,1.0,0.0,0.0,0.0,1.0,730,29
4.58453893775585,0.0,0.46710526315789475,1.8419340844759857,0.311350160529047,0.7625728276851418,730,0
0.000770115665558828,0.997029702970297,0.0029702970297029703,505.0,0.0007700851671363671,0.9992305074076951,10,736
5.103248363353761,0.006944444444444444,0.3333333333333333,2.9676624276894263,0.473011371810676,0.6788813848536456,5,7
1.6590372509587168,0.0,0.3734567901234568,5.2785823170731705,0.339451392663575,0.7465743105551919,55,0
2.6765860096398026,0.0509683995922528,0.6085626911314985,1.8811771587718071,0.35036325898670406,0.7405414752993115,13,50
4.2804561638639855,0.0,0.45454545454545453,4.479563611940255,0.4599370684863373,0.6849610312565048,222,0
1.9174836490750664,0.010763209393346379,0.4657534246575342,5.563005983808518,0.3919806955544101,0.7184007674773905,5,3
4.30175096077238,0.000975609756097561,0.3921951219512195,3.42630559908476,0.45231004656068236,0.6885582058515469,6,1
0.34929766197185946,0.0,0.6067415730337079,1.1023259768724964,0.07036128477720258,0.9342639856486883,253,0
3.9433582469294017,0.07865168539325842,0.45658835546475995,3.4720368721773354,0.41600236675469193,0.706213508874198,29,66
8.570076548963204,0.060019361084220714,0.38431752178121975,3.899516850962195,0.737574801926149,0.5755147915885248,1,29
0.016993418508880996,0.9909365558912386,0.00906344410876133,545.6043956043956,0.016977859745166895,0.9833055758466352,40,304
6.037446632112046,0.0,0.3806262230919765,3.426357986970271,0.616652737590134,0.6185620305141422,2,0
2.843034422622356,0.0,0.45514950166112955,2.6343928548301125,0.3706951068911675,0.7295568467214201,127,0
10.154915388671489,0.0,0.34328358208955223,3.0641386018795815,0.4956829187030473,0.6685909075348208,443,0
5.254675862294669,0.002997002997002997,0.37462537462537465,3.8789755030202624,0.5880946753425154,0.6296853805547349,6,1
2.77160964283769,0.14689265536723164,0.5570621468926553,2.7885719128217374,0.5132513792189215,0.6608287385246985,71,21
5.257667031713283,0.0,0.3908382066276803,3.416027368923542,0.32229705444668805,0.7562597198845364,3,0
4.667037843692046,0.0,0.42105263157894735,2.307225892494998,0.303944502651601,0.766903804545728,730,0
62.14902022216074,0.0,0.3122866894197952,2.879849444783108,0.33603670904713184,0.74848242808628,329,0
10.869646189914018,0.0009718172983479105,0.3119533527696793,3.9889965066420525,0.6163411396480737,0.6186812767864897,2,1
6.751428965108181,0.0,0.4,2.3099358248235764,0.48432915270694943,0.6737050189820193,669,0
5.363403550251065,0.0,0.41997593261131166,2.3294973725983903,0.28854918039767935,0.7760666144627668,200,0
2.8021520916170806,0.0010277492291880781,0.4090441932168551,2.4389231181355475,0.2765896953137821,0.7833370453097719,54,1
1.2837882950580928,0.0,0.2493368700265252,17.063328539678388,0.6372877572412944,0.610766186687259,262,0
4.635646158713376,0.0,0.4602649006622517,1.4741378397551965,0.1781706433560345,0.8487734825504454,730,0
0.013142408751699069,0.9968017057569296,0.0031982942430703624,533.6896551724137,0.013134287337354009,0.98703598575084,85,329
0.29364974140579025,0.8943731490621916,0.054294175715695954,144.5735472890834,0.2821921281474444,0.7799143186480443,5,124
2.036051369158707,0.05875440658049354,0.481786133960047,2.2414937088717903,0.31911326381788574,0.7580850162219718,158,50
4.064757892957143,0.26174496644295303,0.31543624161073824,5.966123126366533,1.1457386845701258,0.4660399736421486,730,30
2.808052124405611,0.048728813559322036,0.4173728813559322,4.846219361274628,0.5103249316446165,0.6621091786593792,83,8
1.44754674564058,0.0,0.4246575342465753,2.7035070564054493,0.31248857238551414,0.7619113956797731,2,0
1.033264580407901,0.001937984496124031,0.47771317829457366,3.9333015721772266,0.3038996149648468,0.7669302057635473,1,1
1.5282346748629283,0.0010070493454179255,0.5146022155085599,2.358856919719579,0.2567792348315938,0.7956846932898268,40,1
0.0,1.0,0.0,0.0,0.0,1.0,5,623
14.0304221036145,0.14204545454545456,0.5,2.5455450332649407,0.5566950024654628,0.6423865936591431,680,50
0.8908469439878335,0.037525354969574036,0.4462474645030426,2.7350558540121086,0.29479729988756964,0.7723216599902026,14,10
2.4893816742982486,0.0,0.44398340248962653,2.3425933845721474,0.3194948202163607,0.7578658018801677,730,0
3.8861378961613746,0.0,0.4463667820069204,1.7637473719280268,0.26419334890382734,0.7910182416851762,730,0
3.761767618682288,0.0,0.4090909090909091,3.484633372465052,0.549510897059078,0.6453649354115341,127,0
0.7435689921412961,0.09491525423728814,0.45084745762711864,1.7950810982720238,0.2861186365116838,0.7775332474088719,730,26
3.002130148323206,0.001949317738791423,0.3830409356725146,2.5527593987837993,0.2950674525889277,0.7721605527194219,4,1
1.9478162210497956,0.0034602076124567475,0.39215686274509803,3.2891791314924483,0.29620710186505333,0.7714816548691529,144,1
220.20466993013883,0.006741573033707865,0.3258426966292135,4.547166569097414,1.0734459208836862,0.4822889229605795,258,3
1.6713194170731418,0.0,0.6348684210526315,2.0390210765297914,0.08614610332325659,0.9206864499539451,730,0
4.73229241548681,0.0,0.36151603498542273,2.9018231345237986,0.36863365213028987,0.7306557152408839,4,0
7.670376179415254,0.0,0.3770651117589893,5.276169361850113,0.7382895277585988,0.5752781593808651,2,0
5.956287665195119,0.0,0.43812709030100333,1.9458399842647156,0.3187928734898076,0.7582691869980965,730,0
4.807664743756498,0.0,0.435948361469712,2.9261019577202076,0.44467290052260505,0.6921982129229763,24,0
1.9589662610210479,0.002952755905511811,0.3572834645669291,4.284224410713433,0.3681920000439144,0.7308915707502335,5,1
5.15485692918625,0.0,0.4210009813542689,3.4575902529231337,0.41221962115159,0.7081051594401111,3,0
12.75621019179906,0.99706457925636,0.0009784735812133072,1021.7243999901939,9.117249908049205,0.0988410891387004,4,518
3.0488402155985135,0.001941747572815534,0.42524271844660194,5.6909566794576785,0.4345204581207945,0.6970970642760917,2,1
1.199623237614846,0.9117959617428267,0.03719447396386823,65.38052016985138,0.9995090017669295,0.5001227797005756,82,93
4.103199950113129,0.0009775171065493646,0.4056695992179863,2.908658042135731,0.3822971992351212,0.7234334270179661,3,1
3.175314856046016,0.029116465863453816,0.35943775100401604,4.206174322868405,0.5742959968007336,0.635204562567769,16,9
1.0156862095783807,0.20232333010648595,0.462729912875121,5.195788109213398,0.49293805150858006,0.6698201569646661,1,31
3.180060795007003,0.04187946884576098,0.46782431052093976,3.663743971372063,0.35911171585450136,0.7357746889638719,10,14
17.154419565553983,0.0,0.5083251714005876,1.5565298043889366,0.3196752623784265,0.7577621771872258,5,0
24.411936033641705,0.012750455373406194,0.25318761384335153,14.804131185573805,1.8168518314000925,0.35500624805776826,485,4
4.791985672043221,0.07079646017699115,0.464110127826942,4.77084759167161,0.702773982090932,0.5872770024193368,7,6
2.7685036894909927,0.035940803382663845,0.4682875264270613,2.6576638881811236,0.37467553787213265,0.7274443841111082,18,5
0.5099657590595169,0.0,0.4818791946308725,2.7377684065579415,0.19923149033762821,0.833867362604415,278,0
1.3862733900384334,0.16666666666666666,0.39,4.472628625750655,0.568696436450013,0.6374719651069121,730,11
3.0575369636552967,0.031914893617021274,0.5127659574468085,5.020316187299277,0.4780333591973765,0.6765747158393196,91,10
0.2838692274537238,0.08422071636011616,0.24878993223620524,11.493256911665545,0.2421524343989039,0.8050541723439241,1,5
3.672769943674669,0.0,0.410958904109589,3.3459100942279596,0.42177361162137245,0.7033468562267187,669,0
6.11663094323476,0.01264367816091954,0.4908045977011494,2.650417668346667,0.4534667782933087,0.6880102214473874,162,3
10.972735569586135,0.0,0.45048543689320386,2.834748283727741,0.4747777277411648,0.6780682818770559,2,0
4.315263856316456,0.0,0.46153846153846156,5.487188670661233,0.6852023516425847,0.5934005486197484,445,0
2.198080302854493,0.0022099447513812156,0.3878453038674033,4.335085166417988,0.5506396081766565,0.6448951740474793,126,2
0.023620468045953982,0.7577639751552795,0.2422360248447205,43.513513513513516,0.023458733917701504,0.9770789645539457,472,73
6.269977604818966,0.0009746588693957114,0.28654970760233917,3.497570631941811,0.5031179580693854,0.6652837820422335,2,1
3.2814320810428654,0.0,0.4357142857142857,2.4971072348901924,0.29309498016113694,0.7733383976754644,177,0
0.5695617849923521,0.9305835010060363,0.060362173038229376,50.17091836734693,0.5129234745618595,0.6609719637601622,9,131
1.591172761862085,0.0009784735812133072,0.5450097847358122,1.5620687180079011,0.2000891520305159,0.8332714268002749,5,1
0.9757766116150796,0.7571008814887366,0.14985308521057786,38.2301142015837,0.7830386623220726,0.560840334610405,3,91
9.596243205847458,0.0,0.4898354307841239,3.383192090719951,0.7034385411702895,0.587047889214121,1,0
1.779770806444202,0.018475750577367205,0.3418013856812933,4.967951900270287,0.5753411916759413,0.6347831220842647,597,1
1.6193984406113604,0.00202020202020202,0.5737373737373738,1.8663088103830743,0.27534735305320873,0.7841001101433102,41,1
3.9721667362861406,0.046052631578947366,0.4309210526315789,7.055446836268755,0.8219693194591083,0.5488566625791877,730,14
0.4619798023496567,0.0,0.47996089931573804,1.7813575204900836,0.19266736424715394,0.8384567482746783,5,0
2.879333384500716,0.930921052631579,0.03618421052631579,71.92877621850006,2.005125186439313,0.33276483938589974,730,249
2.207701569913557,0.03414634146341464,0.4507317073170732,3.366152910669776,0.45214114919985376,0.6886382914987371,5,12
5.13489160650403,0.0,0.3222094361334868,4.054985030716787,0.6011813944848179,0.6245388582733009,155,0
2.0444825183902267,0.0039100684261974585,0.458455522971652,2.510322271679369,0.32626858568652745,0.753995088771828,5,3
5.117945050688936,0.0,0.3540856031128405,4.111049804526312,0.5532355038410494,0.6438173718840869,1,0
1.5792777772081223,0.7854330708661418,0.18110236220472442,8.454709091412587,0.9230973188914248,0.5199944850302496,7,79
4.303656899841217,0.02182952182952183,0.4625779625779626,6.516932031084012,0.47434626722432277,0.6782667153779617,11,4
0.0011470786693528027,0.9967105263157895,0.003289473684210526,304.0,0.0011470032086153938,0.9988543109004578,730,258
0.33327849746316646,0.9177153920619555,0.031945788964181994,87.3900020238818,0.31806495494262893,0.7586879510376837,1,117
4.248955873105457,0.0,0.3122568093385214,6.075371076439563,0.6936376789985927,0.5904450594127523,2,0
0.026343148584501985,0.7994011976047904,0.20059880239520958,66.2627345844504,0.02619686965662889,0.9744718869924107,346,22
107.74070583931737,0.0009794319294809011,0.10675808031341821,234.28082036573963,6.845507125771452,0.1274614864238836,4,1
0.0,1.0,0.0,0.0,0.0,1.0,326,194
8.527950647849664,0.13218390804597702,0.3931034482758621,4.246125763365279,0.7906946352110196,0.5584425062412485,161,25
5.424804730349686,0.0,0.37623762376237624,2.780603607577582,0.44932857865592396,0.6899746646322108,730,0
2.950597385799477,0.0,0.3274725274725275,5.076017729451458,0.63393182948987,0.6120206375514515,118,0
0.01035811953947668,0.9990147783251232,0.0009852216748768472,1015.0,0.010354752969545696,0.9897513690719898,4,236
7.208416854471401,0.15891472868217055,0.5164728682170543,3.2945293897287735,0.5883467871302697,0.6295854331702591,1,149
8.411594035387326,0.004868549172346641,0.34469328140214217,3.6910302613742134,0.5684156447148702,0.6375860910146651,2,2
5.5756024905603425,0.005825242718446602,0.41067961165048544,2.7903971620026375,0.4566470209354002,0.6865081146136832,1,2
5.559092648048542,0.003872216844143272,0.3814133591481123,4.0423808199753966,0.5327335503617685,0.6524291190494079,1,3
1.2404132675162904,0.0009950248756218905,0.33134328358208953,5.382820139996912,0.303044343660085,0.767433591086492,24,1
13.248145486518967,0.0,0.37733887733887733,3.1837011793824854,0.4966007111944847,0.6681808932202553,65,0
2.251808467537569,0.001072961373390558,0.39914163090128757,3.3185609961701577,0.33407440704367725,0.7495833775988631,101,1
2.585197933785396,0.0,0.4423320659062104,3.2498897036451044,0.3372800219851771,0.7477865395128773,242,0
123.372179359155,0.0,0.5165562913907285,1.7189256859993605,0.42381402803372564,0.7023389152732193,730,0
6.786953246269646,0.16456921587608905,0.5237173281703775,3.3170358977284446,0.6908442861981905,0.5914205158704875,1,134
3.57226152103395,0.018830525272547076,0.40733399405351833,3.1794867124460393,0.34851601498749835,0.741555894691596,6,4
10.38016685425536,0.7664473684210527,0.23026315789473684,9.733346619500772,1.652408112193472,0.3770158880916053,730,132
161.1104596215731,0.17763157894736842,0.4243421052631579,2.76816789310171,0.7027434711067224,0.5872875256717536,730,54
2.919125854839644,0.01376597836774828,0.37168141592920356,6.676693772392415,0.7425738870142269,0.5738637583473875,4,5
1.5256363087254974,0.0,0.3388671875,8.846503845345095,0.4793403167477945,0.675976980197779,4,0
0.6587511873552996,0.35374149659863946,0.4884353741496599,3.6240110079119368,0.3848029204664737,0.7221244158433374,278,54
0.0,1.0,0.0,0.0,0.0,1.0,2,627
1.3057024196715836,0.7876569037656904,0.17677824267782427,47.50437193431436,0.9377452920893938,0.5160636973715672,70,181
0.6982284207356554,0.6973684210526315,0.1513157894736842,13.50030754090294,0.5509134415729431,0.6447813096427842,730,48
2.6800200706674775,0.0,0.49169435215946844,2.1227068104508935,0.2148155359219521,0.8231702430781612,730,0
8.137927315220598,0.010816125860373648,0.4277286135693215,2.7984671082151795,0.37831066162784094,0.7255258395947974,3,3
0.45562864787773005,0.7006802721088435,0.24489795918367346,12.33732987686325,0.3674654972773178,0.7312798765241556,2,448
3.706721451964034,0.0,0.46382189239332094,2.4027396908649874,0.38318575495276436,0.7229686948548352,281,0
0.5187606517052158,0.7375609756097561,0.19609756097560976,18.57697669786895,0.43376759446407864,0.697463106197337,4,80
4.055008264694938,0.0,0.400390625,2.580378996816086,0.29300888010926396,0.7733898934363825,6,0
3.726793250682341,0.0,0.44271844660194176,5.172530453702549,0.6665029401443596,0.6000589473387762,3,0
3.7972660350094416,0.03088803088803089,0.25096525096525096,11.181713085999787,0.9722526622913572,0.5070344277483205,730,5
1.0681769290922525,0.849112426035503,0.1203155818540434,25.612908977444953,0.8020165760339013,0.554933852051973,9,91
754.7237689866402,0.2894736842105263,0.6729323308270677,2.137732096627634,0.7163847939035807,0.5826199367134313,685,62
3.000588451270117,0.35344827586206895,0.3793103448275862,8.162806655583237,0.8984116598896784,0.5267561410037445,101,94
6.146859854931294,0.003898635477582846,0.4015594541910331,2.853388882088587,0.4275458963234402,0.7005028717993871,2,2
0.9545041624367514,0.0,0.4440789473684211,1.8843398387495227,0.24291297518774796,0.8045615581806483,730,0
1.2976176095590015,0.013605442176870748,0.369290573372206,2.417346417553437,0.24396879246710004,0.8038786873557743,2,2
2.024916320545576,0.6293359762140733,0.24083250743310208,16.76596166120122,1.0653897647389563,0.4841701150418887,7,275
0.8809777780141639,0.009146341463414634,0.4136178861788618,5.426902391417298,0.226191157140977,0.8155335276855439,9,2
4.741040293831783,0.19571567672833495,0.33787731256085685,8.118184565177978,1.1228319301183565,0.47106885185406366,3,34
3.072540098639568,0.0,0.43333333333333335,2.132579481055833,0.2766774613517684,0.7832831942855657,731,0
6.645818877862936,0.0,0.3418994413407821,4.438948144786111,0.6126913778005075,0.6200814450709499,136,0
20.44838506679835,0.4968944099378882,0.4782608695652174,3.4068447187414765,1.0275474170017869,0.49320671448401376,871,20
268.5789492261708,0.0009832841691248771,0.39626352015732547,69.40319769400237,2.157616443309932,0.31669457578316973,6,1
2.3082506641034537,0.18866080156402737,0.4662756598240469,9.456332880122899,0.7180993423322042,0.5820385209172872,4,52
3.8486218920994593,0.6764418377321603,0.2981427174975562,11.06264709324249,1.1822498267730106,0.45824267585290374,6,445
8.36173069695781,0.0,0.37749120750293086,4.286528396702613,0.43379283595218754,0.6974508275708436,175,0
2.494635570663765,0.0,0.4356243949661181,1.815393218037305,0.19745658831329893,0.8351033430018284,1,0
6.156124380327326,0.002079002079002079,0.3804573804573805,2.3442469944753626,0.33503722254389723,0.7490427855595757,46,1
2.3389951843428705,0.025870646766169153,0.481592039800995,2.7857219498506085,0.2840891705901259,0.7787621162947993,7,9
2.334934297072038,0.17967781908302355,0.45229244114002476,6.365646510884579,0.7363334314452934,0.5759262488931158,224,26
0.0,1.0,0.0,0.0,0.0,1.0,171,739
4.330224076641158,0.30932703659976385,0.4935064935064935,5.527721642376549,0.8707987390227311,0.5345310423516645,129,38
1.3157036305034242,0.003484320557491289,0.7282229965156795,2.095545864642837,0.20029117109541913,0.833131180234686,449,1
7.907619677497456,0.008781558726673985,0.3885839736553238,4.722979303412465,0.8749980597791058,0.5333338852189587,107,2
2.360879076601649,0.020588235294117647,0.46862745098039216,2.716767685638656,0.28987333695263406,0.7752699209695513,2,5
2.067320282324949,0.16738197424892703,0.5439914163090128,5.334524259810332,0.6162874205954036,0.6187018393248539,101,92
3.2379840504103563,0.0,0.3977389516957862,3.3194948318950734,0.45719703455786387,0.6862489946690122,55,0
1.4461690739180464,0.08906098741529525,0.46563407550822844,4.956229226975448,0.5154197672361793,0.6598831700762349,1,7
19.362099897150436,0.0,0.4371957156767283,3.5611793085044754,0.7225302047250717,0.5805413439235495,6,0
7.315775208748314,0.0,0.4853515625,2.3652313744633804,0.42229172287326733,0.7030906416159356,2,0
3.142302539704724,0.0,0.49443207126948774,1.7665297965683597,0.19665793514921148,0.8356606935258486,131,0
8.853444007557348,0.0,0.44124168514412415,2.34142773436344,0.3770995260319597,0.7261639272227823,129,0
8.275976424982625,0.0,0.34210526315789475,2.7314771999338205,0.5013284619573969,0.6660767615743616,730,0
0.7653804332029683,0.05263157894736842,0.631578947368421,2.724655789701324,0.32308434354902643,0.7558097145323414,730,12
2.825647807248105,0.001976284584980237,0.43379446640316205,2.4935690203862997,0.31963734312534103,0.7577839511813653,4,1
2.4057242531031364,0.003956478733926805,0.4856577645895153,1.9635226410597946,0.2508130915889488,0.7994799596554168,9,2
5.209296233803764,0.0010504201680672268,0.3865546218487395,3.2764394202623612,0.4656192418629825,0.6823054524917924,52,1
1.394303533247028,0.008097165991902834,0.2975708502024291,6.0099808061420354,0.41016864148161075,0.7091350428480226,26,4
5.756577559906263,0.0,0.36689254598257504,2.8993227963691126,0.4166365126375993,0.7058973781059233,1,0
1.6478635194616533,0.0,0.4303534303534304,3.2644380013051486,0.2259808987551031,0.8156733934561536,65,0
1.3417643664290895,0.0514018691588785,0.48014018691588783,3.3548558522651786,0.322108942279063,0.7563673219516928,32,18
4.236138696690969,0.0,0.4267701260911736,2.9469810477168865,0.34252001388823977,0.7448678527359717,2,0
14.824264914003312,0.0,0.39862542955326463,3.405001087609325,0.5675677465328393,0.637930961651775,730,0
1.3430787099428882,0.02327935222672065,0.5080971659919028,3.1315557375500047,0.3761485377189983,0.7266657432616437,6,6
1.2864346073866437,0.0,0.49834983498349833,1.5396262968722119,0.14671728736652928,0.8720545255723231,730,0
6.220467268818877,0.0,0.3083645443196005,3.4116976991422483,0.3982300205264545,0.7151899081836942,227,0
0.5622858063999677,0.01644736842105263,0.33881578947368424,6.089102901307005,0.3101534758506889,0.763269356172715,730,2
0.7659668337212435,0.0,0.4248302618816683,4.513960261952025,0.3744378090555044,0.7275702060955286,2,0
7.638317304294502,0.01775147928994083,0.43096646942800787,2.6454482854491914,0.39570343734984076,0.7164845863665696,7,12
2.203972215456364,0.0,0.44616876818622697,3.4187798034554007,0.3684765433439621,0.7307395986170392,2,0
2.500235300222961,0.0,0.31470588235294117,4.103303716213691,0.506545743971664,0.6637700873016497,443,0
23.947064680728126,0.002997002997002997,0.4435564435564436,2.283338940376207,0.2622842113583293,0.7922146145866086,7,3
5.895899591950182,0.0,0.3446601941747573,5.49648862466861,0.7030198179129843,0.5871922272903902,3,0
1.122351709171389,0.03917525773195876,0.48556701030927835,3.862698475792638,0.2912983988334611,0.774414342109759,18,16
4.921142684920833,0.08045977011494253,0.26959247648902823,8.723136374968835,1.306657552304561,0.43352772456445,15,51
2.959647337463488,0.038702928870292884,0.2834728033472803,21.854569607328024,0.9515590775107432,0.512410826566174,70,16
5.103153583635921,0.0,0.2631578947368421,6.116746744352894,0.7236219795069314,0.580173618049397,730,0
3.0986092857852627,0.0,0.2962245885769603,4.890133590293899,0.474852708113515,0.6780338094094159,1,0
1.4210678747052061,0.002004008016032064,0.44488977955911824,2.020502602995051,0.19638663716569674,0.835850191681389,5,1
1.64856410420488,0.9140893470790378,0.06529209621993128,29.794226540099658,1.167960902567589,0.4612629309023361,129,150
3.429670321647611,0.0,0.5623781676413255,3.203982237935387,0.32173708810821683,0.7565801164218563,4,0
8.720339491613759,0.012584704743465635,0.43272023233301066,6.032091556306627,0.763983853307829,0.5668986131164389,1,12
2.2348267555795993,0.004945598417408506,0.2987141444114738,3.458582934305692,0.45151714412574145,0.6889343360820631,5,4
8.095941163226575,0.011547344110854504,0.4745958429561201,4.293150837131663,0.8320439297908955,0.5458384396460063,151,4
3.759142017616334,0.001,0.439,2.507418654939213,0.31442810103277524,0.760787143255898,4,1
0.6185337579177574,0.0,0.3355263157894737,3.189234164164526,0.3239568292593392,0.7553116369809654,730,0
2.765147647393041,0.0035460992907801418,0.4657210401891253,2.8997560498903314,0.36714025564439634,0.7314538474537522,184,2
3.045650520205273,0.0009775171065493646,0.4496578690127077,8.288104926010186,0.4553306992204846,0.6871290494563385,2,1
4.5402707253501395,0.015706806282722512,0.45549738219895286,2.1198791734531395,0.2954223771447034,0.7719489933500635,647,4
8.00768869205306,0.0,0.3864077669902913,2.5703738793897086,0.35238181989450024,0.7394361453912552,2,0
0.19226819068857828,0.005819592628516004,0.492725509214355,2.356114630836879,0.09856279347049468,0.9102802370002695,2,1
0.06871337408232618,0.9792387543252595,0.020761245674740483,149.9090909090909,0.06827161656338661,0.9360915187627887,730,169
2.567090209954136,0.0,0.37333333333333335,3.8623775813373435,0.4630532802129939,0.6835021072195117,730,0
1.193203803097853,0.001943634596695821,0.358600583090379,4.685217106148258,0.3603184429291606,0.7351219894120598,2,1
1.5826555129553992,0.0,0.44240077444336884,2.536506361281856,0.3058251499553721,0.7657993109063461,1,0
1.2826229946231456,0.0,0.44820295983086683,1.916177827883323,0.1638906774805221,0.8591872238075685,323,0
2.5776257317963105,0.0,0.3013698630136986,3.496734059097978,0.35971454486929966,0.7354484834874833,730,0
0.31600335356331655,0.125,0.33223684210526316,6.261225534092363,0.2513672435911982,0.7991259201656745,730,4
15.262319907459661,0.02208835341365462,0.3192771084337349,5.898720063310159,0.967953892812513,0.5081419862793859,5,21
3.074101178012585,0.0,0.553041018387553,2.5622240402225116,0.29300164780246324,0.7733942193341843,241,0
2.478430942471249,0.0,0.4868421052631579,2.1535588451339005,0.39438605464309406,0.7171615039250799,730,0
3.1971060244116627,0.0,0.3136094674556213,3.8985845846754072,0.5142292124691364,0.6604019997536419,443,0
4.41633563530779,0.010752688172043012,0.3098729227761486,5.206655624152989,0.7965709319815697,0.5566159299354948,7,3
8.065245595522558,0.6284313725490196,0.20294117647058824,9.627348043433004,1.6430656737762235,0.3783485253210797,3,42
2.034093436797386,0.002014098690835851,0.46424974823766363,2.1204755023777335,0.20136085689588942,0.8323893643279079,29,2
2.9139676880671255,0.0009823182711198428,0.3762278978388998,5.9417622915185015,0.5390147393075082,0.6497663566561799,5,1
0.689736048982462,0.23026315789473684,0.4375,5.90989508331619,0.42067201446647234,0.7038922353767529,730,11
7.292095982327903,0.0,0.2062937062937063,8.324172343664914,0.9999422010038933,0.5000144501666292,730,0
1.6052320648272886,0.06291390728476821,0.2814569536423841,12.9677012209552,0.7105052253071817,0.5846225929069668,125,30
5.4621085575354495,0.0,0.46466602129719264,4.11413334644757,0.3903792457575499,0.7192282271554973,1,0
2.8580581186434753,0.0,0.4575342465753425,5.637946029373936,0.5221856764668418,0.6569500787322533,669,0
0.8862786153438068,0.03229061553985873,0.5176589303733602,2.597464449958247,0.25138805710834666,0.7991126288281484,8,12
0.8421902690995593,0.10855263157894737,0.40789473684210525,5.813106287947519,0.4335159365475736,0.6975855478861036,730,30
5.106210161631466,0.0,0.4068292682926829,2.804748726278291,0.39568271506046554,0.7164952243151315,2,0
1.1660844787601927,0.02014098690835851,0.4692849949647533,2.019479807395149,0.2313363848771859,0.8121257621244908,29,20
1.162968369548987,0.0,0.46353646353646355,2.2883024812918475,0.25133617125171065,0.7991457635238824,14,0
1.9342119275007859,0.0419921875,0.4365234375,2.8681159086193784,0.3179451597502207,0.7587569123054572,3,39
4.603111298899974,0.0,0.3077679449360865,2.8301038337072413,0.3572044377333952,0.7368086724429328,5,0
4.1842271069387476,0.0,0.4417879417879418,2.492499325436336,0.2951725306907217,0.7720979068840313,65,0
5.374944099627747,0.0009727626459143969,0.47568093385214005,5.729006878342819,0.70839188490449,0.5853457914639453,5,1
1.0354111525175582,0.024721878862793572,0.5030902348578492,2.722197215109543,0.38705259863444397,0.7209531931121445,160,18
25.602269507284262,0.001148105625717566,0.17795637198622274,12.872667407140966,2.028960710281166,0.3301462434311913,149,1
1.5520584030217681,0.0,0.4375,2.5932523767341613,0.27152469918030114,0.7864573929587513,730,0
8.814119811969501,0.0,0.5493421052631579,2.1033878079252406,0.35996684760290937,0.7353120421741233,730,0
2.251457327874185,0.0,0.3972602739726027,3.789088220867988,0.32290934378638103,0.7559096960777659,79,0
14.047083502469697,0.0,0.41960183767228176,2.3597878376496038,0.3894292695700838,0.7197199756051053,223,0
0.30675141180542903,0.03143893591293833,0.44014510278113667,5.465285274216055,0.21020990674844411,0.8263029367250596,171,2
3.8686693807954,0.0,0.44803695150115475,2.880977943186083,0.3935440074812983,0.7175948478350586,142,0
0.0,1.0,0.0,0.0,0.0,1.0,148,254
0.08338520202799303,0.9766949152542372,0.023305084745762712,45.70283806343907,0.08234024845124942,0.9239238783099193,83,371
4.92573750751091,0.009072580645161291,0.45564516129032256,4.6722030997578665,0.34847483837604504,0.7415785386135125,8,1
1.984545336136254,0.0,0.41837732160312807,3.519975350011595,0.23339647234882813,0.8107693044521541,5,0
0.0035089467092054584,0.9963768115942029,0.0036231884057971015,690.0,0.0035084382398953284,0.9965038278641195,157,136
1.3166360624484406,0.001122334455667789,0.4624017957351291,2.4334282099936746,0.1950834683045911,0.8367616375939442,133,1
0.29664892759427713,0.049342105263157895,0.5526315789473685,2.0414980628497634,0.16815452916028392,0.8560511259746088,730,14
69.6802888387667,0.002008032128514056,0.10240963855421686,289.0407562643449,8.079184426316548,0.11014205164744109,4,1
10.760003659294055,0.34110787172011664,0.5121477162293488,3.5711003172662066,0.8944149986318528,0.5278674423092091,1,106
2.225902977461439,0.04408602150537634,0.4204301075268817,7.930193485447942,0.7990804291837528,0.5558395187777694,90,17
1.8268987128102887,0.011881188118811881,0.3198019801980198,5.532036286871684,0.4430323468107912,0.6929851587943086,4,2
1.755405193080375,0.0,0.5364891518737672,2.479780865606574,0.3133973279568387,0.761384219926525,8,0
0.1452121463972802,0.8204225352112676,0.16549295774647887,51.04016064257029,0.14029204509738596,0.8769683207906582,730,51
0.9933580419423098,0.12532637075718014,0.5509138381201044,6.356762202720259,0.4010056653866432,0.7137729880085992,265,32
0.06620687087936995,0.012658227848101266,0.43037974683544306,3.964073634204275,0.06027663592879059,0.9431500856604382,3,2
0.7025408836042822,0.1539980256663376,0.40078973346495556,4.504299132485039,0.3968316512811702,0.7159058853533299,7,50
4.6403131010416905,0.0,0.40789473684210525,4.521177656322978,0.5139410745912875,0.6605276894742855,730,0
8.102061061752323,0.013605442176870748,0.2575315840621963,6.055996507551056,0.9973586669071001,0.5006612065065384,2,2
6.05711384819737,0.0,0.38961038961038963,2.2056725607655285,0.34233900239898307,0.7449682965427017,322,0
5.829693613278268,0.04827586206896552,0.2747126436781609,8.489071786483505,1.0301757660156954,0.4925681887940874,154,18
2.1475169431324574,0.0,0.4053156146179402,1.888805962820752,0.27652167584246784,0.78337878543271,730,0
3.8311342386387057,0.011940298507462687,0.5238805970149254,3.441472928694024,0.6625009523520281,0.60150341483128,357,3
11.77773015775473,0.008319467554076539,0.40099833610648916,3.4511369594821444,0.6317351816743831,0.612844541951877,409,3
2.281108107049392,0.0028530670470756064,0.3880171184022825,3.3237491413739226,0.40065163914110347,0.7139534000140193,324,2
4.809643060215572,0.01085883514313919,0.40078973346495556,3.248118385164981,0.41265363193774274,0.7078876076850459,5,2
2.0624539622539273,0.2887323943661972,0.4678068410462777,5.64149303011654,0.6740621817991845,0.5973493761893948,5,68
2.682205557039677,0.15621301775147928,0.5621301775147929,2.767874271025169,0.4519153013013389,0.6887454103581034,188,131
1.8113195764321814,0.0,0.4816870144284129,2.237355635205098,0.29160699113303246,0.7742293181014552,132,0
3.494397078818203,0.000968054211035818,0.41626331074540174,2.20795150291267,0.2610282137173818,0.7930036688490122,1,1
7.069090843581409,0.03890641430073607,0.5120925341745531,2.6185081858165464,0.5156334671175049,0.6597901284812889,71,8
7.360975729508001,0.0025974025974025974,0.39090909090909093,6.333976387066903,0.9520208464997919,0.5122896109399242,254,1
28.31203409635951,0.060995184590690206,0.47191011235955055,29.84993700830055,1.2348766195773715,0.4474519941011804,409,8
2.9992850487334235,0.0019569471624266144,0.4471624266144814,2.0779578717049043,0.19786641413032982,0.834817629247929,3,2
6.650456243548335,0.0,0.41776315789473684,4.43170157010416,0.5135383090261054,0.6607034615750529,730,0
13.042076017617743,0.0,0.5747863247863247,3.09907380406143,0.7427240728555077,0.5738143034665659,323,0
1.5738883504527292,0.0,0.4342105263157895,3.2659162034658324,0.30119610367861666,0.7685236661659961,730,0
6.62692070439323,0.0009794319294809011,0.1831537708129285,17.77270156475837,1.3116687873296438,0.43258792327042833,7,1
0.0,1.0,0.0,0.0,0.0,1.0,18,369
0.9849077319986275,0.4060077519379845,0.31589147286821706,11.64168360715833,0.6227558784311295,0.616235635496076,1,49
0.49610381290836014,0.0,0.35526315789473684,1.2055510032382313,0.058317534491626986,0.9448959952084321,730,0
1.0301092453126743,0.006389776357827476,0.4802981895633653,3.0649840417610816,0.28253001403448447,0.7797088481806962,78,3
11.829443898131082,0.0,0.3881578947368421,2.470583923644379,0.4526854025196058,0.688380290918841,730,0
0.8227260160856116,0.0,0.49830508474576274,1.2634382467469336,0.10790161193666299,0.9026072254303829,730,0
5.131744705678273,0.005549389567147614,0.3806881243063263,3.4519310070574325,0.6279055717739507,0.6142862444473892,90,1
0.0,1.0,0.0,0.0,0.0,1.0,8,615
2.361435732305623,0.007782101167315175,0.4163424124513619,2.690624813153961,0.31453173526952327,0.7607271647914734,1,1
6.548137794845783,0.0,0.14285714285714285,10.807406764207876,1.3568233753819436,0.4242999328865454,730,0
15.425652914257435,0.21901709401709402,0.6356837606837606,2.894566533658904,0.6116972920834931,0.6204639077771656,58,50
11.744999607317869,0.22135922330097088,0.47378640776699027,3.3981004989936996,0.7153978835867976,0.5829551321988681,2,95
6.173342946081347,0.0009718172983479105,0.41205053449951407,3.6991569121423042,0.47329664788971354,0.6787499322912034,1,1
12.181406209691259,0.06937561942517344,0.4578790882061447,3.631207084607255,0.657144782346727,0.6034475748002376,13,50
16.56917055814366,0.13142857142857142,0.4057142857142857,3.048965093635572,0.6923330020844787,0.5909002535365564,680,46
5.117869615363509,0.0,0.5,1.8151449399790827,0.23186425881440023,0.811777752982657,730,0
11.78113426604945,0.06140350877192982,0.297270955165692,5.7674556213017745,0.9552874969941781,0.5114337413486655,2,61
0.48651883349452585,0.32781456953642385,0.6423841059602649,20.36127719119705,0.38603475398793197,0.721482630304021,730,62
0.8205124380848609,0.016091954022988506,0.42758620689655175,4.745490235895353,0.27010762031989655,0.7873348557251661,597,1
1.6304684335564774,0.882865440464666,0.07744433688286544,41.90289976488393,1.2004546530465074,0.4544515373745649,1,440
11.306710985193083,0.0,0.4362745098039216,2.8385362660533984,0.4285064940020898,0.7000318193853007,408,0
6.585862830391419,0.03289473684210526,0.34210526315789475,2.762702180422563,0.5489829254849946,0.6455849083597193,730,7
3.8556573629065474,0.0273972602739726,0.336986301369863,2.7187433141879103,0.41353303188542667,0.7074472102474748,669,9
5.735713861335485,0.03925417075564279,0.48086359175662413,2.04941646768809,0.3772492483470424,0.7260849851253778,4,16
4.062690113409595,0.019398642095053348,0.38409311348205627,2.3263212047142616,0.4908062167499544,0.6707779916427092,2,4
0.009065938751190293,0.9802631578947368,0.019736842105263157,121.6,0.009057000921333713,0.9910242920736251,730,147
7.488070283121845,0.0,0.39035769828926903,2.4083317408752154,0.3576116186712825,0.7365876854963255,202,0
1.430306834533547,0.38001958863858964,0.49559255631733595,4.050494656011809,0.6009494736997241,0.6246293317983632,5,275
12.51459268945017,0.0048449612403100775,0.3682170542635659,5.866335684480114,1.0918917713685212,0.478036203252426,1,2
1.8110071122073268,0.0,0.48355263157894735,2.0319137694177325,0.25063560143450214,0.7995934218192585,730,0
7.9083669838017965,0.0,0.48355263157894735,2.5577594919823055,0.2787422522137174,0.7820184233912911,730,0
2.579935406230425,0.0,0.33223684210526316,2.5579114987546756,0.22486255766176572,0.8164181309525673,730,0
3.2171954622562104,0.0,0.4176356589147287,3.8354289695196737,0.42526769773099016,0.7016225805103059,1,0
8.075004970230435,0.4155972359328727,0.3770977295162882,8.906191129312049,1.1390857818413451,0.467489433331276,8,121
3.4371818618669594,0.2670157068062827,0.12984293193717278,148.64176264911558,2.133660512001083,0.31911561452501536,44,117
1.9113105448873595,0.0,0.4046920821114369,5.750847742725014,0.3815110208094268,0.7238451122989236,2,0
8.29930245350852,0.0027397260273972603,0.3972602739726027,2.5118861108373465,0.4846777123162182,0.6735468524276009,669,1
2.9217701749618303,0.013618677042801557,0.42120622568093385,2.484621635706777,0.2978299930054459,0.7705169439675631,2,2
1.8731944094226207,0.004945598417408506,0.4352126607319486,5.11238347732883,0.3189782768509553,0.7581626002116486,10,2
1.329333242783824,0.2925170068027211,0.34207968901846453,12.1200624715299,0.701112190969111,0.5878507045618828,1,221
5.044111913210442,0.012702078521939953,0.36143187066974597,2.867061531828645,0.3250783200921789,0.7546723728227891,160,2
2.5928837820993516,0.015197568389057751,0.4194528875379939,4.4594441314696,0.4077238013574021,0.7103666209491855,26,14
2.808768025825979,0.0029154518950437317,0.3304178814382896,2.8317779258405262,0.3749712693649892,0.7272879239591935,1,1
7.123255105417467,0.0,0.40131578947368424,2.0360961578908476,0.2949925555455988,0.7722052113100263,730,0
2.840332971319177,0.050595238095238096,0.35714285714285715,8.919751176363889,0.7495636056606871,0.5715711030822285,6,3
0.15200104913084322,0.0,0.38741721854304634,2.4935064935064934,0.08587629894397922,0.9209152101141775,730,0
4.220314806908929,0.05503512880562061,0.265807962529274,5.2760598884950305,0.8340794020749821,0.5452326648828028,158,27
1.4270536237074385,0.001976284584980237,0.4318181818181818,3.6377136122569236,0.34090557023627405,0.745764669934062,7,2
7.337326651162592,0.03111111111111111,0.3811111111111111,3.1304506860032313,0.5195409431967999,0.6580934883506375,132,11
1.3705675189327404,0.8717105263157895,0.0625,107.30729550478998,1.1629243210772386,0.46233702689234757,730,58
1.6813851447767973,0.0,0.4058252427184466,2.7214785473745002,0.31906428519686525,0.7581131649324838,2,0
0.0,1.0,0.0,0.0,0.0,1.0,730,187
5.525177874629145,0.0,0.4375,2.6737795395961053,0.4098656617734392,0.7092874357561996,730,0
4.561317033885284,0.0,0.4866666666666667,1.7080504665364704,0.32806733751584366,0.7529738679293965,730,0
9.066111189841717,0.31494252873563217,0.5172413793103449,4.443836594607668,0.8256845431304546,0.547739752610999,584,21
2.5710225413228964,0.0,0.46080760095011875,2.735652333079891,0.23116756007640218,0.8122371254956906,184,0
0.45503499532651204,0.000970873786407767,0.48640776699029126,1.914793093885768,0.15742194003422857,0.8639891515884233,2,1
1.3814214019713242,0.0,0.6308724832214765,1.305782110835044,0.12626787530594516,0.8878882386025215,730,0
2.9270921967501033,0.2366565961732125,0.41289023162134947,6.022185012730234,0.9160857120169099,0.5218973210480131,17,21
2.2382805309221383,0.0,0.4144736842105263,2.747414999260616,0.32995377864647324,0.7519058301542815,730,0
3.03935624854873,0.0,0.36302032913843174,2.3878126034722955,0.2951630254291933,0.7721035733463888,1,0
3.020659849123572,0.05725971370143149,0.36503067484662577,3.7011073063014046,0.6248795027630811,0.6154302508583044,40,50
3.0155488387051914,0.0,0.09473684210526316,15.316480891719745,1.2511375691943452,0.44421985296877614,730,0
2.642785064565356,0.0,0.3524804177545692,3.0083425820184115,0.45023494180876167,0.6895434464934215,265,0
4.077876979835417,0.6578947368421053,0.1513157894736842,17.294654191546382,1.6996279057143968,0.37042141914567744,730,97
3.694996935949637,0.6456692913385826,0.15649606299212598,22.09672943805731,1.5978977219492685,0.38492662415119044,7,105
6.30618778201474,0.18190954773869347,0.5135678391959799,4.727909454562961,0.5947801366793875,0.6270456829755704,20,118
0.0,1.0,0.0,0.0,0.0,1.0,3,665
6.143162970355179,0.0019474196689386564,0.4780915287244401,2.3244219482571054,0.3430510784693742,0.7445733196831674,4,1
1.8270742255674948,0.0,0.4824858757062147,2.3824738917930084,0.2327476389469868,0.8111960375395245,146,0
0.32535971225387833,0.8136645962732919,0.15217391304347827,11.582733812949643,0.2880556154681023,0.7763639923549281,472,223
6.444263353625374,0.0,0.3256578947368421,2.99857951032946,0.4967697097066666,0.6681054496993915,730,0
2.6135207125455544,0.0,0.46971201588877853,2.9667600139083063,0.3315418100194345,0.7510090877171964,5,0
3.379531921783394,0.03277060575968222,0.2919563058589871,4.471021590086445,0.6222950764497095,0.6164106730746154,6,9
2.1796478990661474,0.0,0.5079365079365079,3.2220534079670036,0.3814317602574046,0.7238866433863286,9,0
2.1738107546137635,0.0011890606420927466,0.28418549346016647,10.79968365459371,0.6755879768038933,0.5968054282100149,188,1
0.3377582390714774,0.9610136452241715,0.038011695906432746,129.73703784729818,0.323352355849377,0.7556566439617382,3,263
2.1380502799998795,0.4903943377148635,0.5025278058645096,3.456882009499133,0.6941926792972758,0.5902516356137154,40,180
5.170936524600168,0.027777777777777776,0.4751984126984127,2.034329187419873,0.3371130664308761,0.7478799101629274,13,3
13.953799333581825,0.5390070921985816,0.09929078014184398,53.109265204159406,3.332786824656936,0.23079833845256825,466,260
1.6852521946518368,0.0,0.3574938574938575,3.871005610014175,0.41338434704352794,0.7075216320965829,217,0
2.3688849684020625,0.0,0.4209505334626576,2.796376908652558,0.3487136129561847,0.7414472504716142,2,0
0.46522881684623196,0.0,0.4655674102812803,2.0031607472378323,0.15072034231142795,0.8690208760812561,2,0
0.9001438944106341,0.6544622425629291,0.09610983981693363,32.33789883868976,0.694257594679528,0.5902290201562602,104,70
7.99418818382369,0.0,0.35526315789473684,3.0964348050583976,0.502543122102621,0.6655383032206258,730,0
5.952714947539163,0.0,0.46381578947368424,4.181999670501129,0.7642838082103209,0.5668022317874096,730,0
5.380338210945172,0.0,0.375,2.7888418240793746,0.38623834137253255,0.7213766710635684,730,0
4.7202411683442955,0.0,0.412303664921466,1.8385681547433939,0.3215615235705374,0.7566806252789833,265,0
0.8185820440543493,0.0,0.43873517786561267,1.9384907134913285,0.17732752275618074,0.849381315454982,5,0
1.5834500657743027,0.7980132450331126,0.18543046357615894,16.228147696683425,0.9585317802799002,0.5105865577821193,730,137
1.1346940682825892,0.0010050251256281408,0.3185929648241206,6.231195907169081,0.45089042162524307,0.689231926198693,5,1
0.005205490854418939,0.9959349593495935,0.0040650406504065045,472.31999999999994,0.0052041686570975226,0.9948227744975927,29,442
3.254002025789859,0.03588748787584869,0.41125121241513096,3.063212547749954,0.4130283034668999,0.7076999077417454,2,8
11.996049113775573,0.0,0.4631268436578171,3.9309519821996792,0.6153635289995413,0.6190556998766337,5,0
3.7510553114303797,0.0,0.43529411764705883,2.7837819173730645,0.3494243123543713,0.7410567534945901,332,0
3.4212270541263123,0.0,0.3078730904817861,5.031272228693958,0.6153858331772375,0.6190471523655374,157,0
9.67911929371421,0.0,0.5791962174940898,3.478522938209,0.5361437962159562,0.6509807235906817,599,0
0.8671922433983258,0.21562809099901087,0.44708209693372897,6.784085454802127,0.42281659862347537,0.7028312721171966,2,37
4.832741322069466,0.002967359050445104,0.35410484668644904,7.1895298491143675,0.7262851055947424,0.5792785888953601,4,2
4.234462688032582,0.0,0.375,3.159538884022457,0.4277220826492153,0.7004164270853374,730,0
0.5147759686788405,0.8845780795344326,0.10766246362754607,33.384248053902006,0.4483043101927446,0.6904626278899336,2,275
0.0,1.0,0.0,0.0,0.0,1.0,6,386
2.1883044918124934,0.0,0.430784123910939,2.6569490021738225,0.24587583943447452,0.8026482000436882,1,0
11.482905026659969,0.011846001974333662,0.3899308983218164,3.0060562818242627,0.46075915500850034,0.6845755486599574,7,3
1.0835859793623444,0.0446168768186227,0.2735208535402522,6.915974772883937,0.5577602983182859,0.6419472887321443,1,14
6.194528255904823,0.02230843840931135,0.4073714839961203,6.251197027406971,0.8305925005901649,0.5462712207537231,1,5
27.028690728514796,0.000999000999000999,0.2547452547452547,7.843309116638649,1.4853521664671967,0.40235746607349,9,1
1.0386869701466201,0.0158311345646438,0.4050131926121372,4.343706978983704,0.352653992202322,0.7392873608215588,161,3
3.0716341774939586,0.057210965435041714,0.5411203814064363,3.586961717194069,0.3972257061257649,0.7157039808355699,30,48
5.190566713220323,0.001968503937007874,0.3690944881889764,7.500397125567322,0.5564764245981606,0.6424768047856378,6,1
5.849002356308509,0.0,0.36,4.227105317161156,0.6957333395553813,0.5897153618871458,408,0
3.0506225045191,0.0011627906976744186,0.4558139534883721,3.232629537134305,0.3500394736585238,0.7407190823021357,170,1
2.826668322563357,0.0021208907741251328,0.5440084835630965,1.7588075656362623,0.17269091885567017,0.852739612732582,12,1
3.494491452254914,0.0,0.4645286686103013,3.0772023639771895,0.36319734723941,0.7335695026293035,2,0
0.23731600031941819,0.0,0.5016501650165016,1.7178063172509543,0.11084404380438972,0.9002163765268311,730,0
1.440287396239024,0.5578231292517006,0.42857142857142855,5.374857238831037,0.667652820402719,0.5996451945906291,3,275
0.0,1.0,0.0,0.0,0.0,1.0,2,663
2.6684383992372704,0.0,0.43333333333333335,2.0477712261371175,0.24484305880320079,0.8033141149225715,730,0
9.719440338933392,0.0009727626459143969,0.48249027237354086,2.428374426326321,0.37710582154602934,0.7261606075249427,3,1
3.9849467461405554,0.4878993223620523,0.452081316553727,11.298351384516888,0.9756216037132124,0.5061698040355926,1,459
2.0520718354247762,0.9703947368421053,0.029605263157894735,68.63773135620738,1.573777940838901,0.38853390734791154,730,248
1.8858574203370009,0.0029585798816568047,0.4358974358974359,3.390973095104065,0.38990928992341906,0.7194714124510224,3,2
0.8562096087308946,0.0,0.3284518828451883,3.4632811255143454,0.264917368209625,0.7905654749728107,65,0
3.2145631406135173,0.07575757575757576,0.5106060606060606,7.065148470640768,0.5278625795372075,0.6545091249652191,320,50
2.037133565252715,0.20608439646712462,0.492639842983317,5.071384135495799,0.6287411187954001,0.613971114537582,4,36
3.325581121619842,0.06256206554121152,0.15789473684210525,27.44539547777874,1.5494656870731414,0.39223905035098877,20,15
7.003886393257916,0.0681551116333725,0.37602820211515864,8.164033530177468,0.8109018941830973,0.5522110298808334,155,45
1.4842229923599344,0.005865102639296188,0.19550342130987292,5.2458223116993326,0.46886989049457833,0.6807954921475675,4,1
5.200521277775385,0.0,0.3619512195121951,4.83690591829442,0.48638702760811625,0.6727722870463912,3,0
0.029966525676297796,0.0,0.5427631578947368,1.0332228736511173,0.013864312486636932,0.9863252781305293,730,0
0.069319160715948,0.9833333333333333,0.016666666666666666,281.25,0.06902465551906665,0.9354321201454876,730,203
1.121234502630893,0.0,0.4254742547425474,2.6198091654347535,0.2183986694876753,0.8207494189241771,158,0
1.1019387843939326,0.0021551724137931034,0.45905172413793105,3.7973381927044354,0.3019652240431272,0.7680696700136096,101,1
6.736013283784272,0.0019569471624266144,0.44422700587084146,4.771073080878189,0.6371397293465649,0.6108214113154118,2,1
0.2603738363160003,0.7440944881889764,0.12696850393700787,205.91799941843558,0.2518491395548856,0.7988182987892339,6,71
0.015438560830595693,0.9583333333333334,0.041666666666666664,124.39285714285714,0.015405123353549231,0.9848285940269129,1,136
3.4527403026724697,0.0,0.359781121751026,2.1728430359739006,0.30984641954445047,0.7634482830038871,278,0
0.06211303969740363,0.0,0.5474095796676441,3.598538829259493,0.05603961619096009,0.9469341724195065,4,0
4.415945481565401,0.0,0.3458498023715415,58.959893985305044,1.3233923693947953,0.43040513224224936,8,0
3.0215120137633704,0.002173913043478261,0.43478260869565216,3.8046942541194078,0.499070196925335,0.6670801687946621,109,1
6.77414484450083,0.025440313111545987,0.37573385518590996,4.869251515799493,0.6197947944183045,0.6173621519503134,4,6
0.8994879893812155,0.29791894852135814,0.42606790799561883,12.104925805601896,0.5144471317545446,0.6603069721169216,85,104
3.84812946195228,0.01951219512195122,0.4351219512195122,3.489271948418616,0.3919280656544455,0.7184279307780378,2,7
2.547865261677163,0.000970873786407767,0.4009708737864078,3.9145207334800607,0.4254158788883197,0.701549642326069,2,1
6.222969767404397,0.46381578947368424,0.24671052631578946,13.157431365301255,1.5807405009241013,0.38748568468698186,730,83
4.001854572003126,0.5681818181818182,0.4150197628458498,6.680411139395106,1.0061580801589936,0.4984652056535582,5,83
2.0410029714562223,0.0707070707070707,0.5218855218855218,2.157515226315366,0.33905600194788016,0.7467947558170334,730,15
2.4342399026179624,0.001941747572815534,0.07572815533980583,49.059127170342556,1.5413400912880844,0.39349318236786934,2,1
2.3609159974357845,0.0,0.31650485436893205,4.873498830402812,0.5281943659171956,0.6543670244457532,2,0
3.9075178915652877,0.007751937984496124,0.37693798449612403,3.3358561967833493,0.46660169213359454,0.6818483882595363,1,6
1.3290537471304305,0.38528557599225555,0.3291384317521781,20.864974900193683,0.7661470453108783,0.5662042708476629,1,12
9.430286384524258,0.2198443579766537,0.519455252918288,5.480044713623894,0.8711792329044331,0.534422348439495,3,135
0.0232133222729926,0.0,0.40728476821192056,1.0206712253399355,0.016332556732855965,0.9839299089410661,730,0
0.8060831988825441,0.9670861568247822,0.031945788964181994,76.7955147448349,0.7264354897193203,0.5792281298402744,1,145
0.21681509550247308,0.06622516556291391,0.27417218543046357,2.3435602141346887,0.16749930635161228,0.8565315581428131,132,50
5.526715292729763,0.0011507479861910242,0.3947065592635213,6.173146064159657,0.7944741800256677,0.5572663073846491,163,1
2.107190850828741,0.2904162633107454,0.46079380445304935,4.523812721542971,0.6981593326424924,0.5888728935958606,1,18
3.5359576493851796,0.0,0.42081949058693247,3.2887657346074777,0.47409382445664555,0.6783828704856032,126,0
2.9030422160282807,0.0,0.4276315789473684,3.2325062418524495,0.4173957290492619,0.705519269957702,730,0
0.9624235925844815,0.8315585672797676,0.12487899322362052,41.78512258667913,0.7461711907562177,0.5726815362054668,1,141
5.83762679104246,0.18302094818081588,0.12017640573318633,69.38720606905576,2.416701659816564,0.2926799292314238,50,65
3.099765585730315,0.000968054211035818,0.40561471442400776,4.527157550702063,0.3318531674780874,0.7508335186029077,1,1
1.1407750534619787,0.0,0.479064039408867,3.132373923305913,0.3682948171311728,0.7308366497336035,217,0
1.626046834663094,0.010848126232741617,0.4151873767258383,2.24802003062936,0.3215499132843921,0.7566872729874744,4,3
9.299336393102308,0.10186092066601371,0.4152791380999021,4.540886152897076,0.8626448094662525,0.5368710099305264,4,28
9.815725757318011,0.06511175898931001,0.30903790087463556,4.952447653338582,0.6598378300309089,0.6024684953598017,1,38
7.675079206894718,0.07126696832579185,0.38687782805429866,4.441207753701024,0.798258950438608,0.5560934367967934,147,36
0.002561557575061055,0.993421052631579,0.006578947368421052,202.66666666666669,0.0025610521042510057,0.9974454901286305,730,272
0.9927900371503633,0.5088408644400786,0.1944990176817289,16.031496062992126,0.7297027918666527,0.5781340035422066,5,128
2.6565501840720622,0.0,0.3651315789473684,4.011897631640391,0.35511941039597694,0.7379423483483215,730,0
8.717935644460027,0.10526315789473684,0.4605263157894737,3.0034783142309633,0.6814617468741494,0.5947206362910176,730,27
0.8606065199198454,0.0,0.518005540166205,1.9945023463931029,0.17004124268836845,0.8546707274201123,269,0
9.557705841146134,0.0,0.3465634075508228,3.310303102831575,0.5173956905608939,0.6590238829730415,1,0
1.7547567559821007,0.3168805528134255,0.4412635735439289,6.318377824024374,0.6631753565003108,0.6012595100640629,5,28
3.501130668295956,0.002938295788442703,0.40744368266405484,2.399167015515031,0.2697502220338319,0.7875564679155893,9,2
1.07105563989115,0.13233830845771144,0.4298507462686567,8.513834714773282,0.5410513893533012,0.6489076269024668,10,13
8.235518709794817,0.5504495504495505,0.44755244755244755,3.225349693588722,0.9957668053950587,0.5010605433945233,6,126
3.9190918585766044,0.0,0.3190789473684211,4.194877380271929,0.4716731494816869,0.6794987055054942,730,0
3.5819087247719663,0.17666666666666667,0.44,3.9670705465324962,0.7567572677110008,0.5692306036695487,730,28
1.7274142266664092,0.002997002997002997,0.4255744255744256,2.0659795711787985,0.20087845361738355,0.8327237423468785,5,2
0.7792085231422898,0.024581005586592177,0.5273743016759777,1.9361667843747639,0.18295502626366128,0.8453406746649356,136,22
2.9323115376337414,0.0,0.32891832229580575,5.0465597780327975,0.6260676511916469,0.6149805632423475,118,0
2.9053743966823795,0.9287109375,0.0537109375,75.07628723953849,1.998645255953913,0.3334839284555136,3,196
8.912132056975166,0.03994845360824742,0.3492268041237113,6.08791082864308,0.9120553151083626,0.522997421726435,253,23
17.88919027403629,0.0,0.3829578844270323,3.4152797125636183,0.6083785755138216,0.6217441684589304,5,0
2.1131140957844456,0.0126953125,0.35546875,5.933845692397713,0.42499181650907064,0.7017584160236015,3,1
7.1646707442423905,0.7129629629629629,0.03189300411522634,81.40378863409772,3.4906518918747325,0.22268481816846544,30,236
4.374016928038077,0.05509964830011723,0.4079718640093787,2.8442610270747664,0.46850657480165947,0.6809639242746072,158,27
97.12629088041204,0.0019801980198019802,0.0029702970297029703,774.2287667865843,19.47241612642423,0.04884621306174392,10,1
2.381788659326512,0.030845771144278607,0.49154228855721394,3.135524079320113,0.3799520004163721,0.7246628866063969,2,7
2.060055250368492,0.0,0.4995159728944821,3.2534697258976046,0.4066090151043927,0.7109296110446045,1,0
12.10774478038992,0.02821011673151751,0.39007782101167315,4.442907770766704,0.703709407975008,0.5869545565218064,3,1
5.336653837990084,0.0,0.3465634075508228,2.180887507966858,0.4471089080636958,0.6910329930440757,1,0
3.1340507055593503,0.46885245901639344,0.19672131147540983,19.39443177959936,1.3325417029520195,0.42871687941716946,85,231
4.044202880234809,0.0037105751391465678,0.4322820037105751,2.6731625230702423,0.32936532448809236,0.7522386672640772,322,1
2.9458252166624166,0.0,0.40728476821192056,8.155885916674434,0.5597045671742015,0.6411470614667446,730,0
5.341096374753759,0.0011695906432748538,0.4502923976608187,2.485274504925956,0.270319039703085,0.7872038194702117,170,1
7.954478935441631,0.2205071664829107,0.5093715545755237,2.555396904289234,0.6357028470265771,0.611357987068266,126,100
5.4422410564401345,0.0029791459781529296,0.29791459781529295,4.6420047697969125,0.695526282276873,0.589787377791118,7,1
8.211619429206497,0.0,0.39473684210526316,2.9444494055073602,0.5099436616840967,0.6622763652550205,730,0
1.4290636214783092,0.8426183844011143,0.12674094707520892,21.75552199358127,0.9905849280969917,0.5023649008314378,161,147
5.274177386734034,0.0,0.43866171003717475,5.355002071884192,0.4415419357245641,0.6937016365724864,224,0
144.1432849877261,0.0,0.08147429679922405,408.64070167575215,11.681594515770529,0.07885443733092269,2,0
2.8863214259491867,0.089128305582762,0.40254652301665034,8.644307167770034,0.6788387787295779,0.5956498102555903,5,18
7.932503701372674,0.17450980392156862,0.38333333333333336,5.9350054379091555,0.9910419369473803,0.5022495917555494,9,42
3.610223220925297,0.0029296875,0.3671875,2.358308192750807,0.3253561115550414,0.7545141953031017,4,1
3.6759834649278758,0.8804347826086957,0.08893280632411067,22.629695885509836,1.7465235992990658,0.36409663483510857,9,130
5.8371059371947664,0.21532492725509214,0.4306498545101843,7.317728076096052,0.8487240658901303,0.5409136054701146,2,180
7.696570981778577,0.0,0.3010033444816054,3.696601151690547,0.6256218018670704,0.6151492301908557,730,0
0.05365784883053987,0.6666666666666666,0.30701754385964913,18.844897959183672,0.05216311625936508,0.9504229758168918,6,191
10.166575366450816,0.34022750775594623,0.18304033092037228,93.70576427153485,2.6845833288343792,0.2714011085525784,19,51
3.596465379186856,0.00872093023255814,0.4001937984496124,3.0026897124479803,0.3783480009786894,0.7255061851505967,1,3
1.3929149021965206,0.1913214990138067,0.4921104536489152,5.395353747565231,0.4856282292602098,0.6731159117095967,8,88
1.0102014803967805,0.6292004634994206,0.3511008111239861,9.657018661732103,0.6071776446949998,0.62220875414788,144,125
8.663821343794933,0.004166666666666667,0.475,4.159354324057999,0.9635434466845463,0.5092833579458124,730,1
0.4024509050234533,0.011041009463722398,0.41009463722397477,1.4522022298266914,0.18778988591090834,0.8418997432640256,388,2
4.168107919291425,0.040776699029126215,0.3572815533980582,4.404973537448828,0.6189253822367848,0.6176936942074206,1,16
320.4811189405791,0.8297546012269938,0.16717791411042945,373.98332776562864,14.022946998240204,0.06656483578868651,249,190
14.71867531381892,0.37423312883435583,0.33496932515337424,10.744995395278949,1.3229503915965348,0.4304870235789721,218,79
5.005272033820422,0.03913491246138002,0.4788877445932029,3.2277296732166314,0.5295597292599235,0.6537829029297532,10,13
2.5887183230759487,0.02753195673549656,0.41789577187807275,2.776042559706062,0.34875169354460717,0.7414263164867174,9,10
5.966520736243882,0.006809338521400778,0.428988326848249,3.970771804234041,0.6180854492013631,0.6180143332316406,2,3
11.92690148441233,0.0009813542688910696,0.3994111874386654,2.528135900617208,0.49546091709262624,0.6686901600505429,4,1
1.0882418173685646,0.4021421616358325,0.34079844206426485,5.698587908895819,0.597522680045506,0.6259692037495922,3,75
7.584358469211993,0.032989690721649485,0.3958762886597938,2.5234514672849624,0.4192182604476876,0.7046132563743601,53,9
3.3676838380759557,0.04657534246575343,0.4904109589041096,3.6088187218434795,0.5182930802726062,0.6586343657842741,669,5
0.07162052689608432,0.9747817652764307,0.023278370514064017,76.75643382352942,0.07087261798850437,0.9338178819796238,1,445
2.7868729543967796,0.0,0.4309210526315789,2.5581158485423146,0.3581023903393824,0.7363215079461759,730,0
0.4384177227956043,0.8618421052631579,0.06578947368421052,60.73398479913137,0.40189062427966016,0.7133224109504509,730,14
5.9904053026703945,0.831353919239905,0.12114014251781473,14.749460945726847,1.912887642586486,0.34330194731165614,175,189
6.978275240329967,0.0,0.3381535038932147,3.036362387369337,0.5119699158415322,0.66138882098287,129,0
14.303088231478002,0.048654244306418216,0.27639751552795033,8.910354005417759,1.2925468757058511,0.4361960972737408,15,36
3.0434433949184583,0.0,0.5491452991452992,2.2815800897120533,0.4502690264951486,0.6895272406228592,323,0
5.18864835069398,0.004916420845624385,0.3647984267453294,4.3899372652164885,0.43460919702212286,0.6970539447786485,4,3
9.852878041846825,0.0,0.41365853658536583,3.7823652188147983,0.5888100892084713,0.62940184405437,4,0
3.0376890675715496,0.0,0.375,2.4393514701841164,0.3459484430823051,0.7429705091154445,730,0
8.645431411722504,0.0,0.5676855895196506,1.682817872189311,0.3818270486249881,0.7236795668423686,731,0
5.0851020284138295,0.29220023282887075,0.42607683352735737,12.035910620732423,1.104445146271695,0.4751846356136358,151,50
3.819767012498013,0.0,0.29689067201604813,5.319073470613664,0.5636100854760062,0.6395456317970553,6,0
3.8683803924815567,0.0,0.43980582524271844,3.6053255072131645,0.43562794629324547,0.6965593018594924,2,0
4.190577028265328,0.001936108422071636,0.33494675701839305,5.697955301949596,0.879216433304848,0.532136683288454,1,1
3.9165564995756847,0.0,0.5478036175710594,2.185136661175125,0.33846806159159604,0.7471227956017735,647,0
4.242667596531458,0.0,0.3890784982935154,2.3853791689512955,0.340691524184577,0.7458837338501195,730,0
1.7242312353892353,0.0,0.3980263157894737,1.9950225885709756,0.23863162484729575,0.8073425382815368,730,0
9.110288881967318,0.0,0.3651315789473684,4.915203172548642,0.7037921858424875,0.5869260396364138,730,0
22.96171243878906,0.0,0.3525390625,6.028688969585831,0.9702831329167099,0.5075412682032401,4,0
3.8168537289954148,0.0411946446961895,0.49433573635427397,2.7148170430808958,0.44292116221050937,0.6930385569146632,38,20
27.774947571002166,0.020388349514563107,0.3912621359223301,5.506406594921692,0.7040911728356809,0.5868230620172494,2,13
4.481432043209181,0.001176470588235294,0.4423529411764706,5.146986524576962,0.4055395995221745,0.7114705272906995,175,1
6.54125939734511,0.512249443207127,0.46325167037861914,4.999357248946383,0.9865075916787294,0.5033960122724396,110,36
3.932413220861057,0.0012610340479192938,0.4274905422446406,2.0625874862122275,0.31313266693070485,0.7615376764157302,133,1
0.0,1.0,0.0,0.0,0.0,1.0,730,257
3.58890000336351,0.012048192771084338,0.4026104417670683,2.432723998180929,0.3262299893630956,0.7540170317519639,20,5
2.7138107161190557,0.6166902404526167,0.25035360678925034,9.922347968366513,1.1066492342055259,0.4746874722963203,241,38
1.8610434174482144,0.7861328125,0.1787109375,29.16689960961974,1.1574510677187992,0.46350993306993477,3,385
0.02375007253894953,0.9345794392523364,0.06542056074766354,100.51515151515153,0.023677049861805646,0.9768705864168762,272,53
0.029925620504256043,0.0,0.7770204479065238,1.120849599126894,0.02429092912582768,0.97628512716933,5,0
1.8407471393734096,0.1958863858961802,0.12144955925563174,22.80896560820391,1.1547506232106437,0.4640908276011864,3,19
4.964820373214922,0.0,0.35555555555555557,2.242099983280388,0.3830288823649839,0.7230506989051427,730,0
8.027975320502872,0.0039100684261974585,0.3479960899315738,2.350555956702893,0.3298378226590363,0.7519713930233092,4,3
6.712952550589172,0.10202020202020202,0.25353535353535356,12.409155551491553,1.291521907500642,0.4363912021642847,20,10
1.6141061308748677,0.014792899408284023,0.5069033530571992,2.7219177677859876,0.23012167819692475,0.8129277109121187,4,7
4.22139025439227,0.000975609756097561,0.45951219512195124,1.8427059048566896,0.19771849875513678,0.8349207272321185,4,1
6.862974879234018,0.02613065326633166,0.43517587939698493,5.172341308190176,0.5029253465811929,0.665369043295975,21,11
2.417010864567744,0.033112582781456956,0.32781456953642385,4.065406700384075,0.5391447403754089,0.6497114753197887,730,4
3.4235105772930257,0.13592233009708737,0.30097087378640774,8.819419082401279,0.7775901681687873,0.5625593671178807,3,30
76.53526867927135,0.3123359580052493,0.45931758530183725,3.370491857639599,1.1080797031283325,0.4743653660324263,443,107
11.015201897802745,0.0,0.4276315789473684,2.743026802593276,0.415252022481456,0.7065879321243669,730,0
2.65301239293191,0.03219512195121951,0.5560975609756098,2.1999176803717275,0.24481665363557614,0.8033311548969309,2,33
41.95352664626758,0.0,0.44666666666666666,2.2860038092363397,0.4790361922195334,0.6761159769182781,730,0
3.6102699915781513,0.0,0.42510548523206754,4.667552557878521,0.4024865057618866,0.713019338076811,79,0
1.2217246907697652,0.9605263157894737,0.03618421052631579,47.812550152463494,1.013907089607187,0.49654723654359356,730,292
0.3623782785525488,0.3349609375,0.41796875,11.961263269992346,0.2801647103698857,0.7811494817030724,4,52
9.552737799947863,0.0,0.4473684210526316,2.2141785115211436,0.4224870434650754,0.7029941007856721,730,0
6.941099971947259,0.3651315789473684,0.40131578947368424,4.610847189231989,1.0986412817977171,0.47649877502809335,730,23
5.725051341945135,0.0,0.34609929078014184,4.608036572618394,0.7379774805312861,0.5753814483800491,322,0
2.4564541591049927,0.0,0.19708029197080293,3.5533690285793753,0.5920416230624421,0.6281242811204935,620,0
15.40171528263818,0.0,0.4144893111638955,3.4837057815075694,0.4607414097747016,0.6845838649526856,175,0
2.8132512010578354,0.000968054211035818,0.45885769603097776,2.3535766048343896,0.36859041804347914,0.7306787968233683,1,1
3.91747273645023,0.0,0.3495248152059134,3.4956771013999517,0.5255752781581676,0.6554904332268044,84,0
0.12981152095658957,0.2900763358778626,0.37786259541984735,5.930758988015979,0.11645876760247385,0.8956891459121578,730,5
5.502864311579899,0.37163375224416517,0.3859964093357271,4.590452494804251,1.0481395406624459,0.4882479831801705,477,37
5.908429146704611,0.0,0.3741721854304636,2.842440020204979,0.4891687119603238,0.6715155858221141,730,0
1.4786008707561542,0.03289473684210526,0.08552631578947369,28.96751366999035,1.049338558011651,0.4879623213502797,730,2
9.91102215862165,0.0,0.48249027237354086,1.972217488579706,0.33810658161998164,0.74732462550879,3,0
3.9225930119378205,0.1016949152542373,0.3972457627118644,6.367016792073685,0.6523155280316708,0.6052112826121383,83,26
7.791972041614542,0.043478260869565216,0.3902932254802831,7.352158927492133,0.8892563950395319,0.5293087812885637,38,3
0.8180428065966917,0.04437564499484004,0.5459236326109391,2.546009910027383,0.3167186669299161,0.7594636767257331,7,28
3.690810240715643,0.0456754130223518,0.46355685131195334,3.883966962764406,0.36204972980487754,0.7341875836965633,2,15
1.00024739575426,0.0,0.42524916943521596,2.1050351669849547,0.16690844820300815,0.8569652585341717,730,0
3.657821083118402,0.004935834155972359,0.3336623889437315,2.8292547970832156,0.36608350381251115,0.7320196731818859,3,2
4.916431346894793,0.7575757575757576,0.22971652003910067,15.162619436028896,1.4866789636196251,0.4021427834594273,4,401
14.984701645479518,0.0,0.2891918208373905,7.772944670132849,1.15961611013377,0.4630452585103462,3,0
1.8686153523349018,0.6590673575129534,0.32538860103626943,6.85560216194708,0.8304689382510088,0.5463080957579581,42,621
95.30840919271482,0.0019665683382497543,0.21238938053097345,210.29418799232965,6.150525441561009,0.13984986252726248,11,2
6.715322589378586,0.006036217303822937,0.2746478873239437,5.77200099902659,0.9219553725707886,0.5203034442274328,18,2
4.550103027954377,0.0,0.3831231813773036,2.2706996675325155,0.28883744318237425,0.7758930385594772,1,0
2.992299329690675,0.0,0.3362573099415205,6.2643708143259245,0.7101844829150934,0.5847322379486516,2,0
1.4503319042369083,0.003289473684210526,0.3092105263157895,2.88352580503884,0.3763044730450985,0.72658341201746,730,1
6.319422065731908,0.023376623376623377,0.5558441558441558,1.9346106656995365,0.35442120068856897,0.7383227606682573,647,6
103.00845330331316,0.0009900990099009901,0.4772277227722772,2.4839152164398968,0.4348741620021241,0.6969252262544536,9,1
3.057559738595683,0.0,0.2847682119205298,3.636222399161052,0.49999352446997025,0.6666695446924377,730,0
7.169877373488429,0.19727891156462585,0.4518950437317784,6.3871850551804155,0.9121270901184751,0.5229777901101961,2,39
5.796341934014386,0.012596899224806201,0.35658914728682173,4.630117468738158,0.5825412548963185,0.631895059232131,1,4
3.936327243977113,0.002188183807439825,0.19693654266958424,9.22828147729388,0.943072598282319,0.514648809768612,573,1
9.43024577861129,0.10059171597633136,0.39349112426035504,4.285828235418205,0.9452843107697148,0.5140636741188322,443,14
4.485476564011078,0.7502477700693756,0.24281466798810702,11.159562569901828,1.353977512643391,0.42481289418820883,4,234
3.453226065205378,0.0,0.3561643835616438,2.4982746143846906,0.3762649899099548,0.7266042566885518,669,0
13.043026518678666,0.0014245014245014246,0.33760683760683763,3.0071688214374297,0.5087421922716043,0.6628037613864116,326,1
3.6175054053792715,0.0,0.39814814814814814,3.296745145486641,0.5007398496773946,0.6663380066938079,646,0
0.1597734187951792,0.0019860973187686196,0.4299900695134062,4.520602967583404,0.11249289121178645,0.8988821482811875,6,2
5.345842385339097,0.001936108422071636,0.3504356243949661,6.978448266327489,0.994329090084229,0.5014217588120152,1,1
5.4009661833543126,0.297423887587822,0.3337236533957845,8.145805114225272,1.0541360790265415,0.48682266487130765,129,49
2.613164104471792,0.018337408312958436,0.4731051344743276,2.315358363737253,0.2749517306238119,0.7843434194255474,172,2
6.773418838845993,0.0024906600249066002,0.29638854296388545,8.768453355297682,0.8294049705225445,0.546625824305246,224,2
6.74607095182021,0.0,0.3228035538005923,30.735201319214337,1.1036735242179823,0.4753589321193454,16,0
3.433649670812433,0.0,0.43538461538461537,2.291320513477735,0.3064739861238546,0.7654189908265034,224,0
2.5502214101140797,0.0,0.3333333333333333,2.3822611172307187,0.3903862851213459,0.7192245857867657,730,0
6.416932477258448,0.0,0.4186046511627907,2.8137540420574827,0.5682573633444893,0.637650441422054,647,0
1.4863035609269981,0.017892644135188866,0.38071570576540753,3.741622231252125,0.4374883350671964,0.6956578189924959,4,5
9.730841307906546,0.10395010395010396,0.2765072765072765,12.580214870644735,1.4236047056023848,0.41260854036485745,68,100
4.1971566660329644,0.0,0.36694677871148457,5.137280618879837,0.8780276582512331,0.5324735211467397,319,0
11.374999950408053,0.9423728813559322,0.05084745762711865,32.37373372447579,3.399857126587276,0.22728010733740442,730,188
21.84297615402024,0.0,0.3688286544046467,4.284652456730928,0.6271302267934938,0.6145789584221855,1,0
674.044549332646,0.0,0.4950166112956811,1.2824621811169166,0.11280239860310187,0.8986321392327132,730,0
11.290972811145283,0.0,0.31361607142857145,4.574803437611737,0.7078330985100709,0.5855373109189704,131,0
2.6506151820513635,0.6447368421052632,0.2631578947368421,7.0411117544875506,1.0700738563963965,0.4830745516204959,730,181
0.12036130178565672,0.0,0.38748495788206977,4.340590676104466,0.09655861542103658,0.9119439544196535,202,0
0.9462946204614165,0.14188532555879493,0.4645286686103013,3.9334019854182976,0.4341517107496256,0.6972763010388238,2,139
28.384965670442842,0.002944062806673209,0.2512266928361138,180.582429365754,4.704481285405459,0.17530077669961586,2,1
1.146805000082072,0.0,0.47019867549668876,1.8464673913043474,0.24893271665285613,0.8006836450565594,730,0
2.782459474031858,0.0,0.4052044609665427,2.2914171956203138,0.32998487742185306,0.7518882484878162,730,0
4.244188217115679,0.0,0.4087677725118483,2.982176644401956,0.40254588983049383,0.7129891486979125,184,0
7.654005473105735,0.0,0.40232312565997885,6.640325523081659,0.8108619008073702,0.5522232256110482,79,0
3.4643903094171242,0.15491559086395235,0.4448857994041708,4.318923778761946,0.8699636022999537,0.5347697670532486,16,39
3.8441384706251016,0.12071005917159763,0.4035502958579882,3.9473169174035982,0.68700208697527,0.5927674943146998,184,14
6.211182568958831,0.006928406466512702,0.4515011547344111,3.5325940125131257,0.34716275014575776,0.7423008095286215,145,2
4.778426436817018,0.0019455252918287938,0.19844357976653695,23.22225811314254,1.4664006976574755,0.40544912306819186,2,1
2.5720195115332714,0.0,0.3705140640155189,5.662507118492817,0.5975617823046594,0.6259538823953271,2,0
6.106577966891446,0.001984126984126984,0.3998015873015873,2.6261760359480846,0.4745196232035488,0.6781869730749294,4,1
25.290836518172718,0.6973415132924335,0.16462167689161555,22.33632847824832,2.3937000867860996,0.294663633917934,23,121
4.235313910530223,0.0456140350877193,0.30409356725146197,3.9860172961014846,0.5266416706059679,0.6550325588866387,158,8
0.21636652756662486,0.2673992673992674,0.27472527472527475,16.716081211730582,0.19428366288092813,0.8373220124168286,730,3
4.173805056491192,0.0,0.5058708414872799,2.0265396670330116,0.3761530957937025,0.7266633364097077,3,0
3.5925563639907643,0.0,0.45493107104984093,2.880674224579598,0.34588072582923235,0.7430078912705089,82,0
2.403842071958425,0.0,0.40762463343108507,2.8076257715778548,0.3510100015577607,0.7401869703754715,379,0
123.67456439864883,0.03216374269005848,0.10428849902534112,534.9730472048807,14.706473795518141,0.06366801441360766,2,33
7.340625653461028,0.0010416666666666667,0.3625,4.254671940203693,0.4668127514209129,0.6817502772806496,61,1
0.3522740472494345,0.9780821917808219,0.019178082191780823,76.12538226299694,0.33717064965528676,0.7478477038497614,669,121
5.561694447370966,0.0,0.3407821229050279,2.9771556681203246,0.37988324529408013,0.7246989942159059,136,0
12.224083009515551,0.10829493087557604,0.42857142857142855,3.2431875754634336,0.8358070828535743,0.5447195456102077,597,15
2.3155559002620745,0.07964601769911504,0.4051130776794494,4.226066159722466,0.5302155045585508,0.6535027236496915,6,42
2.955859870207532,0.0,0.46710526315789475,4.254241019995391,0.3981397020505947,0.7152361087617645,730,0
35.179344222840605,0.0,0.3333333333333333,50.48103847688331,1.5841717223412841,0.3869711874619503,7,0
5.825811061956177,0.41285296981499514,0.3076923076923077,9.66540179411243,1.260116333961448,0.44245510063954857,3,58
4.366167613718875,0.0,0.37317784256559766,3.7586212288842935,0.516246683479289,0.6595232892482429,2,0
2.484392731303952,0.0,0.22697368421052633,2.613577797541675,0.36697799377874163,0.7315406718697035,730,0
4.531892153447847,0.0,0.391304347826087,2.85656925951858,0.4004651316093718,0.71404848105774,14,0
20.762027123233707,0.06329113924050633,0.23014959723820483,13.016486039898712,1.6092312193870946,0.38325465086030164,161,10
1.8204964951996836,0.007920792079207921,0.4782178217821782,7.393830630142554,0.46393194059285964,0.6830918653192459,8,3
0.9468699195870318,0.21726479146459748,0.539282250242483,5.344619463390431,0.40994859473245193,0.7092457155785579,2,184
3.3729600383177254,0.4812925170068027,0.46598639455782315,11.266190457397688,0.9406929160053988,0.5152798733651986,445,188
1.2878020442675695,0.023026315789473683,0.3815789473684211,4.594206866341784,0.4595567754725858,0.6851395004323918,730,3
2.5950610914770227,0.004849660523763337,0.43452958292919497,4.035646809515604,0.3666204404245701,0.7317320672368463,1,1
5.165545870778762,0.7164404223227753,0.26998491704374056,16.61577825159915,1.5657821064470543,0.3897447088306114,357,90
2.4327775572798087,0.002205071664829107,0.45755237045203967,3.9124108581864543,0.39637941341524646,0.7161377419294753,63,1
2.586822569445364,0.0,0.5431372549019607,1.9579668620675565,0.2684397797626542,0.7883701031412909,6,0
3.3240976902445283,0.3099273607748184,0.5811138014527845,3.3211990665948665,0.6586635062471766,0.6028950394300039,621,75
2.3618670580139565,0.0009930486593843098,0.4985104270109235,3.0640472065638935,0.3553749452638423,0.737803220794624,9,1
11.257420649650344,0.0,0.38461538461538464,2.6413982892325643,0.5370160870750496,0.6506112775325636,3,0
15.451565044651648,0.0,0.3666026871401152,3.268365038106241,0.540362063421212,0.6491980189248209,258,0
2.04262337834546,0.0,0.4309210526315789,2.815416978642992,0.24372684515692997,0.8040350691906332,730,0
0.6927890852124221,0.009681881051175657,0.5131396957123098,2.6513836961771706,0.20870010316895254,0.8273350828532358,265,5
1.9859748137944009,0.5747474747474748,0.4202020202020202,4.193700668454246,0.7624324537008217,0.5673976315518716,41,304
3.650519558526334,0.0,0.3532289628180039,3.45559638042026,0.49035684096707766,0.6709802461477011,4,0
0.0,1.0,0.0,0.0,0.0,1.0,273,632
4.920551047287896,0.34860557768924305,0.6354581673306773,2.7819595724120694,0.6742587600334994,0.597279240145646,9,105
1.8302806808101562,0.028237585199610515,0.34177215189873417,3.1387169377083577,0.4720902789527031,0.6793061636895227,2,14
3.4772107559725085,0.0,0.4413793103448276,2.117181107200545,0.2818790009565709,0.7801048299049868,730,0
12.678513647117766,0.30709426627793973,0.40816326530612246,8.183074665078431,1.1472486609663428,0.46571224757451346,2,170
3.9913235244898337,0.6,0.3233333333333333,6.803957456067374,1.1073577950328306,0.47452786724544843,730,159
3.625767105584215,0.009831460674157303,0.3595505617977528,4.304258060807542,0.5282324998211554,0.6543506960603358,227,3
4.369406549045675,0.00484027105517909,0.2526621490803485,17.794580241029486,1.3947859165229781,0.4175738604024837,1,4
5.679805578825974,0.0,0.4299706170421156,3.797405144064621,0.5026760031258674,0.6654794499411714,7,0
4.300055890645088,0.0,0.3125,3.9238978728762874,0.591538373813774,0.628322895918443,730,0
2.911823507590889,0.0,0.11920529801324503,22.261536193424735,1.3715522097675246,0.4216647628002365,730,0
17.80604872131371,0.0,0.46153846153846156,2.925709988302937,0.41189991818171484,0.7082654989369421,296,0
2.0182321959245453,0.0,0.43163841807909603,2.0288065759012466,0.31069601994726265,0.7629534116081593,146,0
1.2374101532592472,0.014242115971515769,0.44252288911495424,2.8862303936644627,0.23642237015421813,0.808785107855393,18,11
5.151752094500868,0.008754863813229572,0.17120622568093385,6.814676042174121,0.7145161910395281,0.5832549177582803,2,3
5.958905240319181,0.8360814742967992,0.1396702230843841,15.599089722480526,1.820151837376109,0.35459083682898707,2,167
4.773543370229418,0.1828793774319066,0.43093385214007784,4.779896361346391,0.7532888958711037,0.570356660761922,2,70
4.199384203547596,0.2883895131086142,0.3913857677902622,5.466680257215917,0.8036177291619033,0.554441212143482,253,50
1.012059774143654,0.0011173184357541898,0.47374301675977654,3.6400168292051442,0.3295088608830269,0.7521574540961125,133,1
3.5224344287426415,0.0,0.31451612903225806,4.22747327372021,0.5912064796701229,0.6284539516250038,8,0
14.359190632949218,0.0009737098344693282,0.36514118792599803,2.993852273312394,0.3698835882524981,0.729989035984917,4,1
5.6223864643421795,0.0,0.41643835616438357,2.1209259256005355,0.33885625064766933,0.7469061742186675,669,0
15.08838420733539,0.0015408320493066256,0.3312788906009245,7.859098798118309,1.0591466299960055,0.48563807231248013,230,1
1.9601867643357254,0.7236842105263158,0.20723684210526316,18.736291587882693,1.0784095704762484,0.4811371224444753,730,204
5.615511763339424,0.01911764705882353,0.325,6.946533047558364,0.9240061944225934,0.519748846390854,326,5
1.7754118349685697,0.005040322580645161,0.34576612903225806,5.708324506991708,0.35191724036215033,0.7396902488884015,6,2
5.8226868909024265,0.0009746588693957114,0.3567251461988304,5.103501052228813,0.7794690375841584,0.5619653834256196,2,1
3.58209242949337,0.0009861932938856016,0.41913214990138065,2.7642932931699775,0.3278326687617809,0.7531069415037901,5,1
1.1797661263200994,0.03510531594784353,0.45336008024072216,3.026398859176086,0.30267227324315105,0.7676527861534859,6,11
30.27211199591187,0.0873405299313052,0.4072620215897939,139.7198802325466,3.827533886130971,0.20714510215514,4,27
1.0268507646322103,0.0,0.5312169312169313,1.6468804337811374,0.16049346325164088,0.8617023978731024,82,0
8.043518334301451,0.2153558052434457,0.2602996254681648,10.09931036622734,1.3801382922957461,0.42014365435693096,253,23
3.452578776572939,0.0,0.4769736842105263,1.878879773464408,0.2448020627683799,0.8033405710913173,730,0
3.9075926051207865,0.009775171065493646,0.3460410557184751,3.479007329996696,0.39926401331176253,0.7146614152058489,2,8
7.2878951528359135,0.0,0.4503311258278146,2.1131086075926926,0.3703454237636941,0.7297430141762874,730,0
0.3659265503923175,0.9960975609756098,0.002926829268292683,541.5200659703133,0.35954592562440724,0.7355396983303258,4,518
0.05722821557362441,0.04526748971193416,0.8991769547325102,1.1279373368146215,0.04584709800423883,0.9561627143281961,13,14
5.115539584933933,0.05339265850945495,0.42825361512791993,6.600288972445054,0.42031517553892217,0.7040690807380564,20,45
80.34663125501068,0.0,0.04911591355599214,197.02685440222697,7.746211849668803,0.11433521359740073,3,0
2.9967764547807394,0.005035246727089627,0.44410876132930516,2.8621414984873135,0.3483530566764306,0.7416455171354825,20,3
14.980206959088855,0.5026041666666666,0.4388020833333333,5.4535986996688814,1.1085906867678152,0.4742504110804287,138,72
0.9638183116865283,0.8682170542635659,0.1124031007751938,33.866238630283576,0.7917506428984757,0.5581133758558735,730,69
11.812949691348294,0.0077951002227171495,0.4710467706013363,4.0621667098542105,0.5618189167871951,0.6402790933388691,115,3
0.0,1.0,0.0,0.0,0.0,1.0,8,436
0.6031297173255429,0.0019880715705765406,0.4254473161033797,5.258098491037767,0.3000838286337787,0.7691811696872436,6,1
3.0212928391623732,0.05060728744939271,0.5303643724696356,2.2277407348241183,0.27598526664765993,0.7837081086580695,41,50
4.5558472274130875,0.15460526315789475,0.5493421052631579,3.402393744348103,0.6341762704947931,0.6119290911605403,730,9
7.533152889153418,0.09625126646403243,0.5075987841945289,5.022316615492847,0.6478146949432253,0.6068643537824832,16,50
16.47147874959627,0.06593406593406594,0.5404595404595405,3.2821896648042284,0.6823302188754539,0.5944136227122196,13,50
1.5958023961243184,0.0,0.4473684210526316,2.480830491324064,0.353764204140385,0.7386810767647541,730,0
3.4821410832286555,0.0,0.4768211920529801,1.8883997053343153,0.21385419269025377,0.8238221740485233,730,0
3.912871124031946,0.12289395441030723,0.554013875123885,2.6712099264841003,0.44361474729777756,0.6927055863566401,5,117
5.790612745324758,0.0,0.4011090573012939,2.095400259904731,0.3261260829556848,0.7540761115045627,322,0
2.5862642398048963,0.0,0.4743465634075508,2.1300578484970765,0.19261822725904854,0.8384912934781016,1,0
4.560096915542482,0.007194244604316547,0.40493319630010277,4.730325927658035,0.5327382326031005,0.6524271259950675,47,3
3.108776545316765,0.08353221957040573,0.4116945107398568,4.867264235113048,0.44208140008034186,0.6934421315913842,165,49
4.929023328699759,0.022919179734620022,0.428226779252111,14.856082360050083,0.6217917337344692,0.6166019835958337,160,11
0.8490861662602851,0.06972789115646258,0.477891156462585,3.9588599752168525,0.3798696384090753,0.7247061404676988,445,4
5.235609112428053,0.0,0.33881578947368424,2.349148317407561,0.35242184781137625,0.7394142601424989,730,0
2.7791305655124643,0.43093385214007784,0.3433852140077821,5.709689542244414,0.9285114681114538,0.5185346400762016,1,64
2.2528114939803783,0.0,0.25,13.436081562659096,0.651981773166957,0.6053335552746049,730,0
7.981290991795602,0.0013831258644536654,0.34854771784232363,3.0733871614702535,0.509828941866441,0.6623266863356099,307,1
1.2692419158977306,0.018410852713178296,0.5067829457364341,5.049147535405507,0.44078166728016843,0.6940676874989306,1,2
6.033343356629284,0.0025974025974025974,0.5142857142857142,2.167397963407567,0.22574216283557805,0.8158322609109276,647,1
2.128519232176799,0.016966067864271458,0.2405189620758483,5.7889211497255015,0.6332226697428996,0.6122863823323117,8,6
28.64878041735796,0.0,0.39867109634551495,2.2426195142016128,0.5330809625696309,0.6522812717756784,730,0
3.5459329798962336,0.0,0.47184466019417476,2.992517060735609,0.39575788108695426,0.7164566387554584,2,0
4.921221300741575,0.0,0.35694050991501414,3.074178259026628,0.42206886209725375,0.7032008270859749,241,0
0.771819933738516,0.7795823665893271,0.12993039443155452,44.26695010069366,0.6392528372368277,0.6100340211615123,129,57
2.585923225833119,0.0,0.2882703777335984,3.067637680510578,0.369690067685232,0.7300921745676334,20,0
1.6264585786406298,0.0,0.3092105263157895,3.5601331311570776,0.36555305591993986,0.7323040255849483,730,0
3.869943548553112,0.0,0.27105666156202146,7.0823119276208395,0.7939256041310526,0.5574367173851578,223,0
2.6229491441055375,0.12150837988826815,0.5418994413407822,4.655964834874831,0.5978840694844099,0.6258276298622031,183,26
4.594280117522724,0.0,0.29042904290429045,6.507884069440546,0.5621400984543446,0.6401474496362057,730,0
0.9821569136099285,0.059113300492610835,0.4719211822660099,2.53674209814291,0.3028512089006457,0.7675473554987192,4,44
4.02500980459883,0.0297029702970297,0.3910891089108911,4.372365584785749,0.47651467945240283,0.6772706116073776,160,21
4.0120191353177,0.0,0.4617618586640852,3.3401484024518666,0.4481830365878334,0.6905204485450753,1,0
11.403873171724818,0.0010050251256281408,0.5738693467336683,2.4280186862932025,0.450752242205135,0.68929757329205,36,1
1.5678363933227217,0.0,0.39473684210526316,8.608141121228465,0.5100946762239211,0.6622101353939991,730,0
3.264366563881201,0.0,0.4098360655737705,3.8329050707199794,0.39641494112644426,0.7161195218903424,109,0
6.8709006144144045,0.019883040935672516,0.44912280701754387,2.829623768723599,0.501606099354685,0.6659536082263849,174,3
5.551200833715652,0.0011086474501108647,0.3902439024390244,5.104877930555332,0.6494392552034975,0.6062666429486827,131,1
4.447074249317574,0.0033613445378151263,0.08907563025210084,19.28909184589303,1.4713783855731777,0.40463249409218804,332,1
6.017712667531286,0.0,0.3443258971871969,3.3039586344147973,0.4092353584632262,0.7096046760354507,2,0
8.594837349669659,0.0,0.28268156424581004,8.40369958610713,1.010276870496609,0.49744391664465837,136,0
4.049670946847219,0.399402390438247,0.4800796812749004,6.12324203512767,0.8473810024331427,0.5413068547759899,15,24
4.43606521402878,0.0,0.3355263157894737,3.3478386744760935,0.44979415013933427,0.6897530935022008,730,0
0.1474858998020804,0.9970119521912351,0.00298804780876494,429.3674775928297,0.14634747966642822,0.8723358473217795,9,318
5.906159905438431,0.011661807580174927,0.33430515063168126,3.482875601448884,0.5337022708324826,0.6520170303048499,1,2
8.405076641598441,0.09939148073022312,0.3813387423935091,2.587298917801246,0.5793289961130208,0.6331802952147138,280,2
4.340176714954922,0.0,0.3978622327790974,3.256250789241066,0.46787348592601513,0.6812576217146842,189,0
5.453168910620678,0.010752688172043012,0.30791788856304986,4.86172734479225,0.9004845435206781,0.5261816011128846,2,3
0.7021993009086445,0.9780821917808219,0.019178082191780823,62.19129697654704,0.6401327326647899,0.6097067512183966,669,257
3.4798718365025705,0.003972194637537239,0.43098311817279045,2.3097630803774103,0.2832186959994834,0.7792903915112553,2,2
0.45835322665509787,0.16533864541832669,0.19322709163346613,10.633715798764342,0.3482990520735962,0.7416752229129473,4,22
3.6209094442839533,0.9842105263157894,0.01263157894736842,148.49781444314473,2.6982288032174164,0.27039971110765554,78,731
6.851143681622965,0.003872216844143272,0.3717328170377541,3.116457941913452,0.43128315022730584,0.6986737738379631,1,2
6.73717050108965,0.10689990281827016,0.45481049562682213,5.930739057920781,1.0110236089493374,0.4972592044916129,2,6
6.580716301100164,0.0,0.40131578947368424,2.406905142169215,0.4119749000785528,0.7082278870143985,730,0
3.861906082466281,0.09424083769633508,0.1130890052356021,12.447300910447247,1.235191186741318,0.4473890224387913,10,20
1.3677100783501233,0.009535160905840286,0.48510131108462456,4.027849285280292,0.3434955625009739,0.7443269839600047,160,4
3.9903038776122797,0.0010638297872340426,0.39361702127659576,3.117878102806513,0.3867610118326641,0.7211047840741189,79,1
8.938881764037063,0.0009699321047526673,0.2929194956353055,3.3101154620883793,0.5533694940662335,0.643761837618115,2,1
9.72078569048797,0.008823529411764706,0.711764705882353,2.1304983105537123,0.47828820218892504,0.6764580807174704,443,3
4.373530521197309,0.0,0.47438752783964366,2.2639248392057385,0.40047623693880674,0.7140428188812565,131,0
4.887737171481689,0.038461538461538464,0.5145530145530145,5.145202606396357,0.5251809883901107,0.6556598906045503,26,10
5.371347450190135,0.000968054211035818,0.4443368828654405,2.8755001600025927,0.4148006710285096,0.7068133486769098,1,1
2.9037009371104725,0.005333333333333333,0.5373333333333333,6.0062318684860845,0.44101043970573073,0.6939574984649037,278,3
0.0,1.0,0.0,0.0,0.0,1.0,280,340
5.828399820090643,0.0,0.3805309734513274,4.252156175323859,0.43144735395398254,0.6985936277976085,4,0
2.4779629974884454,0.003875968992248062,0.4893410852713178,4.573806472894279,0.4438712735422591,0.6925825164086084,1,2
0.06668431204962635,0.7224975222993062,0.27750247770069375,156.30876068376068,0.06607139995490101,0.9380234757656044,4,31
4.090199938444339,0.021611001964636542,0.43909626719056977,3.7446554972892487,0.49257306246222876,0.6699839526450693,7,6
3.3630029741716574,0.04809619238476954,0.4969939879759519,2.513381067556718,0.3762794202706964,0.7265966382054256,4,28
10.905932418917422,0.019801980198019802,0.40594059405940597,4.314242788836177,0.9411251710038047,0.5151651294506036,730,6
7.529262134161699,0.0,0.3927392739273927,3.8711617295247787,0.44067855270700346,0.694117364432907,730,0
4.348919088166122,0.0,0.3446601941747573,3.9732603023853783,0.49906875956756747,0.6670808084136631,2,0
1.7362872915012635,0.0,0.5033557046979866,1.6887198853563667,0.19948015192607652,0.8336944953980611,730,0
12.707872718931247,0.4905094905094905,0.18081918081918083,626.5073553448839,7.740451500648159,0.11441056562419501,23,126
2.8995270531415116,0.23031496062992127,0.31299212598425197,8.020330760560725,0.8795338540195963,0.5320468146191603,3,84
7.313772953357986,0.0,0.40789473684210525,2.198780710768707,0.33441028562373704,0.7493947032434443,730,0
0.00046524155850230135,0.9978331527627302,0.0021668472372697724,461.49999999999994,0.00046523147764688106,0.9995349848620327,64,280
2.7366805553413127,0.5439377085650723,0.3014460511679644,14.880071141199505,1.0727588260502223,0.48244879598731005,106,168
5.531783547291741,0.013738959764474975,0.33169774288518156,3.3460769206222745,0.5251583970368331,0.65566960254283,6,5
4.5912611540371735,0.0481335952848723,0.4764243614931238,2.368547995024656,0.3414479806968957,0.7454631222304199,9,35
9.869471433040006,0.0,0.3400423728813559,4.196598068066394,0.5795463316902888,0.6330931736139007,83,0
9.74674882504431,0.0,0.3848684210526316,3.1265983498622267,0.5495138486614524,0.6453637060835887,730,0
3.013378202277478,0.0010162601626016261,0.40040650406504064,5.647337891442581,0.4233505449770473,0.7025676166204902,23,1
4.90538777628822,0.18252212389380532,0.2345132743362832,13.98115488045101,1.3457894823978096,0.4262957130227321,129,42
5.909670568446525,0.1187363834422658,0.42919389978213507,4.7268331964883465,0.7481627291805368,0.5720291270989153,96,25
1.603598351839936,0.1273344651952462,0.41256366723259763,5.106739624677276,0.5805139573911657,0.6327055799308625,236,5
0.4090185232476952,0.001936108422071636,0.4675701839303001,4.759625146427177,0.18263070435049453,0.8455724989393067,1,1
6.08737944874902,0.0,0.3591756624141315,2.906962471066082,0.42798267507644727,0.7002886081558831,4,0
2.497162023036727,0.0025412960609911056,0.35578144853875476,4.626339028050329,0.46217640565587326,0.6839120068767902,133,1
9.461886176242897,0.020594965675057208,0.35926773455377575,3.7931129767642204,0.4568883635507746,0.6863943902762517,597,3
8.173290069478488,0.012514220705346985,0.26507394766780434,6.869856365867207,1.2400509480461255,0.4464184177919014,141,2
2.741525287815675,0.001962708537782139,0.5014720314033366,2.2526766595289076,0.2651378421485179,0.7904277041478358,9,2
2.4393356191921276,0.054780876494023904,0.5507968127490039,1.7563513400858655,0.282117164797733,0.7799599189967636,20,26
3.508564219873468,0.0,0.3970149253731343,3.0356830656262077,0.2673705624523972,0.7890352116629348,443,0
1.0113921076607852,0.0,0.5175202156334232,3.235784577239965,0.2925719658654914,0.7736513141304372,278,0
1.114949091645855,0.46938775510204084,0.2857142857142857,15.439683586025048,0.7613755904208334,0.5677380823479431,933,9
0.17080282805274377,0.9974683544303797,0.002531645569620253,523.4055727554179,0.16941746498464152,0.8551266164073694,228,304
2.9310021672277813,0.0,0.3511705685618729,4.331523833997173,0.4722837076962204,0.6792169163949835,730,0
0.23736912779747765,0.8388157894736842,0.15789473684210525,30.31297709923664,0.22205876061802438,0.8182912575286282,730,60
0.06779816447721188,0.8618421052631579,0.13486842105263158,12.565333333333333,0.06616578491516022,0.9379404349198607,730,20
2.016488217706734,0.7384155455904334,0.21823617339312407,22.51931606350839,1.1878301834498286,0.45707386595388017,357,145
4.636804986201168,0.0,0.33042635658914726,4.658237780413721,0.4422628896695222,0.6933548711283408,1,0
9.947660545296745,0.04017857142857143,0.36904761904761907,3.0955373734572187,0.5029495259241541,0.665358338887067,358,25
0.7510220309953629,0.7908629441624365,0.1350253807106599,35.11346611439147,0.6103905313220395,0.6209673868232798,9,61
1.0879018537702472,0.09615384615384616,0.2692307692307692,18.064526083535203,0.6569527913923906,0.6035174962104188,6,43
0.9944423797511875,0.45982575024201355,0.15779283639883834,24.71444447874541,0.7570464049604452,0.5691369318287938,1,16
0.9337944423639271,0.0009727626459143969,0.41926070038910507,3.1868192526441335,0.3140119092286335,0.7610281101539115,2,1
0.5927396314071054,0.03699897225077081,0.44912641315519014,3.32998130502955,0.25080261500422407,0.7994866560113666,17,20
2.5974549546736134,0.005995203836930456,0.38848920863309355,3.7982355678035864,0.40838022987727424,0.7100355278965679,171,1
6.04350859707311,0.029381965552178316,0.3120567375886525,4.322074997921677,0.5437004419202206,0.6477940750966504,6,6
7.846081290516132,0.00101010101010101,0.3575757575757576,3.342749686585876,0.6960077487162896,0.5896199476428697,41,1
0.01919125703892787,0.06581532416502947,0.25343811394891946,9.330438977327546,0.018808255914076397,0.9815389639759039,5,7
0.5257918527817365,0.0,0.4768211920529801,1.8759916082082215,0.1740879923037368,0.8517249188775451,730,0
0.4899410127671381,0.6357615894039735,0.26490066225165565,10.642667677150436,0.38817899062275546,0.7203681994577563,730,53
3.8795288985857437,0.0,0.4027105517909003,3.4719580824386664,0.42582130642671595,0.7013501590224678,1,0
1.42870138302215,0.0009718172983479105,0.3935860058309038,1.9454172827523364,0.21756004527350026,0.821314730129281,2,1
7.016819024484125,0.10382513661202186,0.5136612021857924,3.243986146095717,0.5336538448510492,0.652037618108747,827,4
1.3251416171127455,0.054910242872228086,0.4530095036958817,3.2311219356443543,0.344710741032276,0.7436543559043363,28,50
16.298277727062153,0.0,0.35,2.894882174561884,0.5257887738276463,0.6553987138674284,730,0
8.410143718311499,0.0,0.4105960264900662,2.5653442049171193,0.5205630177329025,0.6576511386492612,730,0
1.4197843572031457,0.03,0.5133333333333333,3.094769798900172,0.32852197201812827,0.7527161921762741,730,8
2.9756651764510975,0.003872216844143272,0.377541142303969,5.15828242620108,0.5032847808098081,0.6652099540722467,1,1
0.013714431294341137,0.9931840311587147,0.006815968841285297,606.8636363636364,0.013705623396150815,0.9864796810042015,2,346
4.264828030897276,0.006349206349206349,0.4793650793650794,4.496215851278661,0.6771945621622315,0.596233748045787,77,2
0.6754181720206451,0.003289473684210526,0.5296052631578947,1.7121476677475682,0.19266697722107903,0.8384570203578587,730,1
4.847328407605481,0.0048543689320388345,0.3553398058252427,3.297277384919474,0.4078616173989685,0.7102970829246025,2,2
1.3586518675104118,0.0,0.4832904884318766,2.075010517995334,0.2249074231992724,0.816388227436937,138,0
0.0,1.0,0.0,0.0,0.0,1.0,2,755
1.816727928109575,0.25,0.2598684210526316,36.06122448979592,1.1985357859056223,0.4548481795978952,730,23
0.6263936477555256,0.024161073825503355,0.4348993288590604,12.090671213947607,0.32742325440822484,0.7533392206887377,278,10
3.3125742036602004,0.0,0.486905916585839,2.0463477101964345,0.24439694466419784,0.8036021016347411,2,0
1.9958821208436637,0.0,0.4139976275207592,3.8250763959625886,0.40149202825100605,0.7135252857969884,188,0
89.2251908423923,0.16203703703703703,0.5011574074074074,3.6572685105651956,0.8742508407651135,0.5335465126918532,153,18
7.806421318745011,0.0,0.39217877094972065,4.323972755455126,0.6833779754257485,0.5940436518703334,136,0
2.5773874206792926,0.8256578947368421,0.10526315789473684,27.053211009174305,1.5664249817802975,0.38964707992606595,730,116
4.7130216350576,0.0,0.4550561797752809,3.7834719225303934,0.49403906237647977,0.6693265425131247,253,0
7.1955276814034805,0.0,0.4696261682242991,2.220237280965274,0.35297602872242184,0.7391113950069557,170,0
0.693108868902008,0.036062378167641324,0.43079922027290446,2.2168249406472573,0.24132924047532855,0.8055880481934681,2,33
4.23405829596912,0.37676767676767675,0.42727272727272725,12.2560450717904,0.9083914219297313,0.5240015169366135,5,252
0.41988971348955223,0.28319783197831977,0.5311653116531165,4.108908202064096,0.2801289175151777,0.7811713229172823,281,63
0.631146730683265,0.0,0.4166666666666667,1.1136764905609124,0.061854389874630884,0.9417487082367915,730,0
10.076358686245696,0.00484027105517909,0.27202323330106487,4.497124215695189,0.8347216270639175,0.5450418119288689,1,2
44.55395899287356,0.0015151515151515152,0.4863636363636364,2.089200535411332,0.30151074122106336,0.7683378771517558,307,1
12.856660090048798,0.0,0.3190255220417633,7.314682593917942,1.0180537040653528,0.4955269515303325,154,0
3.929750513198135,0.4453024453024453,0.5057915057915058,5.295501207626323,0.8243052263911667,0.5481538864952966,138,31
7.3823314127199,0.0,0.5018248175182481,4.35437161746558,0.7075131278345882,0.5856470346838076,484,0
2.0566398720461367,0.00872093023255814,0.4437984496124031,3.431666388822877,0.31817726401159907,0.7586233106135569,1,9
0.8562496619474959,0.0,0.41118421052631576,2.624027168529786,0.20125554534014656,0.832462338158731,730,0
1.7360011856928905,0.5443786982248521,0.2416173570019724,95.89363540815135,1.2206117271383636,0.4503263617762977,4,82
1.381563854304241,0.2718351324828263,0.2590775269872424,10.363688773345807,0.7263023156717492,0.5792728138760991,8,82
7.119972797322978,0.04965243296921549,0.4428997020854022,3.258017623356325,0.40407242423327033,0.7122139732543181,13,50
0.18923229257626997,0.9815354713313897,0.01749271137026239,167.28994905048629,0.18534350132875985,0.843637307564439,2,659
2.1305605035439386,0.04855371900826446,0.5888429752066116,6.6064442230481495,0.47735254288444573,0.6768865054021281,13,12
2.6420730513528725,0.0,0.3782894736842105,2.515150138554491,0.38894656162169905,0.7199701036967362,730,0
8.876607255694855,0.0,0.39344262295081966,2.763183437164615,0.4400913896261566,0.6944003743120754,730,0
0.5352458289408327,0.6169977924944813,0.2693156732891832,12.885333333333335,0.41634060615616614,0.7060448564797694,124,248
9.9144486122697,0.0,0.3926174496644295,2.418557933185599,0.4215765873061202,0.703444337033571,730,0
2.1149139181816237,0.9243421052631579,0.0756578947368421,37.87300007110857,1.4459974161150027,0.4088311759496083,730,141
1.4160122249227207,0.001936108422071636,0.42884801548886736,3.6586335319191052,0.34289466329067775,0.7446600447048942,1,1
6.905386468562413,0.0019455252918287938,0.4270428015564202,3.1329684949731855,0.3686650284822145,0.7306389651154843,3,2
4.9258931388545895,0.01643835616438356,0.4876712328767123,2.992735254023189,0.4652973910239992,0.6824553200774938,669,6
0.9166138026158778,0.03571428571428571,0.4489795918367347,5.613006968018582,0.392954779114697,0.717898394831997,445,2
0.8189430591623043,0.0,0.43259085580304807,2.3073634475522975,0.1911125539544666,0.8395512218220038,175,0
2.928186291391375,0.0,0.4095330739299611,2.2364607621310486,0.22804947305842224,0.8142994414626705,2,0
4.822998431189491,0.36939571150097467,0.2524366471734893,14.99784731077862,1.42818693965915,0.41182990636642347,6,147
0.8939786072451473,0.5721200387221684,0.28267182962245885,115.23159754353496,0.7267260818768885,0.5791306510602053,1,216
5.557892464457054,0.0,0.4124293785310734,2.5235655105140324,0.3774047388020833,0.7260030199037147,428,0
0.27768641188100124,0.874,0.102,31.25,0.2585727166651159,0.7945508326684014,17,50
0.26334107873325646,0.9987163029525032,0.0012836970474967907,779.0,0.2608796341746128,0.7930971148206483,226,206
29.73978277361208,0.345703125,0.59375,2.9399555397509767,0.8346890331909668,0.5450514947815209,5,45
18.826109842466916,0.005952380952380952,0.5367063492063492,2.0834907092805897,0.39699027501051015,0.7158245965545298,6,2
1.9799158508271988,0.005964214711729622,0.15904572564612326,9.059552010364602,0.7718371945687467,0.564385939670599,6,3
1.4014960228757447,0.03618421052631579,0.5526315789473685,1.7097751916624797,0.2770295271299442,0.7830672500168783,730,5
2.7977418800543608,0.003289473684210526,0.4144736842105263,3.4288066521220113,0.48281289043729253,0.6743939214779098,730,1
6.5409524460779185,0.00872093023255814,0.4176356589147287,3.5482839672126514,0.6595705751478026,0.6025655160287108,1,8
2.259040063653486,0.010956175298804782,0.399402390438247,4.652113041704526,0.42647762081398455,0.7010274717309442,9,5
5.0189891229267225,0.0,0.20887728459530025,6.125800094712882,0.8190933446738513,0.5497244014046414,651,0
15.189901485693447,0.15614617940199335,0.27906976744186046,10.376507358103995,1.4853308732002453,0.4023609133026004,730,14
0.5977278064743666,0.0025806451612903226,0.47096774193548385,3.545093868069195,0.20075626119413648,0.8328084827186435,227,1
0.7807834244357992,0.17352941176470588,0.5823529411764706,4.285085305448542,0.37740455545659896,0.7260031165415362,6,30
3.455486975360424,0.0,0.41776315789473684,2.3582218932009655,0.3031750042597511,0.7673566456778649,730,0
11.91731526776961,0.3641674780915287,0.3524829600778968,6.779819734518942,1.2524798482993438,0.4439551371591693,2,275
5.311325735710814,0.06264775413711583,0.19267139479905437,11.035788847241086,1.5337814836825887,0.3946670249348431,184,19
3.817628711585235,0.05744431418522861,0.4794841735052755,2.1049774923432856,0.3388585342155589,0.7469049002894864,158,45
0.870522302264502,0.0029154518950437317,0.5121477162293488,2.5497721205327513,0.29245061134460104,0.7737239560432023,3,2
1.7213521084156616,0.0,0.43288590604026844,1.8101133593840677,0.2168279657733105,0.8218088572319149,730,0
4.9662173130050355,0.1981020166073547,0.3879003558718861,5.777356204249064,0.8596129132985736,0.5377463195962671,168,48
6.137239009642289,0.0033783783783783786,0.22635135135135134,13.928255843234211,1.5531203485236031,0.3916775801729329,730,1
37.383731984572705,0.006952491309385863,0.2850521436848204,5.790280947263517,1.020710257377863,0.494875500507248,170,2
2.976267626628201,0.001876172607879925,0.44652908067542213,3.1930729655549355,0.3345919544821048,0.749292693277216,324,1
0.3669768138929702,0.7796052631578947,0.16447368421052633,14.390924956369982,0.31889135440047717,0.7582125674442424,730,36
3.0428081970483483,0.0397489539748954,0.41422594142259417,3.8191162384548214,0.47260088907453296,0.6790706208444961,22,10
1.8456563973687032,0.014941302027748132,0.46531483457844186,3.136637659644788,0.2722177081023205,0.7860289898744068,18,2
0.3687763982349813,0.0029211295034079843,0.5131450827653359,10.419349871685199,0.23501915047305355,0.809704043550229,3,1
2.196321111178883,0.0,0.37877312560856863,2.2206465114470446,0.2370976921334395,0.8083435983745534,3,0
1.5118296802834796,0.019782393669634024,0.4035608308605341,3.8896196761179445,0.3012580454405259,0.76848708332978,4,7
5.645070354126798,0.05456453305351522,0.385099685204617,4.474236981021408,0.6262020662690648,0.6149297315150158,26,11
0.9494320473707084,0.030712530712530713,0.3808353808353808,4.781735847334862,0.4571137739974546,0.6862882074449094,217,5
0.8344388498488415,0.8884578079534433,0.0979631425800194,30.733199686219816,0.6825337211765193,0.5943417284384325,2,152
2.736098443655656,0.028431372549019607,0.43823529411764706,3.423695107901247,0.3606559181265839,0.7349396615838395,5,15
1.8050775057008779,0.0,0.31785714285714284,5.667200329010179,0.5260261457242653,0.6552967672289725,732,0
2.0222013542638617,0.0009689922480620155,0.438953488372093,10.471171644690234,0.509608192560506,0.6624235380598065,1,1
1.2103826885534874,0.0,0.4711111111111111,2.352530081662382,0.20525900238698566,0.8296971837750432,129,0
17.27928897645099,0.3190789473684211,0.41776315789473684,3.3342150527318455,0.8553713432883305,0.5389756630754412,730,97
0.2429602911844643,0.8154838709677419,0.15096774193548387,25.548087694031047,0.22483161072724434,0.8164387587990561,224,201
3.2090735988845407,0.6646525679758308,0.33534743202416917,5.835715862807643,1.0207964543860375,0.4948543916085908,5,446
23.775262876876127,0.11975308641975309,0.3802469135802469,5.816421171676445,1.127525296198132,0.47002966394194734,147,22
3.249871365576516,0.009448818897637795,0.35118110236220473,4.8582434054745995,0.5653297237934373,0.6388430404148903,385,2
25.808957521338225,0.007881773399014778,0.33004926108374383,2.428733282724565,0.3985983659922091,0.7150015503489945,10,1
2.1084632639478875,0.41776315789473684,0.3519736842105263,17.549805950840877,1.045291637704106,0.488927828953785,730,30
5.095571695950662,0.0,0.41385767790262173,3.428426278210644,0.45603000702851176,0.6867990324188546,253,0
2.7319554055390283,0.0,0.43441762854144805,4.5551833963602935,0.36392721625913904,0.7331769526109414,71,0
2.991031179414444,0.0,0.3459915611814346,3.111789244542468,0.35795454561445567,0.73640167355345,65,0
4.718363802645836,0.08881578947368421,0.28618421052631576,7.880996347818951,1.121698048112495,0.47132060138794024,730,6
6.7646158558720035,0.05627198124267292,0.4654161781946073,2.337740594331513,0.3497281572116636,0.7408899300625471,158,34
2.307282036525003,0.003787878787878788,0.17803030303030304,10.334577536477775,1.0356231321600913,0.49125006697033113,735,1
10.063579174812126,0.0,0.29605263157894735,3.9140545697126887,0.4938239194249217,0.6694229400108753,730,0
3.4221363837560816,0.0,0.33852140077821014,2.357580838428484,0.3468960602945253,0.7424477875310812,4,0
0.0,1.0,0.0,0.0,0.0,1.0,71,564
9.379258513472772,0.003883495145631068,0.39029126213592236,5.30199564701006,0.8193632007067564,0.5496428638391369,493,1
1.7587817669440382,0.8760975609756098,0.08195121951219513,46.17655256290065,1.269838280105686,0.4405600208458194,5,100
10.61401281263588,0.0,0.3519736842105263,2.7562814070351758,0.5078475029969319,0.6631970394966623,730,0
1.923116132837033,0.0,0.4346563407550823,1.7394773576799911,0.21053033362625068,0.8260842146800332,1,0
2.6465661790645805,0.0,0.4342105263157895,2.6958210168995937,0.322750678325116,0.7560003683129559,730,0
1.1819307331530773,0.0,0.3887434554973822,2.6379194126404513,0.3195187307390551,0.757852068867492,265,0
2.9353789309433425,0.0068560235063663075,0.32027424094025464,5.081681696649495,0.7825469768875257,0.5609950329309596,3,2
4.6879835565708206,0.3053691275167785,0.4899328859060403,4.416103124960351,0.7453392126605122,0.572954525255665,730,49
5.30310580411734,0.0,0.4440789473684211,4.245724852000324,0.6725926982872411,0.5978741871969274,730,0
3.4516626046490724,0.006910167818361303,0.4452122408687068,2.951430999888529,0.426937680835858,0.70080145295079,8,2
2.6817767976492988,0.0019743336623889436,0.43237907206317866,5.5762222432714035,0.5770201879798939,0.6341072914741592,6,1
17.13976269708979,0.0,0.37123420796890183,2.5495000988698964,0.4145136967055816,0.7069567458618544,2,0
1.2876928620555774,0.0,0.3885102239532619,2.604449216695619,0.21870564886502492,0.8205426806147124,3,0
18.23410557176421,0.2736520854526958,0.4649033570701933,4.208121976249816,0.8925557358924109,0.5283860237428952,35,73
3.471669485599967,0.01582591493570722,0.4540059347181009,5.001892771497087,0.43782374696773774,0.6954955376894594,4,9
1.333769210682602,0.0009699321047526673,0.451988360814743,2.074810825721433,0.2364257601888775,0.8087828903267423,2,1
3.1379820430237646,0.007858546168958742,0.43222003929273084,2.997050625828224,0.37398783602171864,0.7278084811110315,2,5
12.83069285448582,0.04851752021563342,0.37331536388140163,3.1095523482411918,0.47667771183804003,0.6771958376450924,234,22
2.9775406329585112,0.0,0.45595353339787026,2.57083520099302,0.336017806373627,0.7484930180042397,1,0
0.03230231760804473,0.9581545064377682,0.04184549356223176,71.52038369304556,0.03215843277470725,0.9688435110797311,101,337
89.11617555306523,0.28289473684210525,0.1611842105263158,11.273795756315485,2.4134438381006103,0.29295926560679664,730,59
2.167318184027529,0.0,0.47126436781609193,2.1818996081358466,0.2352449663275327,0.8095560210806347,730,0
4.461444108241124,0.0019821605550049554,0.3518334985133796,10.019764002747557,0.8581842888300796,0.538159754127296,9,1
2.138377153658181,0.0,0.3506944444444444,5.697685118241689,0.5872365816306925,0.6300258018074544,730,0
7.08160574988624,0.020689655172413793,0.37701149425287356,3.211498820315411,0.47577103381605695,0.6776118903853224,597,3
8.899687083453289,0.0,0.3712374581939799,2.3162069552303457,0.4864408261892331,0.6727479374767212,730,0
4.028799256615135,0.03304178814382896,0.3673469387755102,4.205841204305354,0.708208742700241,0.5854085481492477,1,17
27.353645964895367,0.0,0.47194719471947194,1.911778596544574,0.3310764548382795,0.7512716466173959,730,0
4.180509905769901,0.025974025974025976,0.4935064935064935,2.953786293332072,0.3197079842204355,0.7577433886563244,647,3
3.6293647238088074,0.03854625550660793,0.3920704845814978,7.26672536543006,0.782211095919164,0.5611007597751805,121,20
6.146844146602702,0.045824847250509164,0.4663951120162933,3.6952303213774376,0.7057275851222068,0.586260085562464,14,9
116.33274696496126,0.049342105263157895,0.5657894736842105,2.484426837949604,0.7636654284972002,0.5670009650595061,730,13
3.2526667536389815,0.0,0.4230396902226525,2.179159590976789,0.27452791123847603,0.7846042375237483,1,0
3.1690261336155956,0.0048449612403100775,0.43023255813953487,5.651484143576618,0.39482175865369135,0.7169374823670798,1,2
3.578921294672762,0.1474056603773585,0.35023584905660377,6.42188835959448,0.7217986804868164,0.5807879930058159,157,22
5.079516370332565,0.1908713692946058,0.35269709543568467,13.797816746022527,1.2048971399818387,0.4535358960138326,307,40
0.007063058597648021,0.9901768172888016,0.009823182711198428,446.92682926829264,0.0070602150925518055,0.9929892820838891,4,283
7.301980952196033,0.0,0.3525641025641026,3.090612537680503,0.4559974654502218,0.6868143823937092,409,0
3.3431351806442335,0.09970958373668926,0.4346563407550823,3.4021984403517505,0.48915844781947493,0.6715202142957095,1,23
14.045133050211746,0.0,0.4816053511705686,1.7856291020621333,0.34077293207199544,0.7458384459288167,730,0
5.028520381187597,0.0019880715705765406,0.35984095427435386,2.7181889753404445,0.3847217957522666,0.7221667219130743,8,1
1.1389646951474692,0.025390625,0.3759765625,7.763654751619146,0.46335614338536807,0.683360646360887,4,10
3.358939187673972,0.6097318768619663,0.30486593843098314,12.445429211274371,1.2090504973844425,0.4526831782179805,10,178
5.241734793944775,0.0,0.44204322200392926,2.4724504049804836,0.3572940115540017,0.7367600471876197,7,0
5.966392957616089,0.008830022075055188,0.41501103752759383,3.1019152997272217,0.5933346965576026,0.6276145257870167,577,1
2.1844922924193497,0.000968054211035818,0.4046466602129719,4.573191666214922,0.45988186727367725,0.6849869310778518,1,1
0.018581881047203066,0.0,0.5472972972972973,1.414486921529175,0.01464698761709658,0.9855644497092579,730,0
9.175887967435544,0.03929024081115336,0.5019011406844106,1.275388960029549,0.2859551615640117,0.7776320900518602,217,30
3.1175860885337903,0.004,0.37,3.194747561823298,0.4108065274641505,0.7088144125597764,5,1
4.946213996902227,0.050930460333006855,0.3780607247796278,4.143176858481443,0.6160878576406027,0.6187782398538305,3,2
3.348701331847479,0.041666666666666664,0.4166666666666667,3.400000272017431,0.4037441606156423,0.7123805235003995,4,1
21.331226734498703,0.005,0.2475,4.526577709499848,0.9516183321873173,0.5123952688429756,170,2
2.3385437156073343,0.04630541871921182,0.36354679802955664,2.7664799944606826,0.4105951587964989,0.708920623868571,9,19
5.938365232116331,0.004214963119072708,0.3656480505795574,5.304369918699186,0.8153177072584067,0.5508677605036175,84,4
48.103377079189016,0.0,0.23666343355965083,191.77348027051664,5.311851732660841,0.15843211189918704,2,0
0.000621666366466791,0.9961240310077519,0.003875968992248062,258.0,0.0006216422718050931,0.9993787439272314,1,673
3.946825079998763,0.02594810379241517,0.38622754491017963,4.44344996591905,0.6667383856464469,0.5999741822782515,5,15
10.612649442407115,0.0,0.4605263157894737,5.104711801679181,0.7631856984514525,0.5671552354798856,730,0
2.9351438989753653,0.01998001998001998,0.5284715284715285,2.1614062348256775,0.3290236327212188,0.7524320677070788,8,8
4.6465509444027155,0.0,0.4166666666666667,3.4775203151059224,0.7001824755737794,0.5881721605573654,730,0
0.6614421294992978,0.8382066276803118,0.13157894736842105,57.06315089740749,0.5624768962522624,0.6400094634350034,4,194
9.614664047232738,0.0,0.3973509933774834,9.261285951253953,0.9888160077454519,0.5028117211976855,730,0
0.029912836828463695,0.8155053974484789,0.1844946025515211,83.52459016393442,0.029734836336166724,0.9711237929543451,4,292
0.6587558172156007,0.0,0.2861788617886179,3.7563119223520163,0.25207963537621686,0.7986712440215724,413,0
1.6505818801968708,0.3830472103004292,0.4742489270386266,6.892616145786112,0.6212562545305607,0.6168056389639359,101,174
0.5493977613112122,0.9737373737373738,0.01616161616161616,161.06374657802115,0.522411763737922,0.6568525177083081,40,395
0.0,1.0,0.0,0.0,0.0,1.0,21,615
5.9800951620328835,0.04105263157894737,0.4010526315789474,2.56930752016362,0.45920566233613536,0.685304358262314,38,12
3.016558207119885,0.0010460251046025104,0.4435146443514644,3.230000542558806,0.318102659910808,0.7586662483995495,70,1
0.9121008326512301,0.0,0.48828125,3.569250552158927,0.2130678065296221,0.824356226929167,282,0
2.0735628271330224,0.1551155115511551,0.3102310231023102,6.432949681346903,0.7582085761434934,0.5687607338336556,730,47
7.410145651251751,0.0,0.5140692640692641,2.0745026174977457,0.4159808808327072,0.7062242248722469,82,0
0.5634752204700048,0.9769736842105263,0.023026315789473683,118.83202511773939,0.5301490731419066,0.653531095468147,730,155
3.3299632065302425,0.0,0.39403620873269435,2.577530325279386,0.3409024251389136,0.7457664191310586,82,0
0.011521182165098722,0.997029702970297,0.0029702970297029703,582.6923076923076,0.011515253519722232,0.9886158379919104,19,435
6.921805278195304,0.17185821697099893,0.4038668098818475,5.578668574069888,0.9395549520468404,0.5155821952580851,20,50
3.1269089170108955,0.16712328767123288,0.4876712328767123,3.637504441449012,0.5338093489497429,0.6519715117688765,669,61
0.4433230566482418,0.9205298013245033,0.0695364238410596,71.9167360532889,0.41066058250343235,0.708887745502428,730,120
4.1136320807711675,0.12171372930866602,0.5150925024342746,3.6200085417289123,0.6517014312150874,0.6054362980507573,2,23
3.343763352401853,0.0,0.3583617747440273,2.62967433178721,0.3117018848201935,0.7623683487632396,730,0
6.238060582736194,0.0,0.2980132450331126,3.6122556788166937,0.5960879677722117,0.6265318830739514,730,0
4.196771856522876,0.0,0.4144144144144144,2.6324707038236457,0.30875114953276517,0.7640871989736231,595,0
2.276180973739298,0.5756578947368421,0.17105263157894737,8.869344608879492,1.1316690097583557,0.4691159816191911,730,30
1.5217310559023085,0.006666666666666667,0.416,3.8681754400484536,0.33486539697342355,0.7491392032989446,278,5
4.096505406951013,0.0,0.4713313896987366,2.044503095399417,0.25484389526656875,0.7969118738770038,2,0
3.632734566681063,0.002150537634408602,0.4612903225806452,2.694111106449041,0.2731193893383737,0.7854722882821612,101,1
4.255006098902599,0.005994005994005994,0.3066933066933067,4.395676646125478,0.5929063163831314,0.6277833101136856,20,3
6.5239274164543675,0.018369690011481057,0.32950631458094143,4.6454593300662275,0.5959367958657926,0.6265912300477425,151,12
1.8799237186236855,0.8689320388349514,0.08349514563106795,40.6608311305629,1.298202817344755,0.43512260643530015,2,65
2.6138634930627966,0.012290502793296089,0.4592178770949721,2.388366139396097,0.3443698682954091,0.7438429137570213,136,4
3.7914305636732077,0.0,0.33510074231177095,5.598011287203298,0.49235560760815494,0.6700815776762024,85,0
3.079373535137844,0.08785529715762273,0.5387596899224806,3.69561057946594,0.5629394852976779,0.6398200374402466,260,50
1.5246236465707577,0.8584070796460177,0.13962635201573254,16.701699003298693,0.9808219883876249,0.5048409225374123,5,221
6.762714948390605,0.0,0.22001982160555006,15.84471651093934,1.0981666668693595,0.47660656123761785,10,0
5.168302488819358,0.0589622641509434,0.5165094339622641,2.030614780219582,0.3665597648882114,0.7317645562920572,158,50
1.313830565998663,0.0,0.36627906976744184,6.791875637317129,0.4061270853733305,0.7111732718913506,154,0
2.8389315029319415,0.0,0.3815789473684211,2.784635650664317,0.33237380588747895,0.7505401228853426,730,0
1.3606173955575493,0.3785900783289817,0.5352480417754569,7.410236922355149,0.5689820799765704,0.6373559091350062,262,172
5.461081843607396,0.0011173184357541898,0.41899441340782123,3.096983233193872,0.4685399551394901,0.6809484457676975,133,1
0.0979949441006635,0.9560117302052786,0.042033235581622676,116.07518796992481,0.09661327044801978,0.9118985032813358,2,510
1.8204765429446155,0.4083044982698962,0.46943483275663206,6.174290170273677,0.6949393331012903,0.5899916182665161,154,36
6.717365764902728,0.0176,0.3424,3.5217795859808056,0.656379398968487,0.6037264171618844,408,5
0.7621828980088107,0.6778455284552846,0.14634146341463414,17.373454245671887,0.5881705028865281,0.6296553160901064,34,52
12.657334141959202,0.0,0.31853496115427304,3.8322491399908096,0.6364601284893312,0.61107507759638,132,0
2.5185747041171727,0.5225933202357563,0.14833005893909626,127.00657073941613,1.7105042622630173,0.36893504058359,7,60
1.4702736007353818,0.015888778550148957,0.30486593843098314,16.937938189706667,0.7549245190165915,0.5698250774685004,2,2
1.7723450294883891,0.0,0.4901315789473684,1.971483835880702,0.23913721675956373,0.8070131269360745,730,0
0.2905578674055144,0.003926701570680628,0.45287958115183247,4.74386220155361,0.19321462142188076,0.8380721976138384,161,1
9.508899784558672,0.001943634596695821,0.39844509232264336,2.5250535209596756,0.5086421704996394,0.6628477047468554,3,1
10.890858301030283,0.002904162633107454,0.3504356243949661,4.936928697785367,0.8028946815302955,0.55466356978279,1,3
1.1523176433860474,0.0,0.5295202952029521,2.4572167737361554,0.2904925896005273,0.7748979018233267,272,0
31.55321883331406,0.0,0.19745222929936307,4.51083835589835,1.2819093494470233,0.4382295029565179,716,0
0.007323773782024838,0.9931305201177625,0.0068694798822374874,296.43636363636364,0.007319822945302643,0.9927333675178751,9,307
3.2361743554907823,0.0,0.3405535499398315,5.574354482710297,0.5260219443540456,0.6552985713605141,199,0
2.6027487423722997,0.5670910871694417,0.1802154750244858,24.675523657628922,1.35478280191798,0.4246676165570327,4,97
42.15080522651962,0.0,0.48742138364779874,3.9445213318268495,0.6425578556614566,0.6088065613964635,223,0
1.2152821013930526,0.061122244488977955,0.5430861723446894,3.675053298157209,0.34395134100449104,0.7440745579766183,4,6
1.5327820512853385,0.0009718172983479105,0.3401360544217687,7.723105479783714,0.5237261521512483,0.6562859071416252,2,1
1.1046189363001893,0.006815968841285297,0.4498539435248296,3.9940984557831736,0.265875051872302,0.7899673814733473,4,2
3.3218211014972976,0.0,0.33725490196078434,8.318586642258351,0.6579472989951423,0.6031554806392733,4,0
4.8566279298576065,0.08955223880597014,0.20597014925373133,9.43525492002614,1.2826646772011843,0.4380844939634838,346,19
2.9466300987201195,0.0,0.4342105263157895,3.813890654799746,0.38653667409336007,0.7212214568027119,730,0
9.706485208034824,0.0,0.35855263157894735,2.4933045897951156,0.48799377900200547,0.6720458204272185,730,0
0.022631751977991645,0.4829482948294829,0.4004400440044004,28.448584202682557,0.022302489698829607,0.9781840600765828,105,105
2.1153069965619493,0.0,0.4013377926421405,3.2158657060090623,0.3844142660742861,0.7223271418862576,730,0
3.6607188473243726,0.0,0.4772727272727273,1.8112063734470674,0.26061332196069736,0.7932646613988246,253,0
5.469233851811685,0.0,0.31893687707641194,2.474834990792827,0.3864529643851378,0.7212650019061256,730,0
5.321149972388275,0.7636579572446556,0.23634204275534443,11.644420787767348,1.5404002876816778,0.3936387524631331,175,281
11.411361969900724,0.0,0.3344370860927152,2.8581233588922963,0.5905520271077092,0.6287125368784192,730,0
0.38674487880888614,0.0,0.34105960264900664,3.9270728601112674,0.25886423325047897,0.7943668376516881,730,0
6.056435901462298,0.0009718172983479105,0.4071914480077745,4.927801440482571,0.594191119330218,0.627277362089521,2,1
3.989531966820954,0.1483996120271581,0.33074684772065954,10.549379914835422,0.9682007998004857,0.5080782408488853,1,46
5.414645362060166,0.0,0.3978702807357212,3.1033505731780235,0.3987234654901809,0.7149376018007614,1,0
1.0383538060045618,0.0,0.34990253411306044,2.360954755967225,0.22123602258577713,0.8188425345353438,4,0
3.4842261197638473,0.007070707070707071,0.3484848484848485,3.4929435483870965,0.6929479168808577,0.5906856259597357,41,2
3.945919845120635,0.7438180019782393,0.2542037586547972,11.797689492739517,1.3011666699555644,0.4345621779839659,6,441
2.910259455729212,0.0,0.3157894736842105,5.023548459583883,0.433777156234736,0.697458454859272,730,0
3.0152295565747753,0.0,0.48596112311015116,2.077709092731076,0.38181868236208016,0.7236839483821427,421,0
5.972967478438038,0.031685678073510776,0.44106463878326996,5.680880729053142,0.7432872115854922,0.5736289426975809,242,6
2.499408834554712,0.004906771344455349,0.450441609421001,5.333133789926358,0.3449430831067594,0.7435258878688338,7,4
5.912675449015742,0.0,0.3336575875486381,3.102272512064924,0.46142596030643535,0.684263197151854,3,0
0.0,1.0,0.0,0.0,0.0,1.0,5,321
4.7151225092598255,0.0011933174224343676,0.3794749403341289,3.1819266376527047,0.4752061565389837,0.6778713575505433,195,1
23.994482915365985,0.19716775599128541,0.30501089324618735,7.748594461917237,0.990701283651918,0.5023355378389629,107,40
3.950426502309347,0.0,0.4200848656294201,3.225127470609892,0.5977270861171481,0.6258891200437959,241,0
1.5306859031767768,0.2342007434944238,0.3754646840148699,5.71705494248847,0.673307564434956,0.5976187649266266,730,8
1.5190949899752504,0.0,0.2814569536423841,4.938301681339165,0.5436719327027074,0.6478060388447757,730,0
18.272625339456837,0.002004008016032064,0.23947895791583165,17.882024594368062,1.0736326544431054,0.4822454921595358,9,2
0.9612314260554752,0.5033112582781457,0.40397350993377484,5.331737932902876,0.5545530606696726,0.6432717063830671,730,26
0.6017449560145544,0.06124497991967871,0.5301204819277109,3.858697039545308,0.25745974946861583,0.7952540830214131,13,50
3.2556048465230356,0.02237136465324385,0.4317673378076063,2.094880080668968,0.3404114083064047,0.7460396067976541,573,2
2.3795412529193722,0.8079268292682927,0.16565040650406504,18.22479852961968,1.230092405461895,0.44841191223772664,44,139
11.6128799260649,0.5406976744186046,0.39244186046511625,8.295180536893564,1.2258155403072573,0.4492735277883617,1,72
4.2113952590225745,0.01781970649895178,0.34276729559748426,3.057659011466466,0.43580476746399394,0.6964735197016103,16,4
5.277880536706778,0.0,0.3272010512483574,2.6617447577446307,0.44981063208446165,0.6897452521521741,266,0
6.487395977217377,0.0009699321047526673,0.43161978661493694,2.610185222889511,0.4378904579112943,0.6954632701663644,2,1
3.802604595678078,0.34305835010060365,0.4557344064386318,6.165136885829643,0.8365196555701397,0.5445081935099433,16,120
5.591855412989571,0.0,0.37148399612027155,5.536977861520003,0.8511421631673256,0.5402070245588207,1,0
2.6490448760093264,0.002145922746781116,0.40450643776824036,2.984144748555791,0.3241915366295576,0.7551777611759121,54,1
3.3426902866464574,0.7039473684210527,0.2138157894736842,11.042545196442736,1.297767422467527,0.4352050561001164,730,77
3.060982491696835,0.0,0.3177304964539007,2.964856871313563,0.44585796062599425,0.6916308705504122,324,0
8.155709800126882,0.003289473684210526,0.2993421052631579,4.5487556893400924,0.8475984927981224,0.5412431347492255,730,1
1.719311398345251,0.0,0.42191780821917807,2.361329458246282,0.27299917362532916,0.7855464643799692,669,0
6.694464710547704,0.07023411371237458,0.3277591973244147,4.862748766561339,1.1489707646165381,0.46533904344596316,730,8
3.8905470855930306,0.0,0.5469556243550051,2.852103771629762,0.3944334951484586,0.7171371051249273,32,0
5.627234026087346,0.017421602787456445,0.32752613240418116,7.201912474082399,1.1051195368035802,0.47503240671947916,315,4
7.771231940548675,0.01582591493570722,0.34915924826904055,4.927073555606471,0.6638587748708661,0.6010125469198017,10,3
6.29083188040022,0.0,0.34626576139670223,4.93677079500249,0.6724088861131372,0.5979398987314103,2,0
2.927605244901305,0.0011173184357541898,0.47150837988826816,2.540742171304168,0.3157069523773952,0.7600476672963279,134,1
0.0,1.0,0.0,0.0,0.0,1.0,2,594
5.551669507663869,0.006958250497017893,0.279324055666004,3.6480915263910974,0.5048345451555006,0.6645248829642372,16,3
6.115187167134713,0.0,0.5117845117845118,2.108273160239668,0.3014497435051436,0.7683738884198011,730,0
6.3863053192217185,0.0,0.3815789473684211,2.076617068019682,0.3396430119510301,0.7464675223764422,730,0
0.12119006023629117,0.0,0.3020329138431752,1.754656256518759,0.061376044743659035,0.9421731392491692,1,0
5.37611160536646,0.0,0.4144736842105263,2.4579565444265725,0.27791412427222534,0.7825251955560801,730,0
2.2238124484812265,0.0,0.3566666666666667,4.082313681868744,0.48385823509165066,0.6739188261729294,730,0
3.3864634697208356,0.1819941916747338,0.5672797676669894,3.2557757842577404,0.5413771552720836,0.6487704820196847,1,104
3.069605460814668,0.0050150451354062184,0.5195586760280843,4.960451259101041,0.3789561290602145,0.7251862324884255,9,1
2.7292241965056676,0.0,0.3929292929292929,5.089311771177721,0.32598209762343305,0.7541579948871912,21,0
1.4569640494033933,0.016597510373443983,0.3236514522821577,11.092267734336575,0.5597424997575088,0.6411314689158427,231,3
7.927106740867029,0.4604904632152589,0.45095367847411444,5.846168289836967,0.9773712581609584,0.5057219254466375,288,304
5.316264159820127,0.0,0.41118421052631576,2.644719869889518,0.5119305612314754,0.6614060365216077,730,0
0.3895004309982739,0.11713455953533398,0.4791868344627299,4.85992445054945,0.24907387967142314,0.8005931564777068,1,96
3.7336460699697156,0.0,0.5190243902439025,4.923778984237443,0.6609547039370646,0.6020633781460973,4,0
4.844102206385378,0.015625,0.396484375,5.7489650473089755,0.6332248664820695,0.6122855587877364,2,3
2.2809915001583714,0.0,0.43207126948775054,2.7755662602415025,0.26605977678771875,0.7898521209932339,131,0
3.4717005354489734,0.0,0.41610087293889425,3.05290839053993,0.3466724054749624,0.7425710929654838,2,0
5.738447402835607,0.8262135922330097,0.16310679611650486,10.398067886402218,1.7039422577738215,0.3698303827032566,3,514
0.7525741128274271,0.017578125,0.4716796875,5.644762507420623,0.30139579392749993,0.7684057414862902,2,5
3.269028159248245,0.0,0.41118421052631576,2.899976778852276,0.334159799464511,0.7495354007828506,730,0
5.1017686261586634,0.0,0.40816326530612246,2.5481377371749825,0.4043782961529837,0.7120588538994813,730,0
8.915117183572127,0.0,0.4470198675496689,2.4407227061605252,0.4770660854950098,0.677017778568025,730,0
3.5764339338823676,0.014285714285714285,0.5285714285714286,2.2457383292934967,0.2436388558107471,0.80409195589831,326,3
4.32152575875928,0.0,0.3223684210526316,3.0490281217501316,0.6055625965276249,0.6228346388753172,730,0
4.535567007014381,0.04460093896713615,0.4495305164319249,3.1253922925479034,0.4265159875737573,0.7010086172961981,151,21
3.267524451791245,0.0,0.3821532492725509,2.078932756655659,0.24004310248783145,0.8064235815624102,2,0
68.22574819395842,0.38555442522889116,0.5005086469989827,5.192646339422906,1.0542163124521922,0.4868036505884153,26,274
3.434056912416286,0.20394736842105263,0.3684210526315789,4.949757500682359,0.830789365877661,0.5462124800580818,730,9
4.708950833468264,0.04729064039408867,0.47389162561576353,2.515232282822925,0.438748036337576,0.6950487331649559,4,28
1.9856131142786284,0.0,0.46381578947368424,2.561528325115534,0.31432162233101424,0.7608487778101456,730,0
12.12085018229359,0.01001001001001001,0.4044044044044044,2.606768603671862,0.45301384333022554,0.6882246886981177,8,3
0.008716692405761853,0.9437086092715232,0.056291390728476824,98.15,0.008705162389352114,0.9913699634799806,730,115
16.958948181687656,0.5662020905923345,0.37630662020905925,5.068895569615907,1.2392173264057962,0.44658461159958784,315,115
6.8472906782981795,0.007960199004975124,0.2298507462686567,8.642320078458104,1.293974974603793,0.4359245462879195,6,2
7.871078360376295,0.16,0.49,5.806778888957907,0.7384166426230646,0.5752360944331035,730,48
0.014712281959665622,0.8801498127340824,0.1198501872659176,41.28865979381443,0.014659026320971456,0.9855527562060693,730,59
57.39731483477363,0.002178649237472767,0.33769063180827885,3.648788085741479,0.7831853246929312,0.5607942069466069,322,1
1.191410295793042,0.7828947368421053,0.15460526315789475,25.988453934361413,0.8414188173332204,0.5430595096493148,730,19
5.2214532435686944,0.02918781725888325,0.39086294416243655,13.019040236357519,0.978118685367375,0.505530839679764,243,17
2.5650885927916875,0.007585335018963337,0.43742098609355246,3.6809563489519905,0.37084149596955474,0.7294789389875671,179,2
1.0226615174205578,0.0010080645161290322,0.4879032258064516,2.014682413022662,0.20801658121953884,0.8278032069646443,40,1
8.382243831690733,0.2817371937639198,0.43429844097995546,6.495836654142472,1.005611697786751,0.4986010009332954,52,28
2.762031957820882,0.002631578947368421,0.4697368421052632,1.707455638764895,0.23606845266516016,0.8090166833752944,266,2
3.305725379971478,0.01718213058419244,0.6219931271477663,1.4139668145357447,0.1919270901879702,0.8389774913516709,8,4
3.6073313690204434,0.0,0.3588235294117647,4.84612555174105,0.6993716160058795,0.5884528084271241,4,0
10.700320183229255,0.0,0.3684210526315789,2.9393338445402226,0.6717697728552858,0.5981684896073087,730,0
0.9210036525513657,0.8649835345773875,0.10208562019758508,25.401299555848002,0.7269653492360627,0.5790504137459146,85,168
3.678779687915112,0.0,0.4398216939078752,4.036118407914342,0.6303241544271981,0.6133749520207179,307,0
4.404924055774169,0.0,0.5225334957369062,2.3201379617267466,0.36868617084214417,0.7306276787941139,201,0
0.08570216180416976,0.9352589641434262,0.0647410358565737,157.09528585757275,0.08485948346734759,0.9217783641471005,13,207
1.8837858385307182,0.0,0.4743276283618582,2.424665970372142,0.2934564369610545,0.7731222880219117,213,0
0.0,1.0,0.0,0.0,0.0,1.0,730,266
4.240475794916955,0.008729388942774006,0.43743937924345294,3.6961740274403456,0.4875708220761324,0.6722369013694065,2,5
4.353573734648983,0.0,0.3672869735553379,2.297161288486827,0.2816575779898079,0.7802396031305269,5,0
1.2704044948802875,0.6025878003696857,0.3456561922365989,20.7567873978161,0.7844151107423538,0.560407717901458,322,83
7.126538433417815,0.9381139489194499,0.05893909626719057,24.17132211809868,2.600851840976316,0.27771206485653827,4,347
0.0,1.0,0.0,0.0,0.0,1.0,4,393
5.152702389723546,0.0,0.47639484978540775,2.5160357782893645,0.4377487812506411,0.6955318015502954,101,0
55.22380905685223,0.1201171875,0.1220703125,18.867854089335367,2.560098931905664,0.2808910704806498,3,39
3.7687937800980835,0.005859375,0.3193359375,6.690477006201141,0.6447128763697296,0.608008859398752,3,2
1.4894358939521906,0.2177734375,0.587890625,2.9486620901224754,0.48428788199618433,0.6737237513892004,5,30
2.6620451021676215,0.0,0.3552758954501452,3.0230853164892233,0.3446049783628685,0.7437128495668339,1,0
7.782086408619303,0.16132167152575316,0.40233236151603496,8.194158927504223,0.8630761146292064,0.5367467234150132,2,80
5.114352693512009,0.02524271844660194,0.4621359223300971,4.519159102107759,0.42920955334601424,0.6996874584687989,3,26
12.416790644592828,0.0,0.4724220623501199,3.1158210431932716,0.5659040875835373,0.6386087167977026,199,0
2.853600074730892,0.0,0.4370860927152318,3.0223700891449727,0.4806854094190354,0.6753629053401438,730,0
8.904688451536344,0.0,0.3782894736842105,2.543278061340127,0.4651925606432295,0.6825041478240875,730,0
3.2800414556718325,0.0,0.4465753424657534,1.901080626886559,0.31667247648401153,0.7594903196202287,669,0
0.04533557303855412,0.944078947368421,0.05592105263157895,184.83199999999997,0.04514992368131189,0.956800529131475,730,87
9.713908649400196,0.0009737098344693282,0.14021421616358326,16.262537682760012,1.787375759958219,0.35876038471934957,3,1
3.1769742567954244,0.21016949152542372,0.5932203389830508,3.2682422222536047,0.5476837611497354,0.6461268284272267,730,8
12.551691830567608,0.11145510835913312,0.38699690402476783,4.459278817519106,0.7963020028899094,0.5566992623685714,245,59
4.0703701106188035,0.09458128078817735,0.316256157635468,9.131797460110711,0.9025782683201856,0.5256025555694561,4,25
2.68380558180483,0.003942181340341655,0.47963206307490147,2.831930673776229,0.35429684465911293,0.738390555913691,266,1
3.8029166739581544,0.0,0.48355263157894735,2.8411527891748403,0.5453830693345405,0.647088750901491,730,0
3.5723113918011524,0.0,0.4139941690962099,3.512580259522283,0.4270567923196855,0.7007429594827104,2,0
5.706473452130509,0.0,0.3564245810055866,2.8261428309161007,0.42344295950758465,0.7025220036536853,136,0
1.8491057832375297,0.0,0.39282250242483024,3.627726952850106,0.541945295293268,0.6485314382115006,1,0
3.828186975181535,0.0,0.4142300194931774,4.127641078833465,0.39925021768579516,0.7146684612662697,3,0
1.3746917459091923,0.0,0.26501766784452296,9.21121760960615,0.4770913303207297,0.6770062077223512,129,0
0.12180416327114697,0.9832535885167464,0.01674641148325359,218.60393873085337,0.12048687849904025,0.892469174953267,197,739
6.504805152546175,0.017628205128205128,0.34935897435897434,4.853118386822844,0.9366667240163872,0.5163511034702626,409,5
45.04958376592298,0.9853862212943633,0.0041753653444676405,952.0461270918265,18.278711965606508,0.051870685229594905,10,177
4.0663356998461815,0.005911330049261084,0.33497536945812806,2.8143214931947225,0.46081291013962555,0.6845503575844077,6,1
1.7634519359493799,0.0,0.45038910505836577,3.1304490960467475,0.23887015331774478,0.8071870948879987,3,0
1.436592690281492,0.043343653250773995,0.5603715170278638,2.021357428894137,0.29809678250612787,0.770358584565153,12,11
4.286956247708201,0.029175050301810865,0.4084507042253521,3.318023758316416,0.5353888121357272,0.6513008249740982,13,29
1.0228814543827578,0.6059523809523809,0.35833333333333334,6.193588120573441,0.6031564025450437,0.6237694578099051,141,193
4.337956361368206,0.0,0.4570815450643777,2.5107560234692405,0.39261907839272514,0.7180714493400007,101,0
5.163996712297759,0.0,0.3174825174825175,4.4757158273713085,0.5113887764496275,0.6616431295388335,318,0
3.957353556179313,0.06305418719211822,0.25517241379310346,11.276426526303613,1.1692162635165158,0.46099599049607914,10,40
0.47221073662022855,0.0029182879377431907,0.4163424124513619,1.9980150525184022,0.131624187842147,0.8836856005233183,3,2
2.1016875277657148,0.0,0.40254652301665034,5.2237155340412595,0.4725295775617565,0.6791035068075303,4,0
2.4013891434469232,0.4309210526315789,0.15460526315789475,26.643406022845276,1.3401051851452312,0.4273312184203969,730,13
0.4676887822384169,0.0,0.3584305408271474,2.684472725750408,0.2657434708460585,0.7900495029467322,85,0
4.813549218829477,0.0,0.3050847457627119,4.089591468909583,0.6194368432885604,0.6174986101769295,730,0
5.071429385111791,0.0,0.467444120505345,3.3966421037362027,0.4917922341678957,0.670334633131931,3,0
0.0,1.0,0.0,0.0,0.0,1.0,680,257
0.0008151300584956362,0.9933333333333333,0.006666666666666667,150.0,0.0008150757201142953,0.9991855880872621,730,142
3.145138016552717,0.0,0.2251655629139073,10.59631551892815,1.0494565956212454,0.4879342173611016,730,0
18.797638370172535,0.0,0.511307767944936,1.9860401569188273,0.36818858606928945,0.7308933945085234,4,0
2.7252829792449016,0.0,0.5526315789473685,2.848968737755568,0.44522391926745064,0.6919342993623273,730,0
3.841296317469104,0.0,0.42105263157894735,2.015684078593091,0.2830431805702795,0.7793969954740929,730,0
1.9432352506138089,0.0035971223021582736,0.3597122302158273,4.716762576573232,0.6614661438357277,0.6018780483190345,730,1
2.039241195740114,0.0,0.32,4.777574104707829,0.4313267943187748,0.6986524698407114,730,0
5.702905352856207,0.366723259762309,0.16298811544991512,34.200074054586025,2.0795354664126156,0.3247243004364262,402,112
2.3056216319360687,0.0009881422924901185,0.44367588932806323,3.001987383865315,0.32676098449153185,0.7537152597106556,11,1
4.415879572306251,0.07247796278158668,0.39764936336924583,3.6953037861690596,0.6661691826832391,0.600179147707903,4,16
13.114356503297088,0.0,0.3684210526315789,2.9452153082801535,0.7154663237182607,0.5829318746593097,730,0
3.999765535763975,0.0,0.2857142857142857,7.024554743346393,0.5918238121119401,0.6282102280360147,730,0
0.002493007351524492,0.9965437788018433,0.0034562211981566822,607.6,0.002492720171781199,0.9975134780316868,161,260
3.4892074391598373,0.0009832841691248771,0.4306784660766962,3.0982757107824646,0.47231721581969865,0.679201458255896,3,1
1.4908967755862506,0.05976095617529881,0.5298804780876494,2.4540909472976375,0.3762610099135538,0.7266063579486367,20,13
1.8662139543061365,0.000975609756097561,0.5570731707317074,2.8337062428199404,0.42361635478218473,0.7024364370645358,2,1
22.70283665459647,0.004052684903748734,0.12259371833839919,17.401582802015767,1.75333976875501,0.36319527700432497,7,1
6.173230897026924,0.011616650532429816,0.5788964181994192,2.324031987757156,0.31459468488121634,0.7606907372292911,1,2
1.5352678472141623,0.7795275590551181,0.1220472440944882,43.676399512249205,1.0632440153843352,0.4846736462307018,9,65
1.9227329679295497,0.0,0.14144736842105263,7.470463040795521,0.677199057211061,0.5962321500841141,730,0
0.9414170957863408,0.5505836575875487,0.3414396887159533,12.530055214084802,0.603374673908225,0.6236845425296014,2,229
0.364091413711788,0.0,0.47368421052631576,7.91656896019747,0.23749338004159115,0.8080851309009756,730,0
26.480207313480545,0.33367875647668394,0.39481865284974094,4.8950954893874,1.1196116300344046,0.47178454101224593,28,108
7.404821874802594,0.04793028322440087,0.42919389978213507,3.025463043949815,0.5503687528393383,0.6450078396953013,323,22
12.028439049263802,0.008866995073891626,0.28669950738916256,11.512675025666791,1.0172393204945491,0.4957270016702027,7,2
2.8956317189454417,0.2706692913385827,0.46948818897637795,7.473736012428394,0.713201138045379,0.5837026241652614,13,272
3.7965699181837156,0.18117977528089887,0.5351123595505618,4.256376365286687,0.6201795001105396,0.617215561566958,241,55
5.560781138378601,0.04276985743380855,0.5458248472505092,2.5500165709764615,0.4780875296042342,0.6765499200630936,535,6
3.9457229287589493,0.0009775171065493646,0.3235581622678397,4.1180239620798895,0.6659794085624068,0.6002475149815398,2,1
3.7307978258982053,0.0010834236186348862,0.28819068255687974,7.636388006679327,0.5927181332842277,0.6278574840721961,97,1
6.090593779305265,0.00684931506849315,0.38258317025440314,3.0631391919085607,0.4790660664372113,0.6761023207089117,4,2
7.580651092956615,0.0,0.4305150631681244,2.349372016558401,0.3407305054180329,0.7458620475620528,2,0
2.411801114409044,0.35689851767388825,0.4663625997719498,4.260360463235225,0.7100819733634798,0.5847672892739446,154,98
6.697439906560408,0.00390625,0.330078125,5.333506846810837,0.9170122150547423,0.5216450850687167,6,1
0.0,1.0,0.0,0.0,0.0,1.0,3,292
5.876943874872396,0.06621226874391431,0.49756572541382665,5.0610382966109775,0.7503193482271971,0.5713243134819057,3,13
1.5404039892945278,0.0,0.5164473684210527,1.8020337360928338,0.23700921790947282,0.8084014132812892,730,0
11.966327789697798,0.2541871921182266,0.4876847290640394,4.434201298461614,0.9196956544800999,0.5209159054281572,5,75
4.760465038708351,0.36108324974924777,0.40220661985957873,5.157022147151987,0.8399700630381858,0.5434871034525339,19,321
8.838832142384597,0.0029296875,0.412109375,2.6402994707628755,0.4613884075793109,0.6842807803959736,3,2
3.215009967393846,0.000968054211035818,0.3814133591481123,3.1343008630364957,0.4432425072660696,0.6928842484651434,1,1
2.685746011533444,0.0,0.38079470198675497,3.09149694938558,0.3748268399400625,0.7273643276004099,730,0
17.53067532474612,0.0,0.4294117647058823,2.4383657523390982,0.48747856070172885,0.6722785970967156,443,0
1.8590197443985397,0.02834008097165992,0.5222672064777328,1.7674229419406977,0.2170563746796831,0.8216546257055592,8,5
26.280708978245535,0.0,0.41818181818181815,2.5636021631187336,0.5436240148676459,0.647826148316138,156,0
2.505629916219257,0.03543307086614173,0.4356955380577428,2.733550924688382,0.3662014235685643,0.7319564910040617,245,15
0.8061813408745625,0.0,0.46511627906976744,1.7514779406796834,0.16339899776661412,0.8595503364879182,730,0
3.4284602952607077,0.0019940179461615153,0.3708873379860419,4.211412782682215,0.5498052078104798,0.6452423794683019,9,2
5.918342669914127,0.09048178613396005,0.5675675675675675,2.294206409041853,0.5061808531135537,0.6639308937786691,158,45
191.5313605956349,0.021400778210116732,0.2130350194552529,280.4894145796097,8.37967635765423,0.10661348663527775,3,9
2.6999244199381986,0.0,0.3783251231527094,3.5733486353460333,0.38053242513587654,0.7243582126668098,5,0
1.7711590507905208,0.002280501710376283,0.4606613454960091,1.9964736098676232,0.25969075438290673,0.7938456295885705,148,1
2.280830101174167,0.0,0.3610738255033557,4.161501763011651,0.3706021839326229,0.7296063086159207,278,0
3.704299231716022,0.000992063492063492,0.3958333333333333,3.020327665092919,0.3566490464740642,0.7371103105840111,8,1
9.486692364941577,0.0009784735812133072,0.3913894324853229,3.3040078429541793,0.48789150972775275,0.6720920130681942,6,1
4.278276624596315,0.03729146221786065,0.38469087340529934,2.2090306837283142,0.3713636269554885,0.7292011982409519,4,10
5.617215419254939,0.00484027105517909,0.3330106485963214,3.2157616556743234,0.48252326540188367,0.674525670751561,1,2
3.184944704326995,0.40555555555555556,0.36,7.132105358226307,0.9370209746933899,0.516256670972956,71,69
14.298977126438658,0.0,0.6647807637906648,1.742717280012185,0.41529910067997117,0.7065644283385446,241,0
4.7556033098049575,0.44573643410852715,0.3081395348837209,6.664020031969433,1.0544824182232249,0.48674059759772903,1,158
3.5146874972385898,0.022222222222222223,0.42857142857142855,2.83261766415691,0.5283642679651499,0.6542942811214704,399,2
1.356791061307286,0.0,0.4849315068493151,3.254612606832334,0.3132990892440386,0.7614411737509238,669,0
2.5221790266920667,0.001984126984126984,0.38392857142857145,6.3090554502081835,0.6401115024915033,0.6097146434744797,5,1
4.854400969096485,0.0,0.37566844919786097,2.0505417915341733,0.2619476352364517,0.7924259074447488,278,0
2.324287516078194,0.017453798767967144,0.446611909650924,3.815264316895056,0.35520437956255,0.7378960805327331,10,7
4.0913719417154955,0.085,0.27375,11.084603948414756,1.0511450663400805,0.4875325575018104,233,26
15.389374393881,0.006842619745845552,0.34995112414467255,4.110172531521695,0.7836081357027868,0.5606612685728609,2,4
1.8665354048800362,0.037111334002006016,0.41624874623871616,2.830645161290323,0.3131770813557108,0.7615119196015895,7,13
0.265832057794371,0.0,0.4342105263157895,2.5379783872352046,0.14422384232414612,0.8739548705512036,730,0
7.415278614693718,0.24512987012987014,0.49188311688311687,3.671482420047776,0.746270800077004,0.572648869783486,406,136
4.699295716559502,0.0,0.4342105263157895,2.7014293185875253,0.326416782510982,0.7539108470166846,730,0
0.0,1.0,0.0,0.0,0.0,1.0,227,389
4.729447964595304,0.049800796812749,0.4362549800796813,2.481489867640386,0.3789316320858615,0.7251991155553775,13,50
0.4675656935512862,0.9461312438785504,0.034280117531831536,65.77364066193854,0.4384985240069288,0.6951692916684448,6,360
4.390405018678204,0.0,0.3917727717923604,3.040079401355569,0.4746494371651135,0.6781272720128072,4,0
3.2213474315512296,0.04461942257217848,0.5039370078740157,1.7812265290794502,0.30261489127093777,0.7676866023113847,647,3
3.6025416381638387,0.0,0.36164383561643837,2.820949174785672,0.33976142990059843,0.7464015440974394,669,0
1.5509315668365524,0.011753183153770812,0.5034280117531832,3.607808569564439,0.25471198822231267,0.7969956526970058,4,2
4.517073630789697,0.02048780487804878,0.37853658536585366,4.531087604616815,0.6734624506989811,0.5975634526979166,3,7
2.3208019976441956,0.0,0.37774725274725274,1.9935836001596243,0.2382007819444369,0.807623460251436,285,0
7.223071586805989,0.0,0.3684210526315789,3.2749856453390027,0.6227580545353792,0.6162348091295196,730,0
1.313904845208996,0.14960629921259844,0.42913385826771655,3.8703946398095272,0.39389425435810627,0.7174145361984463,9,81
6.080364038334147,0.009216589861751152,0.35714285714285715,9.852745934599186,0.7833938918685416,0.5607286222968138,154,5
2.6935923845702536,0.0,0.28807947019867547,3.147745108755055,0.3141700879174342,0.7609365098125923,730,0
2.177531392799054,0.8938271604938272,0.07160493827160494,27.355975924333624,1.4355246509809174,0.41058915153958553,206,257
0.09901668042426395,0.0,0.28885135135135137,4.433937975424225,0.0865272342035047,0.920363492529541,303,0
0.0009440767315974983,0.9970238095238095,0.002976190476190476,403.2,0.000944029904717304,0.999056860447225,7,332
4.675009780316677,0.003980099502487562,0.30149253731343284,7.544134214411966,0.7713410399639907,0.5645440248029983,12,3
5.702747387342452,0.0,0.5112359550561798,1.9847686844414554,0.23927047408648094,0.8069263497439028,253,0
5.958914278000139,0.001943634596695821,0.3722060252672498,4.460278983735766,0.5467654305983254,0.6465104405735111,3,2
7.768292145818379,0.4496124031007752,0.4166666666666667,9.610146969162704,1.1808645313197643,0.458533753765459,1,427
7.679193248887382,0.14895947426067907,0.4063526834611172,9.879715448133078,1.0420071511511073,0.4897142497450541,120,110
4.697438141441428,0.025201612903225805,0.42338709677419356,2.7003339068239405,0.3513721374788885,0.7399886176916403,8,19
4.921257848537228,0.0,0.4551971326164875,2.4836660236517654,0.3003602797776304,0.7690176449952825,730,0
6.105612908078982,0.0,0.49337748344370863,2.451165975698444,0.4530833283959476,0.6881917784466605,730,0
4.041762069049559,0.008866995073891626,0.367487684729064,2.3859390047656643,0.29467138489512595,0.7723967731634112,8,6
3.675927468993474,0.0,0.4047186932849365,1.7117245560744858,0.2807537322387548,0.7807902290879934,423,0
11.125788096488538,0.0,0.6741573033707865,1.7038124127809848,0.4163116342844867,0.7060592992340947,253,0
1.3970974643849292,0.0,0.479020979020979,1.9043645622885563,0.2039641631091514,0.8305895064331247,730,0
6.88166859224241,0.001968503937007874,0.43700787401574803,2.309544502396727,0.24748727179054542,0.801611385232555,11,1
1.1681145733837297,0.12730806608357628,0.31486880466472306,23.754650119837077,0.7032923345241373,0.5870982800373948,3,21
5.910323963029874,0.044573643410852716,0.3449612403100775,8.826550803105997,1.2439691324979971,0.4456389285920324,1,6
4.588222308782333,0.052303860523038606,0.41843088418430885,4.8637705410644525,0.4853029718687714,0.6732633132362381,227,36
8.283233497420538,0.0,0.375,2.600027891391685,0.4546469377974978,0.6874520366530414,730,0
5.754879361947998,0.0,0.2916666666666667,3.338419064867372,0.4063629740152536,0.7110539871118321,1,0
4.105966538739442,0.0,0.42058823529411765,2.465726122885209,0.3206320233099778,0.7572131997023979,443,0
0.0,1.0,0.0,0.0,0.0,1.0,257,624
3.0973664511934924,0.021484375,0.3955078125,3.667208890403673,0.3616586824474379,0.7343984310389777,2,6
6.025082768649157,0.0,0.396871945259042,2.191166536212303,0.3610924100984967,0.7347039720305502,6,0
0.05457267407301835,0.0,0.27210103329506313,4.05380600260983,0.04317630949005267,0.9586107265883378,162,0
4.248428703604909,0.04822834645669291,0.49606299212598426,2.3426343622537606,0.3405755601385994,0.745948255163336,9,30
1.3490345337606684,0.0013568521031207597,0.451831750339213,2.3481588778879963,0.2536600829635936,0.7976643857368793,268,1
3.591001915724112,0.25848303393213573,0.26047904191616766,11.24264401589141,1.225906920178923,0.4492550838197753,7,124
4.548449104539296,0.0015503875968992248,0.4387596899224806,2.8820535249469206,0.43317859324955166,0.6977497464099197,357,1
2.292158737403791,0.4255533199195171,0.37424547283702214,5.576715176715177,0.8433698376781361,0.5424847361393174,29,36
0.004231139606876762,0.9989406779661016,0.001059322033898305,944.0,0.004230557008983575,0.9957872652057274,83,371
3.113750033856253,0.057368941641938676,0.5450049455984174,2.828147004280595,0.4664728391156389,0.681908299510718,7,14
8.139652476565374,0.0,0.4046692607003891,3.3244439488283692,0.43306488321227987,0.6978051110696779,2,0
0.0,1.0,0.0,0.0,0.0,1.0,3,275
2.0480185396707795,0.0,0.4139072847682119,2.523286399504874,0.3587887641575159,0.7359495650672573,730,0
1.2079135060723347,0.0,0.4607329842931937,2.8308342753123212,0.22130862927355574,0.8187938544205718,267,0
1.3292520707389308,0.3066271018793274,0.3600395647873393,6.508056282149768,0.6589587295794619,0.602787750032513,3,18
1.3268159908177792,0.3225152129817444,0.5943204868154158,7.717416941462792,0.5645562562071775,0.6391588643953373,7,18
1.5791933070250583,0.000975609756097561,0.43414634146341463,1.5770976198572255,0.14644133064161174,0.8722644354075624,6,1
1.0067181593581644,0.6272991287512101,0.2904162633107454,26.396311543579504,0.6869004852287932,0.5928031966060942,1,134
1.1502473421744246,0.9673267326732673,0.02178217821782178,66.1189465801298,0.9927449203549433,0.5018203733882218,7,664
1.5488718459370219,0.0,0.3980263157894737,6.637738168408114,0.4931472990834255,0.66972628930438,730,0
4.954921426470462,0.0,0.4342105263157895,3.2122440432034134,0.48257531585394253,0.6745019894142875,730,0
38.02167193983579,0.005859375,0.44921875,2.299780221750678,0.36016792273746856,0.7352033401783244,7,2
5.500956951986209,0.0009794319294809011,0.3809990205680705,2.7155972650677755,0.4527386952284233,0.6883550381665601,7,1
2.326412488429471,0.45255474452554745,0.21897810218978103,18.815773476871193,1.2050190871757707,0.4535108134963215,486,201
4.318809650496235,0.027950310559006212,0.43167701863354035,5.467683018543587,0.6368758850042077,0.610919868244885,25,3
9.327908549711266,0.02692778457772338,0.3427172582619339,10.464009519104405,1.0870137593838851,0.47915352522410465,160,21
3.5079398012646266,0.0,0.4243421052631579,2.2693341295909226,0.2973808566556925,0.7707836868949474,730,0
2.642586238730746,0.3310344827586207,0.46995073891625616,8.245103833377488,0.7733209451806159,0.5639137138247404,5,43
5.249913093055048,0.140625,0.2158203125,7.933674116885847,0.9220215188718033,0.5202855380032293,3,142
3.4351541639006147,0.002926829268292683,0.45170731707317074,2.641063066870085,0.2533423477080777,0.7978666019133944,6,3
2.7250409617335842,0.7945736434108527,0.19573643410852712,15.401094720306324,1.2475400790997628,0.4449308865720175,1,128
6.533841006136998,0.24554455445544554,0.2524752475247525,14.155223692534658,1.3692749236323432,0.42207005612792997,21,95
1.2023062919261243,0.3343527013251784,0.29867482161060144,22.31186854842499,0.7283285100002642,0.5785937072807109,19,112
5.698799203638431,0.0,0.4904109589041096,5.382274500180814,0.6008057806569465,0.624685400367317,669,0
2.865428826322013,0.001072961373390558,0.41738197424892703,3.4173481913689474,0.37067187615474845,0.7295692115646066,101,1
3.6047414792505528,0.9518716577540107,0.0481283422459893,32.08199680622093,2.0363310171883313,0.32934485546507003,267,515
5.391418089571748,0.0,0.3652694610778443,2.728612755267115,0.39686114679576234,0.7158907685949202,443,0
2.80278934739022,0.019704433497536946,0.4266009852216749,3.419167687259456,0.3408069142506563,0.745819542971909,2,5
2.3585323215393825,0.13468992248062014,0.41472868217054265,10.57081080203968,0.6960087832536888,0.5896195879844215,1,139
4.795966035203991,0.0,0.45394736842105265,2.4460008227773025,0.3417507599760004,0.7452949011319262,730,0
3.286536724992451,0.0,0.3959341723136496,2.6607269975365533,0.34157533859972933,0.7453923542182515,1,0
1.070357930238309,0.0037220843672456576,0.3399503722084367,5.006617972354392,0.4508324624251157,0.6892594602745972,199,2
3.4283002399957896,0.9682017543859649,0.029605263157894735,56.52486968999936,2.2560628477968065,0.3071193790613235,106,578
3.243056913326115,0.0010604453870625664,0.47613997879109227,2.841473664103911,0.4232630713280454,0.7026107963771595,82,1
2.4336519272344064,0.06418918918918919,0.2195945945945946,6.785209774089442,0.8593629233061549,0.5378186191977455,730,17
11.696266332371616,0.0,0.26973684210526316,6.376666536341244,1.0540800432346857,0.4868359455093282,730,0
0.9718330406806936,0.2653061224489796,0.5238095238095238,5.407416168904135,0.4519581669146825,0.6887250767871196,2,246
2.2002706946494985,0.03762376237623762,0.37524752475247525,5.393603304830878,0.5383596831278177,0.6500430367277852,8,34
2.984689434804533,0.0,0.3223684210526316,7.010881078478575,0.6758626355162592,0.5967076172039268,730,0
2.008214422328795,0.0,0.4622178606476938,2.3243852162085097,0.2751566799943852,0.7842173559443717,7,0
2.425104472581617,0.5167785234899329,0.3691275167785235,7.985376446914908,0.903430466202445,0.5253672344517586,730,50
9.800301103286264,0.018924302788844622,0.6284860557768924,1.7371553123308694,0.29399898910921896,0.7727981307685517,29,6
4.676129044696599,0.0,0.46534653465346537,2.4404529437471303,0.3615877412409644,0.7344366945376508,730,0
5.948149165643031,0.0,0.38242894056847543,3.1155997289723,0.4282332779771354,0.7001657330211074,647,0
0.0008320786971653249,0.9930348258706467,0.006965174129353234,143.57142857142856,0.0008320207454716105,0.9991686709375548,11,275
2.6374933656139836,0.026490066225165563,0.3344370860927152,8.49941642902694,0.7029653393953023,0.5872110117960975,730,6
3.5347491765260974,0.4200680272108844,0.28741496598639454,9.711049623749064,1.188946197249258,0.45684083110706475,445,195
3.7510419296364006,0.0023501762632197414,0.4371327849588719,2.6306301574055535,0.29176286709825155,0.7741358924849324,170,1
5.882393801385771,0.0,0.3970037453183521,3.436887176013216,0.5171031578351852,0.6591509580844455,224,0
0.0,1.0,0.0,0.0,0.0,1.0,4,648
0.030201521814401576,0.9988221436984688,0.001177856301531213,849.0,0.03017024994167052,0.9707133360302544,175,231
10.97607325420078,0.003,0.41,2.9859817528492325,0.4866564210951373,0.6726503755745765,13,1
6.393201514606961,0.0,0.36049382716049383,5.765766946764022,0.9612980235366825,0.509866419075243,161,0
2.1669829645955576,0.0,0.42356687898089174,3.3016222711796517,0.3222538934221518,0.7562844057217181,82,0
1.4373672138812077,0.005656108597285068,0.4638009049773756,2.5061970479397577,0.23321763001301102,0.8108868829498078,147,5
4.3031453547813445,0.5195852534562212,0.2119815668202765,9.238329940355012,1.3208000791922738,0.43088588671025807,147,50
6.833983111094886,0.45278969957081544,0.36373390557939916,10.4451546591157,1.1842692223167164,0.45781902239109656,101,122
2.0424274980388066,0.15151515151515152,0.4574314574314574,4.654953795635823,0.5671000200896256,0.6381213625042312,332,49
6.818902328434156,0.0026041666666666665,0.3802083333333333,2.6464939088881683,0.4896337541524099,0.6713059483329125,647,1
1.2962288554928654,0.004935834155972359,0.368213228035538,4.262353261435778,0.3292139787375982,0.752324317977558,13,2
2.418158100142068,0.0009689922480620155,0.46124031007751937,2.305903921839156,0.2603691288070486,0.7934183543090344,1,1
3.1869058694528123,0.0,0.48007246376811596,2.1857130722840394,0.23098978963969016,0.812354422771207,269,0
8.428986676528014,0.013157894736842105,0.24013157894736842,10.757763596765106,1.5844939645954788,0.3869229387643467,730,1
1.932066068289548,0.6753768844221105,0.3246231155778894,6.962639514703774,0.8539698721306096,0.5393830908647859,15,419
1.5898256844669507,0.0,0.29611166500498504,5.284436429458517,0.29227683013036687,0.7738280039417859,5,0
7.234290372410156,0.0,0.3258426966292135,6.51203361077767,0.8460528288992262,0.5416963070316276,253,0
6.260163692089397,0.0,0.41776315789473684,3.159598987852237,0.5733286022333083,0.6355951316085655,730,0
3.74950299494097,0.0,0.4867549668874172,2.146380149619267,0.3151526861726829,0.7603679865568836,730,0
2.547360557736713,0.10208126858275521,0.5133795837462835,7.530580299020825,0.5961080581004465,0.6265239968715626,8,15
0.7493632145275535,0.9198435972629521,0.05474095796676442,90.83371771217713,0.6648268710425012,0.6006630583598209,4,198
4.0711350391762515,0.0,0.4473684210526316,1.9215293301472287,0.314402112545747,0.7608021856136477,730,0
2.456136098273958,0.0,0.39299610894941633,3.3459298819614745,0.33686189479727896,0.7480204229709453,2,0
0.037213717821198915,0.9936440677966102,0.006355932203389831,755.2,0.03715860971357285,0.9641726835552812,83,304
4.3003704506740315,0.022988505747126436,0.34022988505747126,2.732062886270061,0.476588209258646,0.6772368854970556,597,4
2.0239013300280697,0.007835455435847209,0.2517140058765916,10.077191231206136,0.5731062224967298,0.6356849815347284,4,2
4.801500845934397,0.0,0.40913604766633566,5.266479299579343,0.44774400114234025,0.6907298522466344,16,0
5.416724635930175,0.014833127317676144,0.4758961681087763,3.379210396598821,0.5095950607806633,0.6624293003998475,171,2
13.480805250454376,0.0058309037900874635,0.30029154518950435,4.523979637147024,1.2061330789832854,0.45328181220185426,1,1
1.5217129631998683,0.0,0.3927083333333333,3.3259954604040014,0.3270361780985273,0.7535589583042654,65,0
5.775738523540759,0.0,0.40784313725490196,4.5978504130633,0.4420997517572597,0.6934333070798032,9,0
0.5403535642726195,0.02186878727634195,0.49801192842942343,3.3072934770015068,0.32042563758974774,0.7573315539566166,5,2
7.4002684703004835,0.0,0.3838383838383838,4.37118338908657,1.0108354500162091,0.4973057342866812,730,0
0.0009215103036793661,0.9965986394557823,0.003401360544217687,392.00000000000006,0.0009214632902461903,0.9990793850226599,445,304
9.157509658262773,0.0,0.3980263157894737,2.566193637410858,0.5380492451941491,0.6501742406003193,730,0
2.5578681520378006,0.8941641938674579,0.10583580613254204,55.64357211245539,1.5208750612878696,0.39668764841091253,4,720
2.6150197682095695,0.751730959446093,0.13155291790306628,20.535201201512248,1.337643242004541,0.427781272193825,6,91
7.4064497883994465,0.0,0.4060446780551905,2.8942836463221004,0.38052079679315876,0.7243643140493945,270,0
0.015475315178038511,0.347682119205298,0.5066225165562914,5.1734475374732325,0.01523965560298572,0.9849891052630974,730,9
0.6464744588650987,0.9257688229056203,0.07317073170731707,104.65754098360655,0.5724182297744489,0.6359631178681019,18,229
4.4144015296949295,0.0,0.3442367601246106,2.9007698856412083,0.4669877276922453,0.6816689609074814,388,0
7.1955572770505105,0.0,0.41118421052631576,2.0305651770134343,0.3218252455452258,0.7565296572827376,730,0
3.7173188710965857,0.0,0.3781344032096289,1.8668889959363149,0.2156102037606925,0.8226321208116989,35,0
26.772028907059266,0.0,0.5131578947368421,2.468368370270908,0.4473595944176643,0.6909133043764037,730,0
4.306947079560961,0.00484027105517909,0.38528557599225555,2.2168364152640816,0.2679193240760418,0.7886937134022467,1,2
2.2812779493607303,0.0,0.41541353383458646,3.1056046234279733,0.3063594428005393,0.7654861037757158,269,0
3.871309969964823,0.2399103139013453,0.5381165919282511,3.669481877207198,0.5862982067809234,0.6303984936283205,104,101
2.4435372630506182,0.012670565302144249,0.4220272904483431,2.095431184874346,0.2759442306343498,0.7837333137223709,3,4
1.2409268637212785,0.003875968992248062,0.07655038759689922,17.661397497302307,0.8207998329479368,0.549209189228102,1,2
3.884165321940748,0.000968054211035818,0.37463697967086157,3.2763852492170966,0.4110952187690935,0.7086693985628453,1,1
0.005927061587206392,0.8947368421052632,0.10526315789473684,29.80392156862745,0.005917134814983887,0.9941176717145075,730,81
12.999555914368337,0.0,0.4034917555771096,24.641129548156304,0.8081205624485602,0.553060465528802,1,0
448.7611252063041,0.07662463627546072,0.2259941804073715,297.86215630000663,9.078796514409774,0.09921819520518033,2,72
1.5538013650572047,0.7821782178217822,0.19471947194719472,17.253236501420908,0.9549345130265162,0.5115260860845195,730,64
7.1405247897816775,0.009891196834817012,0.3827893175074184,2.600286518887144,0.4431332549546942,0.6929367032231504,11,2
47.470843108406704,0.0,0.41776315789473684,2.885205885850551,0.5578828988512167,0.6418967694795291,730,0
1.967063425536798,0.0,0.5050505050505051,2.940362250292137,0.36722196915004035,0.7314101313202779,41,0
9.65983762610672,0.001392757660167131,0.4275766016713092,4.120035987085423,0.7118378292254113,0.5841674853350387,309,1
1.8066694732613335,0.028971028971028972,0.41858141858141856,4.384763992658762,0.534724633947433,0.6515826864835818,5,27
2.176583952502571,0.0013812154696132596,0.5138121546961326,5.622894767948375,0.5238521441836657,0.6562316454498967,307,1
6.2453359836075,0.01171875,0.3623046875,2.9570134890384665,0.4042186463235456,0.7121398100061906,2,1
0.019547928958760185,0.9932203389830508,0.006779661016949152,207.8409090909091,0.019518816148234003,0.9808548740454084,730,108
2.795792754233186,0.0,0.22182680901542112,8.871374386434628,0.6672479734495713,0.5997908025229017,188,0
98.80570363286085,0.3647859922178988,0.3472762645914397,4.04707924602199,1.3294713598640657,0.4292819466380365,3,365
2.8158059237343482,0.022682445759368838,0.3806706114398422,73.77131246138634,1.2931050137670212,0.43608992784732525,8,23
7.337019513081743,0.4013888888888889,0.5375,4.746346420323325,0.8614193313361362,0.5372244626266962,243,33
3.284827820598766,0.0,0.45403111739745405,3.5698299280085353,0.3695663257235904,0.7301581392720535,241,0
1.9722877312599978,0.0,0.48872180451127817,2.3780888197684464,0.38419407593766475,0.7224420457966427,730,0
2.73981186608502,0.0030120481927710845,0.3433734939759036,3.352296175739132,0.5920890586969388,0.6281055664175343,357,2
4.541550208826077,0.0,0.4344569288389513,2.052877185122707,0.2844805097863248,0.778524852951137,253,0
4.0390843840496204,0.25705939629990265,0.31158714703018503,8.318266958224878,0.9147772262583741,0.5222539657806976,3,136
0.17583353914946678,0.078125,0.91875,1.1461794019933553,0.10975876351402421,0.9010967364055988,394,50
0.552367881083904,0.0068359375,0.294921875,4.762492030810715,0.28555222874981334,0.7778758245960103,3,3
1.767279706125337,0.0,0.4760432766615147,1.958800780818386,0.24227007720129523,0.804977933826512,386,0
12.104223529311842,0.0,0.40524193548387094,6.14924272509664,0.8159660862881338,0.5506710767071742,41,0
2.0106902070055,0.0,0.5165369649805448,2.991903162667356,0.47473456135674497,0.6780881293512288,3,0
3.7947101909963927,0.0,0.3206627680311891,2.9510277241008893,0.3125306665715945,0.7618869604106526,4,0
0.8307450099662401,0.01873767258382643,0.40433925049309666,4.077077253924835,0.31722272897293796,0.759173052517639,4,5
0.5588579665035495,0.9775112443778111,0.013493253373313344,516.3399122807018,0.5439820554227242,0.647675921159726,340,295
7.639979069000583,0.010752688172043012,0.3479960899315738,2.931574877310689,0.42321436491233483,0.7026348417032712,4,3
0.1298057768006147,0.9506578947368421,0.019736842105263157,104.85185185185185,0.1279870139705075,0.886535028874141,730,100
1.0333123774681776,0.0018083182640144665,0.4484629294755877,3.872934901996309,0.2463810632442686,0.8023228445055552,280,1
0.17908392937877082,0.006198347107438017,0.3956611570247934,2.7016598932576015,0.10966934923270859,0.9011693444461267,53,6
0.0,1.0,0.0,0.0,0.0,1.0,177,758
2.4757961049731514,0.0,0.5,2.1740520253169313,0.2510024472023309,0.7993589478872258,730,0
1.7594897587449807,0.0,0.3443708609271523,13.088492783342534,0.6566883028585004,0.6036138471398449,730,0
3.399353594971293,0.0,0.41776315789473684,5.140941211847842,0.34860460561033363,0.7415071814525157,730,0
3.8652875100928528,0.3160919540229885,0.48160919540229885,4.481228883565912,0.769790757791254,0.5650385479739009,129,90
1.3079493754848333,0.005994005994005994,0.44155844155844154,2.2196609494411392,0.21038228136519432,0.8261852601411982,20,2
10.236332836698681,0.0,0.44039735099337746,4.371053372068972,0.5453800911179565,0.6470899979542131,730,0
0.0069271546599262305,0.9912875121006777,0.008712487899322363,456.44186046511624,0.00692427233939773,0.9931233435029723,1,730
6.450964982742672,0.47368421052631576,0.4901315789473684,3.83537580613433,0.8975707494444902,0.5269895735338184,730,29
3.473231345390758,0.013605442176870748,0.44509232264334303,3.097868679171071,0.5011962184602242,0.6661354376616397,2,2
18.04697777235197,0.07223113964686999,0.36597110754414125,4.536779100483564,0.8209946447984786,0.5491504342730593,408,10
7.579137257232225,0.0,0.3848684210526316,2.115953492050937,0.35452114320950484,0.738268283971208,730,0
67.08080878140568,0.05555555555555555,0.4211111111111111,3.7018680248158464,0.5331343234971988,0.6522585690462673,131,50
2.377358389017083,0.0,0.3726027397260274,1.8500247950087068,0.22635956529676618,0.815421535655418,669,0
3.996152141123874,0.03144016227180527,0.45030425963488846,4.212362354354557,0.48577469753453134,0.6730495556690947,19,7
1.3122067518082359,0.6812313803376365,0.2740814299900695,10.027520303039,0.7754922116218256,0.5632240983397774,6,353
0.15049307705742992,0.07114228456913828,0.4308617234468938,5.861606041162824,0.1250964850395341,0.8888126603336259,7,22
2.475591211576214,0.007077856420626896,0.39332659251769464,3.8639465824267205,0.34552704300938003,0.743203196989203,6,2
2.0870563866973453,0.04656319290465632,0.47117516629711753,3.82625370445697,0.514992685094272,0.6600691936263534,126,21
2.1490958421253232,0.3321554770318021,0.5206124852767963,3.172544707275568,0.6382470493869326,0.6104085463631518,147,62
12.710687756786452,0.001943634596695821,0.3848396501457726,8.963492525832507,0.971922540876684,0.5071193108606673,1,1
7.1967367786729035,0.028846153846153848,0.41346153846153844,5.752343297317562,1.0118731227519826,0.4970492366994442,409,5
3.783292591093893,0.03519061583577713,0.4525904203323558,2.592016021277068,0.36946534134532444,0.7302119811353737,2,33
0.03332630748447552,0.0011173184357541898,0.5966480446927375,1.118384618661517,0.018650878984639855,0.9816906072832035,134,1
1.0106169789047699,0.0010548523206751054,0.4978902953586498,2.7931933109493583,0.207361235599158,0.8282525316491098,79,1
2.2730398903111655,0.7948717948717948,0.15779092702169625,18.018442032465664,1.247976289079703,0.4448445496768959,280,67
4.8118463277565295,0.000970873786407767,0.4087378640776699,2.6112543522174736,0.38564981353152655,0.7216830617913174,3,1
0.05051445511242131,0.9541463414634146,0.045853658536585365,94.93288590604027,0.05014995059347362,0.9522449621931303,2,221
5.239549331471209,0.0,0.3411371237458194,1.8943953613865052,0.31179414079069595,0.7623147328568192,730,0
0.23922646565177547,0.09734513274336283,0.3166175024582104,5.890455804583228,0.20015080874324845,0.8332286181993757,6,6
5.865818513146495,0.05808325266214908,0.39012584704743464,5.501707793565315,0.7603845629018402,0.5680576966385046,1,55
0.40669803368851504,0.05897114178168131,0.4203262233375157,3.5219009225521356,0.24687601514878327,0.8020043595759401,205,24
1.2302060279161453,0.0,0.4143272023233301,3.4971082314347686,0.35243102174744667,0.7394092444788214,1,0
0.6845962803247898,0.07,0.8414285714285714,1.3550511385565418,0.20320976500583182,0.831110276099823,332,49
3.509499937951083,0.0,0.3531799729364005,3.8154900130834246,0.3428573539772131,0.744680733987304,280,0
0.0,1.0,0.0,0.0,0.0,1.0,862,131
2.1711822432363164,0.24975704567541301,0.22157434402332363,15.259088770388958,0.9695974864552424,0.5077179509401878,2,57
3.663787594072528,0.05263157894736842,0.3782894736842105,7.59898227915904,0.9280667171599911,0.5186542514840891,730,16
2.3514748029973647,0.0,0.5888157894736842,2.095848127907988,0.2630430194587151,0.7917386696999095,730,0
4.77148302161069,0.0034883720930232558,0.30465116279069765,4.400726413230703,0.6188488601085829,0.6177228922611873,142,1
318.7352384141902,0.04462474645030426,0.032454361054766734,515.1261842930855,15.58984053520921,0.060277854864105786,4,10
0.08560029954067164,0.0,0.2140468227424749,1.2728218711569388,0.050143978611067,0.9522503774412077,730,0
19.963308419791648,0.0,0.6006825938566553,2.6261882806201036,0.6818832847209346,0.5945715788274359,730,0
5.178528501507923,0.005853658536585366,0.3931707317073171,2.4763684200491887,0.37544812392676497,0.7270357802699977,3,3
1.8167041943786932,0.8983050847457628,0.09745762711864407,50.00655768202219,1.2481305062433035,0.444814034248853,53,158
4.285655606582072,0.0,0.3181377303588749,3.7599711333999686,0.5018360590078829,0.6658516380680077,1,0
1.4744635752740076,0.6085526315789473,0.2894736842105263,19.143939393939398,0.8700250910001909,0.5347521831726577,730,90
5.496905201461598,0.0,0.2465986394557823,10.09887593774881,1.2383215619373056,0.4467633324027326,445,0
0.04125829554428417,0.7151219512195122,0.2848780487804878,99.30032292787944,0.040887713245696344,0.960718420704381,5,108
1.7144733477963738,0.07578740157480315,0.5078740157480315,2.5261399288980173,0.3424760128585166,0.7448922665446462,4,55
1.403342870501091,0.0,0.39684106614017767,2.2693128915957854,0.22070517780593796,0.8191986223875716,16,0
4.858410520785397,0.0,0.6088235294117647,1.1297023837363394,0.07916603934230218,0.9266414653017159,443,0
6.320141529234459,0.023278370514064017,0.3831231813773036,3.710455971666734,0.6554026840098578,0.604082625731713,2,24
7.373741229343109,0.763668430335097,0.2345679012345679,8.673950546290971,1.5158444738256733,0.39748085003019606,270,184
4.755080014017593,0.0,0.36789297658862874,3.0116074972858446,0.594909775843767,0.6269947147768673,730,0
8.346914412432454,0.4536489151873767,0.5059171597633136,3.361728675545169,0.9068679331666669,0.5244201670219164,6,23
10.244376261843817,0.0,0.3968957871396896,2.7444680018139604,0.4873147083753142,0.672352659708692,131,0
2.21376494609697,0.046442687747035576,0.43774703557312256,3.1938602398788163,0.3687549483160972,0.7305909660675522,6,18
0.0,1.0,0.0,0.0,0.0,1.0,6,270
12.449586841493334,0.0,0.3848684210526316,3.286257600348829,0.7198318662488634,0.5814521870565793,730,0
1.9166610684255538,0.008016032064128256,0.5951903807615231,2.1371792753012593,0.36131106457315987,0.7345859635053732,20,2
6.091054389626152,0.0,0.3519736842105263,8.636387886616031,1.0712396209786008,0.4828026607213746,730,0
5.99212267838911,0.0,0.4166666666666667,4.939783726593813,0.7495556394887704,0.5715737055908696,730,0
2.727449477363669,0.0029154518950437317,0.3945578231292517,3.204680859298464,0.3018719210646732,0.7681247162794618,3,2
1.191999409272917,0.0,0.4639455782312925,2.4520529528002197,0.22274301755656642,0.81783333508485,281,0
5.434140986617796,0.0009727626459143969,0.39980544747081714,2.504009111146099,0.3030947516417082,0.7674039042365467,2,1
0.0,1.0,0.0,0.0,0.0,1.0,2,498
11.112159022774419,0.10510805500982318,0.37328094302554027,8.037491366745217,1.153516414323728,0.4643568042243279,7,23
8.39104790422516,0.15170278637770898,0.37770897832817335,5.887857281742173,0.884007634346711,0.5307834117916167,40,10
0.7201617259916018,0.00496031746031746,0.4375,2.9588253716770145,0.27534317990598445,0.7841026758567979,13,4
2.486892779288008,0.0,0.22697368421052633,6.586173320350534,0.821577271140572,0.5489747900586478,730,0
0.44689383041214303,0.03484320557491289,0.4181184668989547,3.0823389021479715,0.26276024200664805,0.7919159684746673,730,9
0.281431362200707,0.0011890606420927466,0.5101070154577884,1.9952969335586885,0.13196238541612237,0.8834215808614423,188,1
4.79932364961066,0.0,0.37553191489361704,6.245373378714537,0.5691323584013125,0.6372948684958836,24,0
1.697710754379523,0.003964321110009911,0.4529236868186323,4.8431031379372405,0.4102253141771471,0.7091065448527213,5,2
1.0783001879123986,0.002398081534772182,0.45323741007194246,3.3444734539451546,0.24592402619726386,0.8026171572051156,172,1
3.958856140237008,0.005780346820809248,0.3086705202312139,9.328523957039728,0.9020912523721871,0.5257371320922974,144,1
0.4454516321077151,0.04576659038901602,0.4816933638443936,3.7940543274943237,0.2258224778351554,0.81577880817297,129,15
0.8223688665065376,0.03155818540433925,0.4447731755424063,3.4020650732138678,0.3267614032499056,0.7537150218196711,2,9
2.2629904748219696,0.0,0.4276315789473684,2.2106528080987617,0.2378759372576127,0.8078353976371797,730,0
23.03786945643656,0.0,0.39932885906040266,2.061954896249362,0.4050674158785789,0.7117096223989415,730,0
4.882450739850182,0.0,0.36613272311212813,3.1536614488341885,0.39578785391057053,0.716441253732296,131,0
1.8407097049124719,0.0,0.25677267373380447,5.678013630696553,0.4651757367802712,0.6825119846698414,175,0
4.026533705782559,0.011547344110854504,0.47344110854503463,2.6166716061274014,0.36689894161648,0.7315829792196713,162,2
1.362682909882964,0.029970029970029972,0.33766233766233766,7.818276490497267,0.5295598638070537,0.6537828454199979,6,14
2.2942588269525874,0.4722753346080306,0.5086042065009561,10.428194863717897,0.8348389781366213,0.5450069526076639,283,135
1.2139927849103123,0.5458089668615984,0.40253411306042886,14.29998596885085,0.6620934050509134,0.6016509041917341,3,124
14.280337041690034,0.00392156862745098,0.5127450980392156,1.5019460514673548,0.15015404386650769,0.8694487536976089,12,1
9.957875518943286,0.022753128555176336,0.36063708759954494,4.631563820684159,0.8696808591268735,0.5348506378072417,146,15
0.8552638476794356,0.5066225165562914,0.3841059602649007,3.8396088019559906,0.5099500138187356,0.6622735791570691,730,68
3.417642349607303,0.04411764705882353,0.4745098039215686,2.2132766230608745,0.3050902885233425,0.7662305120141994,4,19
3.8777401712439192,0.0009891196834817012,0.34421364985163205,4.945360309728986,0.62271790754963,0.6162500551374581,5,1
1.9101970885489585,0.0,0.47368421052631576,2.981786464734567,0.37101869783655456,0.7293846550583036,730,0
1.5969935860442563,0.0,0.39553072625698327,3.1202580199459375,0.42228161759124344,0.7030956370606731,136,0
19.45467855953472,0.0,0.2175226586102719,44.40741061980676,2.8587382999567867,0.25915206532954016,4,0
1.7210406173446338,0.0,0.46303501945525294,2.8315492088261642,0.3107608268484765,0.762915689511676,3,0
16.347545711016256,0.03283898305084746,0.3760593220338983,84.60499261553979,2.375555424894453,0.29624754273773124,82,5
1.4609547558668554,0.00688298918387414,0.4296951819075713,2.1910619589357747,0.1945796810744761,0.8371145230768872,6,1
1.5787765810852472,0.0,0.4245398773006135,2.407104701670766,0.2713109248597748,0.7865896378655755,178,0
5.727276228699494,0.0,0.40131578947368424,3.1169992147703707,0.407048266576731,0.710707673470892,730,0
3.5412211415498684,0.12295081967213115,0.4953161592505855,3.183299017132202,0.5038490644902849,0.6649603498200402,170,45
21.81975649026914,0.0010050251256281408,0.47537688442211057,2.8575546313720186,0.46503791321078486,0.6825761920443374,29,1
16.63643484148105,0.0,0.48026315789473684,1.7888355659735953,0.35206738784679514,0.7396081060667603,730,0
1.7820529357393762,0.2774451097804391,0.3153692614770459,9.820401231291795,0.83732721925743,0.5442688648591173,4,124
4.650177818400443,0.14330218068535824,0.19314641744548286,18.509519803530267,1.2391758345447927,0.4465928867990362,20,47
9.113438288291416,0.0,0.35,2.2676007940003613,0.35176993816423907,0.7397708528405672,443,0
19.586405255071135,0.07503234152652005,0.46571798188874514,4.046329615824568,0.7682065645473903,0.5655447842181103,140,34
0.5101247337733149,0.7796052631578947,0.22039473684210525,11.100162560960358,0.40388030071903464,0.7123114410023585,730,178
3.5338309064868527,0.061630218687872766,0.5834990059642147,3.161945974775299,0.384085080454607,0.7224989374725049,6,11
2.7637982512071018,0.0,0.3957597173144876,3.1714115833072993,0.6133153283501085,0.6198416282467678,730,0
4.331132951860005,0.0034129692832764505,0.4539249146757679,3.0984279965531374,0.4728839665279147,0.6789401084712314,741,1
4.400626038630662,0.3651315789473684,0.2894736842105263,11.002826133421996,1.1672137049084066,0.4614219620959176,730,50
7.052080130730024,0.0,0.39088263821532493,2.9237460195043425,0.46591516122409626,0.6821677177859059,2,0
0.43643037862614215,0.016722408026755852,0.4816053511705686,4.9396695873185745,0.29094709863596463,0.7746250803434285,730,1
24.999165991812674,0.01015228426395939,0.4548223350253807,4.623888870935528,0.4274050777926709,0.7005719788711926,34,2
0.48573565357054044,0.013916500994035786,0.3717693836978131,4.945202785913132,0.24775771691382287,0.8014376400519313,9,7
3.22445989897402,0.0,0.42398286937901497,2.0677022030823764,0.24114925674062151,0.8057048695546071,323,0
5.510399905305158,0.0,0.41927990708478513,3.5581259907717455,0.4658486606629009,0.6821986654118645,166,0
5.563565262169505,0.0,0.29678638941398866,2.9250696247804204,0.43965379286928935,0.6946114440520861,280,0
0.31735828874878064,0.0,0.4243421052631579,3.721439883576595,0.17944854226815712,0.8478538606499392,730,0
12.439866887186518,0.9375,0.05263157894736842,51.20788442703232,3.9498240450625643,0.20202738337688936,730,143
36.99994759700625,0.2797676669893514,0.4782187802516941,3.5184236674499263,0.92591003457923,0.5192350535825929,1,147
0.5187901929791457,0.8247821878025169,0.061955469506292354,61.113392063363776,0.4632976315539992,0.6833879714122244,1,170
4.903876081324157,0.0,0.34210526315789475,4.093140676847752,0.6223348871292126,0.6163955468957094,730,0
4.3306446496412105,0.0,0.3815789473684211,2.8014612811937227,0.3141293184182601,0.7609601170786152,730,0
8.46472675648847,0.5098684210526315,0.46710526315789475,5.809300817693886,1.0191680135184622,0.4952534872308467,730,135
6.275849389868517,0.0,0.5131578947368421,1.9006473513235138,0.2859058350584411,0.7776619195094893,730,0
4.118517180222433,0.0053705692803437165,0.44360902255639095,2.2329374596940736,0.32028737230461907,0.7574108644654053,58,2
0.05430428005430027,0.9947033898305084,0.005296610169491525,323.81395348837214,0.054107110076901395,0.9486701972127347,83,371
1.5748552026999447,0.118488253319714,0.4453524004085802,3.7016556082455216,0.5072873563201841,0.6634435005421594,13,16
8.134604241178117,0.0,0.4078144078144078,4.548864874801402,0.6214968253243689,0.6167141275777441,82,0
2.3553179702025413,0.0019550342130987292,0.5161290322580645,3.0960533967611967,0.3570043640077105,0.7369173058859212,4,1
16.588581168291373,0.0,0.4176470588235294,3.7361449040281154,0.6623906869363856,0.6015433122059272,443,0
8.662661680436209,0.0,0.3971830985915493,4.971632828038535,0.9555361207561197,0.5113687184736552,318,0
2.57610763110456,0.0812720848056537,0.702002355712603,1.643968073401339,0.30027285067159976,0.7690693530080962,175,31
0.11238264196967765,0.0,0.3717105263157895,3.525448688449149,0.0827924952351436,0.9235379857179709,730,0
1.9981945680387148,0.8393030009680542,0.1335914811229429,33.43727087902412,1.245202596888399,0.44539410447230404,1,544
5.198894210007177,0.011811023622047244,0.35334645669291337,5.55066012387234,0.9615681448060767,0.5097962070029749,6,10
3.4491181978282253,0.012935323383084577,0.45870646766169154,2.00024687154167,0.2718290298633443,0.786269204837578,7,3
11.43536638721057,0.3953488372093023,0.39867109634551495,3.7240293561404165,1.053473411792008,0.4869797652394868,730,78
1.036754832564129,0.19129287598944592,0.23878627968337732,13.310883398066276,0.6327172740681538,0.6124759110977945,254,28
0.9324115352191288,0.0,0.5,1.7677018751845186,0.19959858616398646,0.8336121862211823,730,0
4.171721702663528,0.0,0.29863013698630136,3.199272989094837,0.6438468232037564,0.6083291860801613,669,0
0.8882976277936422,0.03571428571428571,0.47278911564625853,3.4972998531717394,0.3753208435556541,0.727103064485428,445,4
2.724723311099955,0.0011668611435239206,0.4294049008168028,4.539201681402957,0.47828501387950567,0.6764595396767714,155,1
0.6765211140051516,0.0,0.3474903474903475,3.7350304094300575,0.30315749425124444,0.7673669563436538,730,0
5.055920422996471,0.0012594458438287153,0.45465994962216627,2.3138142526853507,0.3007021537577048,0.7688155179193162,224,1
5.944369260654897,0.0,0.3606719367588933,2.8839775454374332,0.3699968873318836,0.7299286657121788,8,0
8.460168163123805,0.1279527559055118,0.28838582677165353,245.15656253655646,4.035726322129944,0.1985810856331512,7,10
3.431758904060089,0.0,0.3509933774834437,5.432178473986264,0.5175124780420579,0.6589731646162352,730,0
2.6529999799323294,0.32894736842105265,0.5921052631578947,4.716506668932122,0.647447172547868,0.6069997367220248,730,58
2.211593269392668,0.0,0.27403846153846156,10.871395144991055,0.6884920900710052,0.5922444090087194,409,0
1.128868987371923,0.0,0.4494163424124514,2.9249824493511842,0.22938006262234406,0.8134181042979808,2,0
4.256847887150867,0.003289473684210526,0.27960526315789475,5.945734727572922,0.7362777410638731,0.5759447214863607,730,1
2.5751280228154103,0.0009718172983479105,0.4139941690962099,2.6296268516782293,0.3119181108716754,0.762242697705859,2,1
1.1042888442668153,0.32492725509214354,0.25315227934044615,47.02013918984373,0.7999338132884741,0.5555759843041133,2,25
3.1193113252765605,0.0,0.4144736842105263,1.8526150316522922,0.23299490969947184,0.8110333563694422,730,0
3.7929250272367687,0.5820745216515609,0.06143001007049345,33.07853964989157,1.9953456553079134,0.3338512863208112,34,155
0.001148969979242851,0.9966996699669967,0.0033003300330033004,303.0,0.0011488941446458445,0.9988524242983583,730,262
14.175814159213076,0.0,0.527027027027027,2.6679929089420025,0.5619090693497046,0.6402421367694257,553,0
7.007172243699975,0.0932377049180328,0.5317622950819673,3.0471292909962218,0.6107984329346346,0.6208101395890664,13,14
3.3333135987922677,0.0,0.29867256637168144,13.274618980719755,0.7898039963903498,0.5587203973266264,71,0
0.46370377615224756,0.061284046692607,0.24027237354085604,12.430563798219584,0.36736088307992487,0.7313358253656785,5,13
1.974712187475413,0.006862745098039216,0.4549019607843137,3.8647899771883094,0.26096435898290316,0.7930438262399442,4,3
1.6736223651333937,0.000975609756097561,0.44682926829268294,2.7459465021671288,0.2575194024552658,0.7952163585289678,2,1
3.4017101166778785,0.0,0.3125,3.08281059234623,0.4691503082559409,0.6806655482291127,730,0
19020.40867427498,0.9988235294117647,0.001176470588235294,850.0,29.11013902909254,0.03321140427262046,171,758
2.434859787811009,0.014677103718199608,0.41487279843444225,2.7188874549592956,0.26989033823161596,0.7874695711068631,2,1
4.826723199324955,0.004581901489117984,0.21076746849942726,9.198949598639253,1.0835022340018068,0.4799610884406342,154,2
1.4512378068068508,0.29275653923541245,0.5895372233400402,4.076093279348496,0.528343282202993,0.654303265270728,17,26
1.5503856267480527,0.0009765625,0.45703125,2.199963586407799,0.2246903890329346,0.816532904115987,2,1
5.6475604038674625,0.01116751269035533,0.2984771573604061,3.3819335826396935,0.4715743793035165,0.6795443125839765,13,5
1.9822631348186186,0.0,0.506578947368421,2.272859804000972,0.2643574054997807,0.790915603175287,730,0
4.163645907053094,0.0,0.5214356929212363,1.9219193077734973,0.25613635899463966,0.7960919153716395,20,0
5.48011054969882,0.0,0.3881578947368421,2.714358202843332,0.453445329766396,0.6880203744304055,730,0
0.765496677128587,0.06060606060606061,0.5236363636363637,7.6247576623107545,0.29017136335407884,0.7750908355307812,201,50
0.2428210455664554,0.0,0.4023354564755839,3.9609732457203126,0.13917108789014218,0.8778312675158383,86,0
5.828208527822365,0.0,0.2966903073286052,3.4008719657864686,0.546320689638338,0.6466963849742484,184,0
2.3402626400054585,0.0,0.3651315789473684,3.395934603876786,0.4838311531740098,0.673931126099446,730,0
2.35363850311992,0.04962243797195254,0.31283710895361383,8.099266239977403,0.8780925462292346,0.5324551242204562,106,31
2.131399162349756,0.0,0.4342105263157895,2.475762041417824,0.24686077301154627,0.8020141636060114,730,0
0.5883425284892586,0.013513513513513514,0.41216216216216217,3.7471183369406553,0.25117458740707377,0.7992489697799837,730,3
5.315595047433362,0.2902881536819637,0.3127001067235859,23.536326149257484,1.5745703932843937,0.3884143166597571,56,50
3.2778885638108086,0.31728880157170924,0.37721021611001965,49.78968991489778,1.486524420409934,0.40216777755801725,6,172
2.287373913097928,0.0,0.44422700587084146,3.3901980534490206,0.30944091388086203,0.7636847065029037,4,0
10.133412451237538,0.0,0.3157894736842105,4.333372382976586,0.6059032195915636,0.62270253138563,730,0
0.7618452028999121,0.0,0.4592178770949721,1.578533652015633,0.13730589367861032,0.8792709204781354,136,0
1.4027801814580194,0.0,0.4803548795944233,1.8582000662381204,0.18594728380148776,0.8432077999239189,242,0
2.2664414767068712,0.0,0.4260869565217391,2.982936230333457,0.3088051015026601,0.7640557015340818,227,0
6.632131565849239,0.0777027027027027,0.5540540540540541,3.2924688754337037,0.6066848827156731,0.6223995823684892,730,8
3.0108966569416404,0.0,0.40131578947368424,3.2209317142466105,0.37777719323215614,0.7258067595487477,730,0
4.694411264648311,0.0,0.4417721518987342,3.638408270953674,0.49481380017534105,0.6689796413992836,241,0
0.5819910464494057,0.06447831184056271,0.6424384525205158,2.7293178999586605,0.24069738793762088,0.8059983116932922,158,45
1.7641355250789115,0.0,0.4766536964980545,2.3519073373857275,0.34831393227463625,0.7416670376705055,3,0
0.003513255292616044,0.9635761589403974,0.03642384105960265,94.37499999999999,0.003511394950920192,0.9965008917999462,730,79
3.666475939246488,0.0,0.47019867549668876,1.6090888592882844,0.19844824759393284,0.8344123344563706,730,0
2.26806455831765,0.04232283464566929,0.47834645669291337,2.6861265739320084,0.40091193317258705,0.7138207451308817,4,17
0.10019814191660441,0.37905759162303665,0.4586387434554974,5.253025302530253,0.09148984179209983,0.9161789342520275,10,63
8.515829751002727,0.002938295788442703,0.32713026444662097,5.999272043050741,0.6365467571294018,0.6110427310699379,5,3
1.8749891910984837,0.0,0.4276315789473684,2.319205618793897,0.2249696936818433,0.8163467269090873,730,0
5.5053027619162815,0.0,0.3841059602649007,2.577076818601398,0.3184852776061937,0.758446087328008,730,0
15.359329235117555,0.0013333333333333333,0.39066666666666666,5.299434457685315,0.6202080870880262,0.6172046714056858,276,1
4.39201168492493,0.2557427258805513,0.38437978560490044,10.144687460108079,0.9550077021264624,0.5115069362193815,373,22
6.6144219931591115,0.0,0.23355263157894737,7.389711408560455,0.8131576166063588,0.551524032351735,730,0
6.5403369291290305,0.0,0.2942884801548887,3.699960580054223,0.5528675031313067,0.6439699446240793,1,0
5.848161766913466,0.06262230919765166,0.3786692759295499,4.719717490690772,0.6191531246346361,0.6176068123425023,3,18
9.362733043512279,0.003289473684210526,0.4769736842105263,3.9487885707177948,0.7733191812257634,0.5639142747606072,730,1
0.29777785572862264,0.0,0.3315068493150685,3.1346827428263504,0.16420249779572646,0.8589570988667148,669,0
1.366755461575401,0.0,0.5816326530612245,3.2786434463794687,0.3962547637251917,0.7162016746370924,730,0
4.0630520222277635,0.010741138560687433,0.3877551020408163,7.707074193339975,0.5552458852627384,0.6429851443272349,17,2
2.952020449458213,0.0756578947368421,0.1875,18.808768553542592,1.186945939708356,0.4572586737710383,730,23
5.861203428678239,0.27299128751210067,0.38818973862536305,4.583751905303009,0.9317657470248,0.5176611095523075,1,144
5.658361301882687,0.15213675213675212,0.16923076923076924,14.74897896145794,1.6211481556438387,0.38151220023439214,445,40
0.2841641341907402,0.6179775280898876,0.34831460674157305,7.211852449103004,0.2396381157541696,0.806687038169701,730,74
10.092376296000248,0.24440116845180138,0.3777994157740993,10.571365210115403,0.9811371731151098,0.5047606059643085,3,101
4.072035698280633,0.003968253968253968,0.49603174603174605,2.0751187510082634,0.3373894017546629,0.7477253810206617,730,1
3.2796116603355903,0.35282651072124754,0.44541910331384016,5.811013381918704,0.7993732036642551,0.5557490786033679,3,157
3.0223736280948317,0.0,0.32781456953642385,5.039703138070826,0.5367168847336805,0.650737953057179,730,0
26.780485149427495,0.003887269193391642,0.3304178814382896,3.2083666872851726,0.5352425754766243,0.6513628634156037,1,1
2.500300110709398,0.0,0.4297029702970297,2.7498549419159026,0.300502893622427,0.768933314107895,19,0
5.213374571443068,0.5517909002904162,0.26524685382381413,12.006073980664144,1.3852090982819818,0.4192504551153523,1,79
11.55048118171954,0.39644970414201186,0.1346153846153846,16.89507537259863,2.237272359139033,0.30890202894944385,357,38
3.3665114924779687,0.0,0.36089494163424124,6.702207927889588,0.5118405151376783,0.661445430246942,2,0
2.742269128170544,0.000970873786407767,0.441747572815534,2.39233768402031,0.3078232839735283,0.7646292983572857,2,1
4.002475697131257,0.0,0.3559322033898305,4.928459706563904,0.6725903916255738,0.5978750117224517,83,0
3.458221954045478,0.015625,0.4140625,2.0255561023349937,0.33189471759385164,0.7508100954154698,647,1
2.079855367418281,0.21906693711967545,0.6196754563894523,2.560301057284511,0.5351653046016605,0.6513956490564882,20,16
1.9971546441754506,0.0,0.4890829694323144,2.282863979252084,0.28383683034813545,0.778915183270472,106,0
1.2494962033078576,0.008797653958944282,0.36852394916911047,4.179031705452916,0.34743983190693645,0.7421481659665431,4,2
7.222484108657617,0.3477789815817985,0.42036836403033584,5.804098976016881,0.9750178191370364,0.5063245456878661,75,50
5.14908491055417,0.01591187270501836,0.4467564259485924,2.3203868794124887,0.38753548939112126,0.7207022866412018,210,3
16.09278836014711,0.0,0.4105263157894737,5.182699963655386,0.9091087757640604,0.5238046216616346,176,0
1.114343891377376,0.0019398642095053346,0.48884578079534435,2.022917416534251,0.20562279001354392,0.8294468288781818,1,2
0.03495834411572441,0.8452012383900929,0.15479876160990713,108.75420875420875,0.03479835785746332,0.9663718466566638,346,28
8.990957369205642,0.2978959025470653,0.35105204872646734,29.489782299807164,1.675990773376965,0.3736933661912633,126,67
5.091630327181063,0.0322265625,0.48046875,5.118945313066663,0.6585263198154713,0.6029449084119815,3,33
2.8846363257188252,0.11392405063291139,0.4196689386562804,6.675528187774265,0.718376857524348,0.5819445226006431,2,44
0.11886702692869505,0.9900662251655629,0.009933774834437087,208.31386861313868,0.1177982612471809,0.8946158127713066,730,232
3.2477636797516527,0.15360169491525424,0.17690677966101695,20.5520515715175,1.0796828144912207,0.480842555909009,83,38
6.3514992706708355,0.03498542274052478,0.7677356656948494,1.3523652631496763,0.3228865891287575,0.7559226983006849,1,22
1.1821519888444816,0.5518394648829431,0.15384615384615385,60.04941860465117,0.9347917186726437,0.5168514989748075,730,20
0.3112836245279328,0.9751381215469613,0.023480662983425413,61.164370982552796,0.2978436361402241,0.7705088441732406,307,220
4.412218636190259,0.39048672566371684,0.5121681415929203,7.714740004824879,0.8762864577912707,0.5329676584550854,98,275
1.8649835643468808,0.21710526315789475,0.24013157894736842,15.295379349686252,1.000008825401626,0.49999779365932945,730,42
7.623548569797431,0.12841253791708795,0.20525783619817997,9.17693401194312,1.556520009647035,0.3911567272020158,20,26
0.0,1.0,0.0,0.0,0.0,1.0,11,663
0.0,1.0,0.0,0.0,0.0,1.0,15,385
0.7387116306671716,0.6427104722792608,0.3470225872689938,7.473349114358011,0.4914518239049651,0.6704876308922733,44,302
0.4919880270940369,0.1529888551165147,0.5116514690982776,16.12256172962623,0.32625551454723556,0.7540025199000854,37,39
0.0006998651538832637,0.9980392156862745,0.00196078431372549,680.0000000000001,0.0006998445702194337,0.9993006448696711,5,414
10.160865074352126,0.0,0.3881578947368421,3.6037974950551765,0.47764005044109203,0.6767548021600314,730,0
0.5401059990784471,0.0,0.5513565891472868,2.322505780067339,0.2569171161721467,0.795597408240752,1,0
5.208438188696121,0.0,0.35526315789473684,3.5073386434672393,0.5138994149336015,0.6605458659509814,730,0
0.9973347646967055,0.8558030480656507,0.07033997655334115,167.26760716223546,0.9000968674668463,0.5262889577483335,175,103
10.409248757016519,0.23885034687809711,0.42021803766105054,5.322978312058496,0.9466151727838191,0.5137122190257657,12,55
12.359713564770905,0.04175152749490835,0.48574338085539714,2.7375335333039486,0.509354006477277,0.6625350949535872,34,17
3.1748547467531134,0.011787819253438114,0.3104125736738703,3.7811858007635353,0.561199168653899,0.640533264479139,3,5
0.10515546164039652,0.018536585365853658,0.45951219512195124,1.4718094216563156,0.06723788586701836,0.936998220586599,2,4
4.74779148247345,0.0,0.3684210526315789,3.5410514308914007,0.6082320661578551,0.6218008091264147,730,0
7.354034656041747,0.0009737098344693282,0.4810126582278481,2.095187725030698,0.3730302170119859,0.7283160906510993,3,1
0.6513311827191365,0.46464646464646464,0.2962962962962963,5.171468728039353,0.4550905998249313,0.6872424302104039,730,44
1.7255470749308948,0.0,0.42360379346680715,2.2793349500979385,0.23552433481227872,0.8093729696970611,75,0
3.5683415300533685,0.3375796178343949,0.6114649681528662,4.595501901769472,0.6814036272527322,0.5947411934836333,78,119
2.7130446844078815,0.0,0.10927152317880795,12.271907085861585,0.8255060246956568,0.5477933167417057,730,0
5.089799570435924,0.006789524733268671,0.4005819592628516,4.764780256381707,0.8289850851592996,0.546751314766956,2,7
8.237303104351627,0.02854230377166157,0.4536187563710499,3.563232147783522,0.6226009947822957,0.6162944576119713,12,7
0.0,1.0,0.0,0.0,0.0,1.0,5,252
0.2653990435182809,0.793743890518084,0.11730205278592376,55.91454965357967,0.25257053427029974,0.7983582342391299,5,67
0.9924603732623737,0.0,0.18421052631578946,30.38330587589237,0.670939231168301,0.5984658097355292,730,0
2.971051880369946,0.0,0.43507972665148065,3.620403665676667,0.2829858691640238,0.7794318113975693,155,0
3.5080468448198814,0.39473684210526316,0.5822368421052632,4.449786233066052,0.7260564540415052,0.5793553262168989,730,65
6.733438848897994,0.021148036253776436,0.391742195367573,4.8886436849944905,0.6505586100665325,0.6058554927411459,19,5
1.905685144570393,0.0,0.43609756097560975,2.7295036297789355,0.3306890440886587,0.7514903684240252,5,0
2.817350986858325,0.0009737098344693282,0.3807205452775073,3.851230509967055,0.41601825779378376,0.7062055835057114,3,1
0.8998674290782358,0.8938618925831202,0.09207161125319693,42.12779442267803,0.7364229661551136,0.5758965525630295,230,234
1.766226296919041,0.9616438356164384,0.03561643835616438,44.047747991696,1.354951971196221,0.42463711032375756,669,166
0.7946304397806258,0.0,0.46710526315789475,2.132334332997898,0.18473135706509303,0.844073210383556,730,0
10.945339783703789,0.0,0.3633572159672467,2.6515603485992973,0.4137665148618973,0.7073303756226565,15,0
4.408819023048015,0.005813953488372093,0.375,3.9069371344368986,0.5180921987041209,0.6587215195846625,1,2
9.9902657031676,0.012008733624454149,0.34388646288209607,3.7889432555797664,0.5802140250674472,0.6328256705336593,107,2
1.622822101310226,0.6339712918660287,0.36363636363636365,17.722472817645226,0.8268653217707443,0.5473857257472706,197,257
0.474856838898601,0.001949317738791423,0.4571150097465887,2.0509569016445246,0.19631513241111664,0.8359001511454155,3,1
8.23565226459545,0.0,0.3157894736842105,4.562554773265142,0.6131535261512044,0.619903799476472,730,0
0.14215585650303195,0.8312195121951219,0.1248780487804878,21.830841695678885,0.1356916391939206,0.8805207025295788,4,232
2.1539400174102807,0.03496503496503497,0.46853146853146854,5.89028142468225,0.4032803363442793,0.7126159856305869,5,10
6.432189517351486,0.0,0.44584837545126355,5.793987619588623,0.7115751181879352,0.5842571496708318,479,0
0.8743007730184863,0.0,0.5441340782122905,1.1573027950930859,0.06305300904995297,0.9406868627310473,136,0
5.280092270229862,0.000970873786407767,0.43592233009708736,4.6573649384298035,0.5295588292670745,0.6537832876157986,3,1
7.454476697724869,0.0,0.3904,2.6301701319494555,0.537015902385834,0.6506113557106009,408,0
3.230677201152123,0.0,0.4506578947368421,2.0562984546542484,0.29065233591500705,0.7748019913442071,730,0
2.272321106844439,0.0,0.4375,2.4589181062808882,0.2735069710415136,0.7852332360475176,730,0
3.7725385148076716,0.0,0.45454545454545453,2.0929494990286934,0.27460600502567206,0.7845561656363441,131,0
0.7619044598131114,0.014910536779324055,0.4115308151093439,3.967645977472509,0.24722396860075863,0.8017806145289884,4,5
14.571306112128989,0.0,0.4867109634551495,2.361509713242465,0.40259357806909746,0.7129649070379074,408,0
2.7110603921229255,0.006587615283267457,0.4044795783926219,5.0703171111230345,0.6869424317032892,0.5927884563258686,262,1
7.681049967304048,0.0,0.4318936877076412,2.6770613120534112,0.5185114837838213,0.6585396361364378,730,0
4.4380862032543575,0.0,0.4070175438596491,2.131736430487206,0.31544789222350045,0.7601973486838014,730,0
0.04354197266541987,0.805921052631579,0.19407894736842105,156.16438356164383,0.043196213500340384,0.9585924364550752,85,214
1.1025063991760096,0.0013812154696132596,0.4240331491712707,2.7345379630027042,0.20026158294657387,0.8331517180988638,284,1
3.2285645351653307,0.0,0.4852150537634409,2.2755998178029593,0.22991027894567134,0.8130674384291189,281,0
6.449538261489157,0.0,0.3549107142857143,2.592851325342502,0.4103441424416404,0.7090467992221832,131,0
0.1590946737248533,0.0009718172983479105,0.1827016520894072,4.732307541769613,0.11386114749919951,0.8977779701223654,3,1
2.8190367913241103,0.0,0.5112676056338028,2.6460747643345153,0.4538420651042408,0.6878326222651288,241,0
0.0,1.0,0.0,0.0,0.0,1.0,16,288
2.4403590156535016,0.0009699321047526673,0.39088263821532493,2.203567196399867,0.26735660670352124,0.789043900280811,2,1
4.052668649484931,0.0009823182711198428,0.3889980353634578,2.49272642849339,0.49465453517525054,0.6690509254586703,5,1
0.05855755995935009,0.9460352422907489,0.053964757709251104,101.16643741403027,0.05809243659585683,0.9450970117669922,125,128
3.9398758844174955,0.0,0.42303552206673845,2.696179729702887,0.34878351754510456,0.7414088228332454,101,0
3.8689535752887574,0.0,0.35930232558139535,2.4351223308725927,0.38368268426216434,0.7227090512686732,171,0
7.133136579390102,0.09004237288135593,0.4968220338983051,3.9461355663686772,0.5921458196027893,0.6280831740961272,83,85
5.000845613545539,0.007028112449799197,0.4006024096385542,3.5322182920667005,0.38701182836762676,0.7209743850395993,7,2
2.2587808661250173,0.0,0.3256578947368421,5.870268800145051,0.4880205986297609,0.6720337076790783,730,0
10.18002271962937,0.020689655172413793,0.32413793103448274,4.049429044825579,0.7358746845646257,0.5760784513375224,597,3
4.596946517183007,0.14285714285714285,0.5488721804511278,2.6391413773737957,0.5585852383515814,0.641607513912834,896,4
4.639110452318199,0.07115009746588694,0.31773879142300193,5.164735197329483,0.6114569083273991,0.6205564634290738,3,32
3.8958931900100513,0.08179162609542356,0.3875365141187926,4.27779076905089,0.6878801325427699,0.5924591330389752,2,15
7.118524131271538,0.0,0.3651315789473684,2.6223679641989124,0.5162103779460534,0.6595390814793513,730,0
4.25680746008768,0.03289473684210526,0.24342105263157895,5.98503625719203,0.7645047042675592,0.5667312745505527,730,10
6.187627666656829,0.0019398642095053346,0.27643064985451016,6.188364456862872,0.7914962722392848,0.5581926211602147,2,1
4.953433813258822,0.2287784679089027,0.4658385093167702,6.510135968103722,0.8035738443285726,0.5544547028914562,64,14
2.9195558957986103,0.0068359375,0.4072265625,2.4662289335593957,0.311616977571999,0.7624177005173804,3,2
6.197366084407059,0.009205983889528193,0.3866513233601841,3.6700605826481665,0.5340379579523185,0.6518743521410846,155,3
4.240750181078235,0.5131578947368421,0.16776315789473684,10.27325581395349,1.5088811505709079,0.3985840460288225,730,60
1.4293685542221177,0.0,0.5120274914089347,1.6935967636211953,0.23091063229871056,0.8124066636198538,737,0
9.343381021080331,0.0,0.4176470588235294,3.3226111945659977,0.49142218104809604,0.6705009572120287,443,0
3.192456564546576,0.0,0.449,3.1689694511344912,0.32457914089789175,0.7549567776842164,16,0
2.6322338113220725,0.30357142857142855,0.435515873015873,4.277768134526892,0.6925972758083935,0.5908079933086237,13,113
0.30807576714936974,0.039473684210526314,0.40460526315789475,4.117279357047179,0.21363892790138328,0.8239682965090727,730,4
8.458254841451923,0.030067895247332686,0.4093113482056256,5.285903934502793,0.992973347309029,0.501762856663502,2,4
5.814641884046528,0.0,0.4440789473684211,2.589336801040312,0.44244371564631174,0.6932679515692111,730,0
2.961927883868735,0.009823182711198428,0.37721021611001965,3.1034121134327566,0.42687535191779336,0.7008320654330099,6,3
0.6451130509703099,0.125,0.5098684210526315,10.089070363688158,0.3810857865900552,0.7240679831113401,730,21
4.2081765578378505,0.7938144329896907,0.18556701030927836,21.041274486252757,1.6351489208727543,0.37948519420633076,730,150
4.224354097860021,0.6282671829622459,0.3659244917715392,10.859623855429284,1.1227439757452746,0.4710883702538408,1,475
3.6157744948676527,0.0,0.44803370786516855,2.8815553557415057,0.40824527406772954,0.7101035724490598,241,0
3.2010189115216066,0.0031914893617021275,0.46914893617021275,2.282084084433331,0.26726810474412516,0.7890990045882285,76,1
0.7278793819029119,0.048327137546468404,0.38909541511771994,4.7932358435869356,0.37103158967605715,0.7293777966387169,224,6
17.94232563306126,0.0,0.5043859649122807,2.0331544241680723,0.38369946765381996,0.7227002852690151,730,0
20.16575280279392,0.0029154518950437317,0.3867832847424684,2.58072899532864,0.5275948738503813,0.6546238254121975,1,1
2.3965131209815462,0.13803376365441908,0.16583912611717974,11.2443716519473,1.1425907206164505,0.46672469472484573,3,11
0.0,1.0,0.0,0.0,0.0,1.0,5,485
4.111082507180131,0.047244094488188976,0.37893700787401574,3.775765735153061,0.522717097226517,0.6567208063936524,3,17
1.87636256755761,0.0,0.4144736842105263,2.409824110018436,0.22710917632673344,0.8149234145517769,730,0
3.9392906942142134,0.024734982332155476,0.5936395759717314,4.045948770377761,0.5866965470315477,0.6302402320537207,175,21
1.804051357994785,0.0,0.4766355140186916,2.5066652481514966,0.3345612813474448,0.7493099147836405,320,0
1.054537633178295,0.0,0.3783783783783784,2.60639070442992,0.26513925270180017,0.7904268228690436,730,0
2.6871306668872843,0.8269040553907022,0.12957467853610286,41.21835593059638,1.553023857806907,0.39169238350127206,16,311
3.577523918520567,0.005819592628516004,0.38409311348205627,2.6800516750381904,0.4988513627553077,0.6671775633320441,2,1
1.8297880406512321,0.868421052631579,0.08881578947368421,53.49858769151758,1.3218058702040598,0.4306992297819075,730,77
4.669501345025525,0.000980392156862745,0.3892156862745098,4.59912550974868,0.6316522096297709,0.612875706047004,4,1
5.540376452635945,0.03731343283582089,0.4701492537313433,4.7157700968745235,0.6743224237237684,0.5972565294657853,322,20
5.370249959273042,0.25387596899224807,0.29554263565891475,11.305443200243506,1.2457680057656277,0.4452819692117217,1,88
1.2270125991879919,0.09126984126984126,0.5049603174603174,8.062576470516621,0.46658871505532157,0.6818544215801352,4,14
6.189676618494991,0.4246987951807229,0.536144578313253,5.328005440407435,0.8757402393467603,0.5331228594574785,182,40
0.0,1.0,0.0,0.0,0.0,1.0,2,653
4.203480337322778,0.0010526315789473684,0.4031578947368421,3.656075468156005,0.4414122251147538,0.693764061783497,79,1
7.542628819331131,0.0,0.3966861598440546,4.1554829617450535,0.3786082344893894,0.7253692346980513,5,0
2.894098561542392,0.0,0.3547008547008547,2.9555795848917197,0.32430523839782766,0.7551129233694047,323,0
1.2228957351182723,0.04866743916570104,0.21552723059096177,6.036903777115643,0.5006138233444185,0.6663939678839554,153,31
9.980429893233222,0.01644736842105263,0.4375,2.977881139759981,0.5561697678099484,0.6426034104282431,730,5
2.472544151904309,0.046052631578947366,0.1611842105263158,10.644081801280727,0.9537538664876413,0.5118351994858743,730,5
3.814815864399302,0.0009775171065493646,0.41055718475073316,2.1329480932292233,0.30144185051176675,0.7683785484589798,4,1
0.2085801301377844,0.9323529411764706,0.047058823529411764,92.92638036809817,0.20212020970980438,0.8318635623315933,4,153
4.633972247615255,0.09101654846335698,0.1607565011820331,18.87657825744294,1.1762480111981404,0.4595064509441857,176,20
2.6247181658372782,0.0,0.4721951219512195,2.049083058722581,0.24717335344618682,0.8018131539106429,3,0
2.789372978597293,0.0,0.36712328767123287,2.710863579154502,0.2912695717267576,0.7744316306181862,669,0
26.61013867591868,0.43743937924345294,0.1697381183317168,583.4300867377343,10.795676612313445,0.08477682398957134,2,63
2.309812826554769,0.7178571428571429,0.1976190476190476,24.120086548864045,1.2887525734005567,0.4369192247435603,175,163
3.791530305031146,0.0020161290322580645,0.29838709677419356,5.307279217090243,0.4448258236816649,0.6921249493256065,23,1
6.1756906013471315,0.31333333333333335,0.4766666666666667,4.748189129070895,0.9023071058316561,0.5256774770668888,730,47
7.94694806249069,0.0574052812858783,0.42824339839265213,2.3420335556638676,0.4284334204480297,0.7000676305139576,159,50
0.742868725936327,0.0825242718446602,0.4747572815533981,3.928533378790139,0.3886757158387179,0.7201105258732277,1,5
21.17527220175241,0.0,0.42105263157894735,2.117050503254948,0.3605161561118571,0.7350151598771484,730,0
3.302534418122557,0.004985044865403789,0.518444666001994,3.226449643417153,0.3815544450433252,0.723822360810862,8,2
7.4750232043772655,0.15004840271055178,0.4666021297192643,5.202825102061427,0.8003493990016196,0.5554477372861891,1,86
0.0,1.0,0.0,0.0,0.0,1.0,157,720
1.8198660394428383,0.0,0.5083612040133779,1.8550545454545453,0.26079077200738493,0.7931530133329232,730,0
1.868753556817312,0.08863920099875156,0.5580524344569289,2.4853165608097494,0.34288192099310666,0.7446671106127232,225,50
1.2201948861504042,0.0,0.45394736842105265,1.7844789159311762,0.09527288089445912,0.9130144801753384,730,0
1.1608408337673224,0.02171767028627838,0.577492596248766,1.6733578075555928,0.23708253906873125,0.8083534998018761,18,21
1.8938651671041882,0.003964321110009911,0.3924677898909812,2.8273334107516885,0.33767267949237606,0.7475670358906358,10,2
0.3660878017278233,0.0,0.4309210526315789,3.0766991896808333,0.18354200004165627,0.8449214307264159,730,0
5.030845309470443,0.0,0.3742889647326507,4.364353808706184,0.5258466934487884,0.6553738355848544,129,0
1.8740243209574903,0.0,0.36610169491525424,3.636553635856971,0.3333075137959169,0.7500145237710445,730,0
28.189323377954224,0.1528724440116845,0.3563777994157741,6.905951809477451,1.3269680363257879,0.429743762866193,3,42
3.4590737748353515,0.0,0.45286686103012636,1.936378429598197,0.2219642048699338,0.8183545770118859,2,0
1.2404517842288176,0.042759961127308066,0.2575315840621963,11.618928316133557,0.5167900393016156,0.6592870299045712,2,41
1.1170741510630144,0.0,0.44201909959072305,1.9763457676053393,0.17968929186216537,0.8476808316378613,265,0
3.885969183648754,0.0,0.2787524366471735,7.922344622679984,0.6924058397558297,0.5908748224032802,3,0
1.6624409799478153,0.1235480464625132,0.46673706441393875,5.48621686979649,0.4880876537386587,0.6720034249915376,80,59
0.007192804328530509,0.0,0.48172757475083056,1.0901408450704224,0.0061734647929503365,0.9938644130371489,730,0
2.4967656007581907,0.0,0.4309210526315789,1.786053515190422,0.23146188057272282,0.8120430000926414,730,0
2.0567055533886967,0.010700389105058366,0.438715953307393,6.4199379624579205,0.4538999731398006,0.687805226270435,2,4
7.174342494377234,0.12,0.408,6.430476373533965,1.050886999794525,0.48759390453993245,17,20
0.2120029437911982,0.9638157894736842,0.029605263157894735,57.2092092092092,0.20525779455563634,0.8296980152438571,730,264
5.574432940867826,0.0,0.31202046035805625,4.199589851797285,0.6063346463366603,0.6225352869531627,227,0
5.647623076379234,0.008832188420019628,0.4023552502453386,3.8852350584804487,0.5127286517633846,0.661057089673222,9,5
3.376540518640073,0.0,0.4205298013245033,2.73518930713479,0.47963576853900813,0.6758420019728232,730,0
16.136299553791645,0.1185617103984451,0.2400388726919339,9.813060095549409,1.2811923025348457,0.43836725158541284,2,20
4.0448869870599875,0.2529182879377432,0.26556420233463035,8.379882443873242,0.9523964431118942,0.512191058085578,2,167
3.6078995570895294,0.0,0.38666666666666666,2.590294810753619,0.3165796127837081,0.7595438895530605,730,0
5.059678996979612,0.0,0.4111328125,2.192060940276007,0.3157879806220373,0.7600008623936899,4,0
0.014027991965671397,0.9730185497470489,0.026981450252951095,97.92660550458714,0.014002254263904694,0.9861911014447702,332,136
3.4215115124620454,0.00949367088607595,0.49683544303797467,2.286394580962424,0.2439602419611645,0.8038842129097719,388,2
3.040349209502266,0.005889281507656066,0.3745583038869258,7.417247316995034,0.671216359011094,0.5983665697191525,175,1
5.4515755385295535,0.0,0.5190525231719877,3.0380924783402903,0.578536297912321,0.6334982612199295,62,0
0.45931705149169083,0.12924281984334204,0.3981723237597911,3.787045090409704,0.2924905324155251,0.773700058081747,265,18
0.0,1.0,0.0,0.0,0.0,1.0,268,304
3.546051303721957,0.0,0.30132450331125826,3.1063230835859676,0.4588449877133882,0.6854737881146731,730,0
1.1603922727695395,0.0,0.3620689655172414,2.5915905064908746,0.23620470642546448,0.8089275140292421,730,0
2.832520444146921,0.0,0.22275641025641027,4.85675961877868,0.5112793627849809,0.6616910312049806,409,0
3.9594944184942484,0.0416221985058698,0.4044823906083244,3.163313585993494,0.4365171157437301,0.6961281484504058,19,10
9.650783168622171,0.0,0.40131578947368424,2.89157032167373,0.5802663128826904,0.6328047316124963,730,0
6.9470445920347,0.0,0.45081967213114754,1.948325924403217,0.34494608925781367,0.7435242259798186,730,0
5.79479655975713,0.011077542799597181,0.311178247734139,7.275581372677364,0.7040177776058041,0.5868483375830914,13,3
1.0161487033633472,0.022222222222222223,0.4301587301587302,3.3746459133801685,0.2766631732085123,0.7832919606248202,399,2
0.9410408974105123,0.09471585244267199,0.3589232303090728,6.865984474241355,0.4142843436346152,0.7070713923269967,6,47
2.768030924126686,0.0,0.42590559824368823,2.569731505189574,0.26933618282600175,0.7878133575091495,122,0
1.230432130620146,0.0,0.424860853432282,3.360662843424913,0.3253227305034135,0.7545331993364045,271,0
0.7449464350741098,0.2016509433962264,0.45990566037735847,6.735609960024037,0.39152788227960106,0.7186345403024191,171,121
5.056409324958246,0.000968054211035818,0.3330106485963214,4.065348519533077,0.4913563981372008,0.6705305326406644,1,1
5.416908695605613,0.0,0.3980263157894737,2.6078895695422633,0.3614086061438414,0.7345333322318838,730,0
192.06982862796553,0.002967359050445104,0.0009891196834817012,904.1797159043484,24.766956330344932,0.03880939553665217,10,1
3.865098180944371,0.0,0.4914004914004914,4.07360672975815,0.6716069819190914,0.5982267427789445,217,0
2.09672351405231,0.38320209973753283,0.09186351706036745,21.481008322082737,1.2697619093738706,0.4405748443790992,267,40
0.2189065819168171,0.0,0.5336976320582878,1.9014816240138541,0.1245695442103037,0.8892291322918771,282,0
0.25068921077175627,0.9221789883268483,0.06031128404669261,55.170742263579314,0.23990514766513574,0.8065133061856378,2,358
1.0169721935879108,0.1717369970559372,0.42198233562315995,4.7686369191332085,0.5116317028966517,0.6615368003222996,3,15
1.6299763654753174,0.0,0.3023735810113519,6.740889093177491,0.44392303899896357,0.692557686934115,64,0
6.098259026099847,0.0815822002472188,0.3695920889987639,4.134784064173308,0.6879043181968713,0.5924506438067917,213,18
4.669057689160193,0.001936108422071636,0.41529525653436594,2.422980510172479,0.25021654520565784,0.7998614350728355,1,1
3.3616092601146392,0.048104956268221574,0.3673469387755102,5.655374768968925,0.44361203921964965,0.6927068858060744,32,14
1.93273093001024,0.0,0.4957627118644068,1.858993677597328,0.30606836310360985,0.765656705460425,798,0
2.7569289632098672,0.01718213058419244,0.38602520045819017,4.042183183744089,0.4870169862891779,0.6724872743353663,155,13
3.158364169269431,0.49193548387096775,0.4838709677419355,3.642586633244131,0.7943757145902172,0.5572968870838573,282,135
11.40861640847379,0.0,0.3125,3.2066606330451446,0.5026135392994915,0.6655071140023092,730,0
2.116519245438706,0.0019743336623889436,0.5202369200394866,2.7069145625434983,0.2566067403237705,0.7957939169913616,6,1
2.0288416002827114,0.0009852216748768472,0.4236453201970443,4.386363894150608,0.4534328207928078,0.6880262958796591,7,1
3.201712430568683,0.0,0.3651315789473684,3.0096215224985783,0.3369255300218011,0.7479848185588117,730,0
0.7633490189508385,0.0,0.20105820105820105,3.9737555839183147,0.39580625886604387,0.7164318068127895,82,0
7.2538403142929235,0.2457002457002457,0.5110565110565111,3.769233167163271,0.6936059711256557,0.5904561137885866,626,100
6.3594207197635715,0.042483660130718956,0.4019607843137255,2.3047536493878837,0.3905927870656948,0.7191177814967034,83,12
3.6216475713065943,0.008567931456548347,0.43084455324357407,3.240778997811486,0.412245811309469,0.708092027600192,216,7
2.0857068329306223,0.028237585199610515,0.4780915287244401,4.60390146878825,0.43285392180005433,0.6979078500505677,2,4
0.0,1.0,0.0,0.0,0.0,1.0,265,724
5.851580334951391,0.0,0.5116279069767442,4.0766819647783645,0.6729834978814564,0.5977345271285261,730,0
5.039068573959827,0.013301088270858524,0.4159613059250302,2.776553316910599,0.44619835674422287,0.6914680792828903,167,5
1.217272130296728,0.0,0.4217687074829932,3.4553834223967903,0.3135312504412543,0.7613065921835284,2,0
1.6544021223376515,0.0,0.4582392776523702,2.304571479928734,0.2234271134178426,0.8173760324849572,141,0
1.7141242865659074,0.0009746588693957114,0.3791423001949318,4.360495516529286,0.34959111497514683,0.7409651626362517,4,1
1.5035657256003347,0.05268389662027833,0.46819085487077533,4.116622391986336,0.366539393737308,0.7317754647856362,4,2
0.05211672631093324,0.9868421052631579,0.013157894736842105,198.6771653543307,0.051899907617924144,0.9506607926837318,730,293
4.562718936672023,0.03656597774244833,0.615262321144674,6.38304663680506,0.4829614652609556,0.6743263553541028,396,10
1.9047715333884003,0.39144736842105265,0.2730263157894737,8.390176727105805,0.8873521915993529,0.5298428160101875,730,18
6.387534902491281,0.0048543689320388345,0.5922330097087378,2.092382137668692,0.41581124499310285,0.7063088413348995,2,1
4.314307445736893,0.01762977473065622,0.38393731635651324,6.4773815243128245,0.7750261987376518,0.5633719664031842,2,3
5.931705159054577,0.0,0.4217002237136465,2.243631792371715,0.2864296604557532,0.7773452608716456,134,0
19.523676056228688,0.0,0.4781582054309327,2.9641920437011158,0.5694699664109958,0.6371577802707253,167,0
4.096344281103869,0.04945598417408507,0.42136498516320475,4.136883864196293,0.4508514358338046,0.6892504465319702,13,50
3.5143912369034798,0.0,0.15460526315789475,11.82521480391829,1.1841623284993215,0.457841428245433,730,0
5.824610700716953,0.17339901477832512,0.3852216748768473,5.626953875794865,0.7890519814091282,0.5589552513797617,13,176
2.765123503302133,0.0,0.386986301369863,2.8745823977216713,0.46066460299661255,0.6846198627312934,730,0
0.05376930321395719,0.6075085324232082,0.20477815699658702,23.918367346938776,0.052625199056984526,0.9500057578859693,730,25
4.132495035338414,0.013671875,0.3564453125,3.9506786726890057,0.4386314431467938,0.6951050630539867,2,6
2.332109540310469,0.0020470829068577278,0.32139201637666326,2.6118438416931506,0.3055967119445544,0.7659333014944569,6,1
3.435670848467989,0.20364741641337386,0.3900709219858156,6.146369822097243,0.7674305788957951,0.5657930851376077,4,18
5.96002562648344,0.0,0.4527750730282376,4.188652576188545,0.5143215843359927,0.6603617159947469,5,0
4.911812216333987,0.004838709677419355,0.35,6.083428359277626,0.5918904223310564,0.6281839415401895,409,1
2.36404037100891,0.0,0.47039473684210525,3.757723008078188,0.40810005212162825,0.7101768077440724,730,0
2.2983413174886107,0.0,0.46629213483146065,2.8148991932792553,0.31428859863405717,0.760867895406916,241,0
3.808696729940295,0.935361216730038,0.06463878326996197,38.4470571846486,1.9942673258273171,0.3339715166292641,245,575
5.892387423765843,0.04859086491739553,0.423712342079689,3.609220452835368,0.6297724650051834,0.6135825837484742,2,15
7.8654410468726175,0.0,0.4907749077490775,2.4697854102859873,0.3380790826892482,0.7473399838148709,730,0
4.910163195819704,0.0009784735812133072,0.36007827788649704,4.239599109964286,0.5897269102101617,0.6290388579179301,3,1
5.0893473245473455,0.0009727626459143969,0.4270428015564202,3.119243998342155,0.3709158063209699,0.7294393976561037,3,1
1.91748606894782,0.007797270955165692,0.6052631578947368,7.385761954755489,0.4897707927934913,0.6712441973203711,4,2
1.7122982925298835,0.00891089108910891,0.5089108910891089,2.294602868693192,0.25824167794627406,0.794759876045609,3,2
3.906895910655911,0.0,0.4418604651162791,2.0985074784407693,0.2874852511899176,0.7767079266156887,730,0
3.0844168642199286,0.07060518731988473,0.44668587896253603,6.281442690258078,0.45468039902559965,0.6874362235648724,332,49
3.2617097715785164,0.01644736842105263,0.4967105263157895,2.49041869405899,0.33413751905964206,0.749547918197251,730,5
3.642174957917234,0.0013831258644536654,0.3941908713692946,5.205116299929036,0.5834090287804184,0.6315487545061084,307,1
1.4760552258307893,0.0,0.49204771371769385,3.0869909843094536,0.27908199244192944,0.7818107094845995,20,0
3.410623445644575,0.0,0.2550335570469799,7.262134133986628,0.7344850964763788,0.5765399783667836,730,0
4.226899998969858,0.0009765625,0.416015625,2.726874818349608,0.33038864119781775,0.7516600555907095,4,1
2.8335385832476097,0.006369426751592357,0.34182590233545646,3.503706491287804,0.44753060230661057,0.6908316814902016,78,2
0.0,1.0,0.0,0.0,0.0,1.0,6,697
3.0772577098885106,0.002955665024630542,0.2729064039408867,6.572826207501772,0.6049826597744717,0.6230596909629651,5,1
14.83997095737076,0.0,0.48333333333333334,2.814114326040931,0.6028424221003694,0.6238916478699117,730,0
1.5217354156735172,0.8692232055063913,0.127826941986234,22.13826151560178,0.9949883745274316,0.501256053803761,3,219
2.0575343336182,0.0,0.39659685863874344,3.116196316429792,0.312518013205706,0.7618943054027814,133,0
1.9581341850036589,0.0,0.3675496688741722,2.347033825904348,0.2794307603736279,0.7815975908754713,730,0
2.4089042383489643,0.0,0.4280155642023346,2.4416258570029385,0.22866528376142567,0.813891312155096,3,0
8.456851688974663,0.0,0.46865203761755486,2.8792018194105813,0.4900256369155363,0.671129392156013,395,0
9.903988407476287,0.03896103896103896,0.37462537462537465,3.9292145932799745,0.5813467639077765,0.632372369440862,11,16
4.059821678148405,0.0,0.26973684210526316,3.7321120885100214,0.5967093052124988,0.6262880768186634,730,0
2.0112785952010577,0.016666666666666666,0.41333333333333333,5.026718208174634,0.6011952279306497,0.6245334626011712,730,2
0.7351201634081461,0.3658051689860835,0.5735586481113321,6.685819818179454,0.41666293933065995,0.705884210165388,4,54
6.769251439629993,0.0,0.44142857142857145,4.739544050023114,0.7341762043805984,0.5766426718772637,325,0
2.3828000632219903,0.5563218390804597,0.2689655172413793,12.003315469559956,1.031304781829418,0.49229441536556995,85,166
0.0074560113507932515,0.9967105263157895,0.003289473684210526,304.0,0.007452824287775453,0.9926023094003987,730,241
3.585597762441999,0.000970873786407767,0.5281553398058253,2.1616564121452426,0.40491952356006844,0.7117845422675873,3,1
0.6527502423920825,0.021148036253776436,0.4743202416918429,2.002684894441475,0.19132347978539319,0.8394025778625144,12,5
1.4991816407537957,0.0,0.45,2.5665008897203085,0.2784823050031199,0.7821774271624038,730,0
4.590023104380162,0.16225165562913907,0.6125827814569537,2.764916686285281,0.5340238149902568,0.6518803621092097,730,20
1.6736869361890208,0.015957446808510637,0.4117021276595745,4.948114868149737,0.4010823877369771,0.7137339022690851,11,2
3.2329113332803203,0.7879377431906615,0.17509727626459143,11.139123310118803,1.3333197667544607,0.428573920406526,1,486
7.370033697296752,0.001072961373390558,0.4302575107296137,2.86012154873409,0.31400497580258474,0.7610321257643695,101,1
12.753912275772054,0.0,0.38275193798449614,1.907548086506515,0.2198160456003725,0.8197957418307422,1,0
5.045686266268911,0.006309148264984227,0.33753943217665616,4.327835321269414,0.384061389601194,0.7225113044213609,12,2
6.279169263384878,0.0,0.4791666666666667,1.9223425320015015,0.36564246020833513,0.7322560839587876,443,0
1.3901236350449127,0.0,0.42857142857142855,2.9869396429285335,0.24602892952972974,0.8025495847655922,6,0
13.630557582463545,0.001184834123222749,0.41232227488151657,2.058037364243658,0.3722522212805805,0.7287290080440196,189,1
1.2564596091021765,0.0,0.4407894736842105,3.7893331025016384,0.34328571918633705,0.7444432600725674,730,0
5.678673467717382,0.04918032786885246,0.4168618266978923,3.9555209048059914,0.574103835391086,0.6352821062478067,158,6
5.858726191329914,0.0026845637583892616,0.34496644295302015,3.112318085330761,0.49305236735578784,0.6697688720530353,282,2
17.96101138557093,0.003872216844143272,0.4482090997095837,2.3937213731185847,0.5063813003852575,0.6638425475304623,1,2
2.7714799280038265,0.0020408163265306124,0.40714285714285714,3.01584429535556,0.33955170622117575,0.7465184026534981,8,1
2.5498782195958163,0.4057203389830508,0.375,10.477990035435482,0.8533795541093191,0.539554889219964,83,59
2.722146115527548,0.7189922480620154,0.14825581395348839,19.902409394614295,1.390857902378666,0.41825990536915614,1,152
1.9374939330554317,0.0,0.45036319612590797,2.10602108177172,0.26297998999326044,0.7917781816997246,155,0
8.549722379452348,0.1379980563654033,0.3401360544217687,4.720550035527495,0.7764325743857904,0.5629259530695977,1,34
8.598262780624498,0.015594541910331383,0.2651072124756335,7.5791154364165605,0.9473479307526894,0.5135189167831348,6,16
5.419426266403725,0.0009727626459143969,0.3521400778210117,2.842778805719092,0.4312718843368192,0.6986792732698377,2,1
1.3848761330793076,0.18794835007173602,0.430416068866571,17.942737802529845,0.7034695182388658,0.5870372139290472,332,63
5.773657192418027,0.007142857142857143,0.3357142857142857,8.340588572357111,0.8790650201974854,0.5321795623096119,171,1
47.11367509422236,0.02330293819655522,0.22796352583586627,139.020124048438,4.049603960497564,0.19803533263655487,7,9
1.899521721881948,0.001483679525222552,0.2551928783382789,8.216100103450774,0.5841668714830665,0.6312466306430328,357,1
1.1776569585248724,0.5478547854785478,0.23432343234323433,13.39505605058925,0.7481498237405102,0.5720333500136181,730,15
2.29413637958958,0.13941825476429287,0.4844533600802407,3.4125082295770097,0.6105481965738387,0.620906596975692,6,58
2.234643350941243,0.0,0.39057239057239057,2.297872340425532,0.2539795019170465,0.7974612012965362,730,0
1.626336308954791,0.003902439024390244,0.38439024390243903,4.227318925184581,0.4894202441174438,0.6714021807811201,4,1
3.249980964923346,0.0,0.4276315789473684,2.2835130970724196,0.29800510754086956,0.7704129931310871,730,0
9.15005925239542,0.5,0.375,4.49250932098068,1.1052420831342835,0.47500475504042766,730,16
18.15784222278823,0.0,0.4305555555555556,3.489744878198382,0.6357620055468827,0.6113358768628882,8,0
1.2051202192817365,0.0,0.5263157894736842,1.4221227948773854,0.15177207736225296,0.8682273339098168,730,0
2.3653843220744277,0.0,0.46646942800788954,3.0936379554740263,0.4214348822992881,0.703514464470168,8,0
1.9810957126331745,0.0,0.475266731328807,3.0085214558083746,0.2846508990640086,0.7784215935462279,2,0
2.5322143065623957,0.255079006772009,0.36681715575620766,10.286123959296946,0.8577541962128318,0.5382843446342759,133,188
5.987518034762395,0.03423967774420947,0.4380664652567976,3.0247209858658257,0.5176708843930119,0.6589043845299484,7,9
2.655284029835357,0.0010330578512396695,0.39359504132231404,4.13158513590963,0.3185257584979107,0.7584228017958624,52,1
4.251376450749098,0.003940886699507389,0.2788177339901478,4.461870592554927,0.4826511124656574,0.6744675072863192,5,2
4.755220477770489,0.001998001998001998,0.33466533466533466,4.3768470887217426,0.34776891209498667,0.7419669581527809,6,1
5.334022196011645,0.0020304568527918783,0.3918781725888325,2.3097197618512135,0.2715488775542397,0.7864424385505728,6,1
6.053212066478147,0.5169660678642715,0.45708582834331335,4.970361948666834,0.9880557404589785,0.5030040051941058,447,51
4.857916244146016,0.30927835051546393,0.3837342497136312,5.844312464131754,0.9180860686329183,0.521353038507147,147,128
1.6361227253307649,0.13203883495145632,0.2970873786407767,5.950050673230056,0.6988497997390263,0.5886335567474051,3,11
1.3250694771720413,0.8618421052631579,0.13157894736842105,41.23159663865547,0.9522957944687956,0.5122174635796376,730,115
1.342535107262339,0.0,0.40658276863504356,2.4188913095487625,0.24092830998796022,0.8058483249606113,1,0
1.7478234925701799,0.5203488372093024,0.44573643410852715,6.834437086092716,0.7242071757415407,0.5799767070160369,2,537
4.262998898752524,0.45738942826321466,0.2923408845738943,7.561041922469743,1.2320882893133347,0.4480109522493994,106,88
1.5353763968342422,0.0,0.4152823920265781,2.322621605782379,0.25161882476567043,0.7989652921585141,730,0
8.13781852377406,0.2555879494655005,0.4227405247813411,7.098487953756639,0.9399223554659036,0.5154845487410418,2,208
5.664826853448664,0.002912621359223301,0.4184466019417476,3.4383309845618584,0.5125896108516984,0.6611178556468645,2,1
2.7460331032070804,0.020689655172413793,0.47586206896551725,1.8410547795557446,0.24878616904098583,0.8007776069204523,597,3
4.016461280300928,0.003367003367003367,0.3838383838383838,2.3031510532368085,0.2724494410991664,0.7858858416694188,134,1
14.071070602008332,0.0,0.3881578947368421,2.453687747314773,0.5479129180028067,0.6460311742150515,730,0
3.9202913658345766,0.0,0.33783783783783783,3.4497213267291373,0.47872729699870237,0.6762572125568042,730,0
4.338956598400091,0.025025025025025027,0.4494494494494494,2.918125372715473,0.3754024038094096,0.7270599478598633,4,4
0.007379490465201811,0.9903329752953813,0.00966702470461869,514.4999999999999,0.007376479657178473,0.9926775343616433,65,337
0.6185046170574223,0.001310615989515072,0.41939711664482304,4.0260425531914885,0.25112093804167257,0.7992832424060126,161,1
4.618811720237461,0.09060402684563758,0.2516778523489933,11.117502756339581,1.3446716418823401,0.4264989528329792,730,8
0.02551740083459668,0.9868421052631579,0.013157894736842105,106.4,0.025450426029256533,0.9751812224333404,730,169
2.9232176742270957,0.039473684210526314,0.2598684210526316,14.681184047664004,1.138327555772653,0.46765519964440844,730,8
3.5171961837724575,0.0,0.37327677624602335,6.304927801116204,0.633863477641342,0.612046241123896,84,0
27.03942151059943,0.0,0.23625730994152047,6.715094531114075,1.5781332608545409,0.3878775450375838,176,0
11.575490336886064,0.0,0.38499025341130605,2.890875498690252,0.5295590721942646,0.6537831837808177,4,0
3.4411542107435293,0.0,0.4232081911262799,4.080351438872693,0.33422997081137884,0.749495980360773,730,0
2.9216200487738395,0.0,0.4276315789473684,3.196306277589421,0.3740398118487148,0.7277809502874161,730,0
3.2688447162972136,0.0,0.37666666666666665,3.0627398792647877,0.28750239373579245,0.7766975850805365,730,0
80.13499635093159,0.0,0.3219178082191781,1.9975341049198583,0.3859048693576012,0.7215502464202489,730,0
2.174907587751516,0.24019607843137256,0.6294117647058823,3.6919033566949464,0.5469010678414292,0.6464537524661588,4,107
3.1894107925846558,0.0,0.43564356435643564,2.36755743084857,0.33759221342595913,0.7476120075779388,730,0
7.970800201043882,0.33554817275747506,0.38870431893687707,5.662395627751632,0.9204898849063702,0.5207004774454999,730,23
8.396440151356014,0.0,0.3560311284046693,2.826383774784742,0.3604079806555992,0.7350736060208102,2,0
4.0589432554325455,0.1267605633802817,0.3436619718309859,5.980134833827842,0.9643582805810235,0.5090721025210417,227,46
6.84907248035771,0.0,0.3651315789473684,2.018103744003199,0.3410507163835511,0.745683953472489,730,0
7.848805125350969,0.0,0.34210526315789475,3.1181878548491597,0.4537425113874484,0.687879725719517,730,0
2.7849699900474585,0.0,0.39414634146341465,4.080785984331646,0.3657733830068213,0.7321858900181872,6,0
3.305883398711088,0.0,0.39403973509933776,2.295018560744609,0.3476314917479991,0.7420426178249294,730,0
1.925765734710662,0.006776379477250726,0.15392061955469508,28.191033138401558,1.0555752496344617,0.4864818255511822,1,4
3.8625539199401384,0.04950495049504951,0.3940594059405941,3.1062224923297097,0.42536542662588095,0.7015744743908906,13,50
14.166451408657167,0.0,0.40236686390532544,2.936504687646831,0.5906845888965386,0.6286601422936411,443,0
7.042538837050558,0.0,0.26452410383189123,9.647896804228699,0.9552607484887289,0.511440737903078,217,0
4.338725270206278,0.12861415752741776,0.23928215353938184,10.307998643192153,1.0694814589303807,0.4832128336713168,4,23
13.423977450575498,0.0,0.3668292682926829,3.4263847651138164,0.46061863677596826,0.6846414079771744,6,0
2.931197331061888,0.000968054211035818,0.3978702807357212,3.932778712502151,0.5803694756206214,0.6327634236337636,1,1
3.0554194842909395,0.0,0.4136947218259629,4.838857290589452,0.708799079518151,0.5852063077433194,318,0
3.335643036035715,0.014548981571290009,0.42870999030067897,4.22543595576463,0.4584272618654653,0.685670122979535,2,9
6.00762436463366,0.00484027105517909,0.4346563407550823,2.602533042152915,0.4651550924232449,0.6825216014135972,1,2
0.876283914142483,0.818815331010453,0.12195121951219512,18.015661509314807,0.6868122710695503,0.59283419806161,315,270
4.414301523369016,0.001943634596695821,0.369290573372206,3.9856968550968133,0.4358668143968738,0.6964434235636564,3,2
5.253743942523361,0.0,0.4033333333333333,4.197449970243641,0.43455045264625175,0.6970824889116616,730,0
5.065008879136978,0.07973421926910298,0.3521594684385382,5.37553307547357,0.890196116254762,0.5290456325671654,730,8
1.0984293939517162,0.04040404040404041,0.06397306397306397,33.097833523375144,0.7612496324901639,0.5677786848342095,730,12
4.895331967650865,0.5803921568627451,0.2284313725490196,15.62756815018852,1.4508944111428137,0.4080143132456349,3,117
0.0,1.0,0.0,0.0,0.0,1.0,9,492
5.700591746190122,0.17763157894736842,0.5888157894736842,2.604395925158353,0.5691754548338755,0.6372773655867995,730,43
2.8428293137672194,0.5173267326732673,0.47029702970297027,6.367237287882631,0.815093231771843,0.5509358872016883,217,194
2.8832785451871654,0.00872093023255814,0.28391472868217055,5.030000565514901,0.7706106417128917,0.5647769060241264,1,2
1.6285852979892377,0.7023255813953488,0.2755813953488372,10.346843437638649,0.8611873017147365,0.5372914370728227,106,104
7.026632658900613,0.005383580080753701,0.4535666218034993,2.727985284122809,0.45115225780264595,0.6891075658140885,276,1
4.255838365276925,0.0019569471624266144,0.41389432485322897,4.068389001830574,0.44753494383139103,0.6908296095106082,3,2
1.2450121012943194,0.0,0.41555555555555557,3.5153292041240314,0.2808171288425303,0.7807515823150306,113,0
1.541499870766303,0.006776379477250726,0.4482090997095837,7.041009982917236,0.34943216542863337,0.7410524408852817,1,2
3.429165833815383,0.8241010689990281,0.16132167152575316,22.029749627376884,1.496810768974569,0.40051092875199995,2,25
26.259149046725938,0.348993288590604,0.5335570469798657,3.8263548843415855,0.8667297726547002,0.5356961755519051,730,56
3.1141079181488003,0.31752178121974833,0.41239109390125844,4.957445972613835,0.74087878991511,0.5744225306167138,1,126
4.364935203656226,0.0,0.2631578947368421,4.972285324852339,1.0802008286347444,0.4807228159101876,730,0
10.479033230611718,0.0,0.33146067415730335,4.209593344045845,0.6359966431868525,0.61124819794987,253,0
1.760282829301031,0.0,0.461839530332681,2.5157450753977506,0.2233672854301262,0.8174160057324141,5,0
1.2279710350087971,0.01556420233463035,0.21206225680933852,6.53442270341418,0.5551298709703003,0.643033111682219,2,5
1.1538969024528831,0.0,0.4407894736842105,3.711872951852785,0.3736840147708331,0.7279694523975563,730,0
0.0237213123015744,0.9896907216494846,0.010309278350515464,188.0307692307692,0.02367598273227843,0.9768716047541869,340,304
17.368908885354863,0.00484027105517909,0.2894482090997096,2.242256806768358,0.46875898261773774,0.6808468998894028,1,2
12.542937605236084,0.0009737098344693282,0.34371957156767285,5.3267368035489,0.9331839738695573,0.5172813418261223,6,1
0.4238490155717267,0.3303249097472924,0.48375451263537905,6.726566294317631,0.30085248321789726,0.7687266718562251,270,9
10.146086578049111,0.046466602129719266,0.4578896418199419,5.12409813148194,0.9700609785221116,0.5075985012150102,1,12
4.753015131168983,0.4900662251655629,0.4768211920529801,4.001609236129565,0.8664380384944785,0.5357799077041037,730,32
4.154958229369341,0.1059322033898305,0.399364406779661,3.0492242097504656,0.6841214880277987,0.5937813911341137,79,78
10.161696670558177,0.000970873786407767,0.38932038834951455,3.8055724683026932,0.6876621217382712,0.5925356664223833,3,1
3.907449552953588,0.0,0.4718066743383199,2.212093713368366,0.2937807443480916,0.7729284922259981,142,0
2.2877525994556063,0.0019550342130987292,0.46920821114369504,2.2739478282193546,0.1985284846824841,0.8343564736093205,6,1
1.645259710872407,0.004868549172346641,0.4761441090555015,2.0742463453066953,0.31440911084840617,0.7607981348779104,2,2
1.2831865524538364,0.6074626865671642,0.18507462686567164,19.24697256528141,0.8573430031652394,0.5384035142113353,357,47
8.207619504212182,0.3329886246122027,0.5439503619441571,4.352465170024253,0.823452007185125,0.5484103755183042,18,59
0.7516808949770343,0.000975609756097561,0.45170731707317074,1.7196975339372726,0.21545482486205658,0.8227372828220836,6,1
4.013024837123083,0.0,0.4574780058651026,2.4931518632225287,0.40682383476001915,0.710821053277494,6,0
1.039638941810538,0.0,0.40456989247311825,3.685358122423507,0.20417632286009488,0.8304431676790105,265,0
0.945143860558233,0.0031545741324921135,0.5930599369085173,1.9264890349928632,0.24127899416711754,0.805620657965768,71,1
1.4903299265589178,0.0,0.4452296819787986,3.8053162774737426,0.34422263177399176,0.7439243889833071,175,0
9.779715718489966,0.0,0.32894736842105265,3.674770394381416,0.7156900152190016,0.582855872057024,730,0
4.174483364219105,0.0037735849056603774,0.26540880503144654,5.2744839146998155,0.6977849936090487,0.5890027322448295,225,2
64.7882270989865,0.010700389105058366,0.20719844357976655,250.6235063284467,6.96323491301569,0.12557710665618158,2,8
3.9406249946782355,0.0,0.33235581622678395,2.590712329573898,0.3827803934812672,0.7231806328135844,2,0
0.14588293158908444,0.0,0.34539473684210525,1.6634890043707198,0.07458904957041504,0.9305883029421961,730,0
2.9149144283696793,0.0,0.4440789473684211,2.7385590568665847,0.3877233606176307,0.720604717322718,730,0
4.559661041422954,0.14714424007744434,0.3969022265246854,7.668857129832238,0.8689955824120718,0.5350467435077769,1,45
11.939123721221527,0.34782608695652173,0.5183946488294314,3.5506868274104626,0.8382739485513094,0.5439885610020591,730,23
1.6651338640686935,0.006789524733268671,0.44131910766246363,3.513692834915508,0.2326933026810102,0.8112317944983389,1,2
2.7672014490744554,0.002,0.462,2.466997874170167,0.2912779242853005,0.774426621250791,18,2
19.660485587040025,0.8834720570749108,0.10463733650416171,13.4049901903189,2.643814439144848,0.2744376852062439,188,64
108.9974647076241,0.0,0.5209125475285171,1.9517118910281464,0.29754271371977253,0.7706875383957247,730,0
1.1283849262077885,0.0009699321047526673,0.45004849660523766,4.314824066131906,0.27608908471122495,0.783644348957265,1,1
0.0,1.0,0.0,0.0,0.0,1.0,71,758
7.53624555308317,0.15295256534365925,0.2313649564375605,7.039731721789675,1.0887223263639076,0.4787615794488209,1,62
3.2027321016296395,0.0,0.4186046511627907,2.4470652570178633,0.4340292479359423,0.6973358468380902,647,0
2.2403104829115374,0.0,0.47203140333660454,2.2941064752110965,0.2773001650877869,0.7829013315216096,6,0
2.8620093620761273,0.0,0.46253746253746253,2.7723282523032915,0.29972540900892664,0.7693932834340179,20,0
5.183449698032915,0.05503512880562061,0.5117096018735363,2.874958141097928,0.4757293159405642,0.6776310460178427,158,27
1.2822275854887701,0.05263157894736842,0.5,3.2707710699342494,0.4381959260171841,0.6953155560447969,730,16
19.15371408397823,0.0,0.38515901060070673,2.333899389595619,0.5145123771279422,0.660278526014002,730,0
3.057204313514542,0.03634361233480176,0.3447136563876652,6.434431764756165,0.8547407447335665,0.5391589109364446,47,9
15.695814740819444,0.6577909270216963,0.23372781065088757,11.315407290779367,1.7552386387357557,0.3629449681566788,3,27
2.9717498556071424,0.0,0.322234156820623,4.549477871705619,0.4405389451344769,0.6941846337286273,72,0
4.820408092708942,0.040156709108716944,0.5866797257590598,2.640710001423933,0.37771607366205423,0.7258389584886953,5,9
2.380891914035887,0.0,0.49676025917926564,2.717765729026677,0.36113355573127937,0.7346817627038387,421,0
7.11540449608957,0.006903353057199211,0.2495069033530572,5.2141624048455135,0.9246516910294074,0.5195745311532947,5,4
5.808473071190741,0.0,0.42505854800936765,3.731833302491487,0.6427958127084714,0.608718376479974,155,0
4.248852645933042,0.054380664652567974,0.35347432024169184,17.847536411527734,1.031335415361706,0.4922869913248358,185,17
8.643800589730859,0.0,0.33527696793002915,3.1345039119549756,0.33967523690207885,0.7464495666221628,2,0
3.5314513217580847,0.016091954022988506,0.36091954022988504,5.57593421694224,0.48890586011965537,0.6716341353640957,597,1
0.4819857686849849,0.8730314960629921,0.10236220472440945,31.39160636758321,0.42427442469584525,0.7021118842413748,5,461
0.9319206209899085,0.24780487804878049,0.5668292682926829,4.59787578862071,0.4633339977855552,0.6833709881088579,2,226
1.9750963831974866,0.0,0.40219560878243515,4.240036179550983,0.32866829795079255,0.752633295715945,29,0
2.22284140621475,0.8311291963377416,0.14140386571719227,22.949869637354826,1.3178530688699306,0.43143373211639774,8,122
1.1951365897608994,0.0034602076124567475,0.38408304498269896,2.893012798774131,0.31828605143977434,0.7585607076004816,731,1
75.15189879836589,0.0,0.3256578947368421,2.1876983447676484,0.374179079720903,0.7277071924301896,730,0
6.338861431851255,0.0,0.2642436149312377,4.329652219980429,0.5487953675390276,0.6456630882031621,13,0
25.546611827400724,0.0,0.10609037328094302,267.7613079609128,8.040132208909329,0.11061785125382007,6,0
3.87527559674429,0.0,0.3976721629485936,2.61568020918339,0.3137677838045935,0.7611695250313257,1,0
1.0762665827739617,0.0010526315789473684,0.4326315789473684,6.16558729104395,0.3279279948283675,0.7530528792935406,79,1
5.7548241169041034,0.21137026239067055,0.46355685131195334,3.8569285593721987,0.8069219884998282,0.553427323572633,307,92
4.60047970518353,0.37524366471734893,0.3810916179337232,9.620797946582762,1.0708790514552557,0.48288672353765727,5,199
2.295624213026018,0.04950495049504951,0.47128712871287126,3.4680444464496336,0.3213056954646372,0.7568271320047175,13,50
4.070514881521272,0.0,0.20394736842105263,14.232098617137884,1.2756946051921805,0.43942627350718305,730,0
0.0,1.0,0.0,0.0,0.0,1.0,282,293
6.524461718193808,0.0,0.3782894736842105,2.249699986666074,0.412889038330263,0.7077696640507518,730,0
1.8794616285995116,0.0,0.36666666666666664,7.020592579720219,0.5692233413893971,0.6372579183754656,734,0
5.455201392094803,0.0,0.3933463796477495,2.9300081781175633,0.4683205643754894,0.6810501904434766,3,0
5.5335950579476,0.0,0.40138751238850345,3.516455208708674,0.4259170267317049,0.701303078126548,11,0
4.999017681824342,0.0,0.3205574912891986,4.71606778137185,0.6148141802224848,0.6192662984060634,738,0
1.3035492373185986,0.0,0.35912698412698413,7.740852560729025,0.33724247767518106,0.7478075343063564,16,0
2.9738333451684826,0.01996007984031936,0.4590818363273453,6.26476963185522,0.5644754088217736,0.6391918942037655,4,7
1.4191272122181136,0.0,0.3803763440860215,2.577271203486423,0.27882900653617604,0.7819653721404008,278,0
16.920106670271693,0.0,0.3082706766917293,4.941995109321058,1.0821395810393233,0.4802751982174216,253,0
145.8403572313362,0.0,0.4143222506393862,1.8627065726435916,0.3063132432542394,0.7655131762339306,637,0
7.812610301390827,0.002932551319648094,0.4115347018572825,4.229401005652814,0.4371335322925084,0.6958295645671873,2,2
0.0,1.0,0.0,0.0,0.0,1.0,7,256
1.795272508519239,0.0,0.5348837209302325,2.4093798210428883,0.37647753165728987,0.7264920618035748,730,0
0.3722919816943519,0.8291925465838509,0.10559006211180125,16.800734137388567,0.33286504721936283,0.7502635034853758,472,119
3.966086281564085,0.0,0.4071914480077745,2.855579378757243,0.359703534871189,0.7354544386727174,2,0
6.036927878949971,0.08267716535433071,0.44291338582677164,2.7626357829352717,0.5909381783352396,0.6285599362801148,3,15
2.4201241768381654,0.0011682242990654205,0.2908878504672897,8.035165836534777,0.7432056508791175,0.5736557815170512,170,1
7.382586263937896,0.0,0.4158415841584158,2.335394808755409,0.4692085559489333,0.6806385628173255,730,0
3.671581147508648,0.0010460251046025104,0.44037656903765693,3.2133156447371256,0.30240826618393213,0.7678083946211498,70,1
1.6365712907665615,0.0,0.4033898305084746,4.0901404239813886,0.35360574423482644,0.7387675504918054,730,0
4.432737516644329,0.008875739644970414,0.4447731755424063,2.8939725270458894,0.3717896709637977,0.7289747263495692,5,2
10.715874858043932,0.23420796890184645,0.4062196307094266,11.631622639787288,1.0776522908738297,0.4813124912154646,2,92
0.5086577986269099,0.0,0.585995085995086,1.637350034495426,0.13592350027979455,0.8803409734490795,217,0
7.186483301527862,0.0,0.3684210526315789,3.0331435662242496,0.5627644333215193,0.6398917064388184,730,0
2.1334903582792633,0.0019588638589618022,0.41625857002938293,3.1829414477953755,0.2569057591736637,0.7956045970045017,6,1
0.9860572248149463,0.001951219512195122,0.44097560975609756,3.462535897414261,0.2206657370494141,0.8192250913974157,4,1
2.4565173992253926,0.0,0.46893787575150303,3.2491254150130926,0.3908851604572981,0.718966618114768,20,0
0.48148085063043705,0.0059031877213695395,0.41086186540731995,3.7864600875715726,0.1644445575451038,0.8587785425423878,171,1
4.953324723824829,0.0,0.41118421052631576,2.5069090053474037,0.3131241104769917,0.7615426386746874,730,0
3.8148034978659044,0.041343669250646,0.4186046511627907,2.4606764490268875,0.39160334689866866,0.7185955697998305,647,16
8.858648205044735,0.37560503388189737,0.5575992255566312,3.658710353774548,0.8086893920026309,0.5528865290091475,1,151
2.976718197262158,0.20556107249255212,0.4260178748758689,7.4694311066723,0.8302787094266385,0.5463648759337121,5,10
4.294088766555909,0.0,0.2878787878787879,6.94651019147622,1.056021829874951,0.48637615878855756,730,0
0.6380410192790558,0.047619047619047616,0.42063492063492064,7.031861903126074,0.3560280512982888,0.7374478714083973,133,19
4.197221238712423,0.007434944237918215,0.4033457249070632,2.714432410499703,0.3251036635703999,0.7546579392178038,322,1
8.83831652178681,0.02424830261881668,0.22211445198836083,7.282332733497133,1.058918913129273,0.48569178398586754,2,22
25.45379962732934,0.0,0.43686006825938567,1.5516107337164513,0.24846799936991484,0.8009816835551145,730,0
23.905939096833286,0.003948667324777887,0.4096742349457058,2.603606957314467,0.7039033069946757,0.5868877628765143,6,2
3.9264513391055873,0.28094059405940597,0.4121287128712871,6.2079213253535,0.8002877392918568,0.5554667613263589,200,25
1.269044648719478,0.013631937682570594,0.30671859785783834,5.535964708329764,0.4897116737312611,0.6712708355807625,2,2
0.5627402481520599,0.0,0.4068292682926829,4.247426814596979,0.18943624994034605,0.8407344235978624,6,0
2.6206605275751595,0.010869565217391304,0.5942028985507246,2.6982456932559664,0.45073146611002723,0.6893074448032669,730,1
7.255624985169734,0.0009861932938856016,0.5828402366863905,2.1745783342027476,0.39899084927664163,0.7148009585030933,5,1
20.973694610192094,0.025896414342629483,0.34760956175298807,136.9292516116365,3.573055700682939,0.21867216702623155,23,23
2.960158668645899,0.0,0.344390243902439,4.493801413509442,0.40464943625006455,0.7119214048664407,2,0
0.7494114157366946,0.0,0.42105263157894735,2.1608865086103672,0.18633231673887685,0.842934130589068,730,0
0.48081662252032786,0.68389662027833,0.1978131212723658,42.668124180148666,0.41480633763727487,0.7068105177348859,10,99
2.9165677123643414,0.0,0.4118217054263566,3.526243429033563,0.4320096852623723,0.6983192992977421,1,0
3.7271931000381198,0.0029154518950437317,0.41788143828960156,2.1602030605101423,0.3026854315171615,0.7676450321819893,1,1
3.4036644576398647,0.053475935828877004,0.5283422459893048,7.242151855744092,0.4434053017445806,0.6928061015096341,12,30
4.106175022940811,0.018018018018018018,0.4756756756756757,6.428450222689622,0.4276896397330843,0.7004323433956952,323,10
2.050511645098866,0.00390625,0.3662109375,5.994929710368841,0.5205466767602961,0.6576582062779012,2,2
3.1922796020477815,0.011122345803842264,0.46814964610717896,2.114200196319099,0.23929478993826228,0.8069105172707268,23,7
1.7696887986126013,0.01901901901901902,0.46646646646646645,3.943215569798343,0.40872584287702257,0.709861329694721,6,7
5.755639044031196,0.0,0.339041095890411,4.505463925134055,0.5474837978988976,0.6462103198481005,330,0
0.5210362674400919,0.9773462783171522,0.021574973031283712,164.3834337935057,0.49364862066470283,0.6695015053506899,85,544
0.4556123484781445,0.001949317738791423,0.4649122807017544,1.7621534853160112,0.13625899084682722,0.8800810449514889,2,2
0.3751293382137951,0.0,0.3570731707317073,6.304061482295837,0.19329953632609417,0.8380125606004837,3,0
6.121022751473618,0.0,0.5526315789473685,2.2181995504228165,0.5074201606823755,0.6633850508854294,730,0
2.306185045441192,0.0009765625,0.4326171875,2.631004726067795,0.264601740142902,0.7907627897831284,2,1
0.46061833016885106,0.0,0.5347018572825024,1.8476571219838869,0.1883863062806028,0.8414772155443191,7,0
4.027722302513148,0.0,0.40397350993377484,4.585069275166308,0.3493966809884012,0.7410719279874941,730,0
4.338298572664051,0.0,0.4054848188050931,3.4511290365078353,0.4926446844135344,0.6699518046338695,3,0
9.180625548881583,0.0,0.3815789473684211,2.728422709762426,0.5605171478097758,0.640813208239028,730,0
2.8840986127194097,0.0,0.40561471442400776,4.520315167337204,0.45599478798561127,0.686815645393562,1,0
6.320022218493937,0.25889328063241107,0.5375494071146245,5.192199319869525,0.715665018279823,0.5828643641651153,18,117
22.811255419815087,0.0044004400440044,0.37073707370737075,5.230614297077849,0.4360827851642803,0.696338686272606,122,4
6.8453135239831875,0.0,0.3945578231292517,3.5453818569892146,0.3685234173576841,0.7307145696715799,2,0
0.6724436207591947,0.9120762711864406,0.0836864406779661,49.94591194968553,0.5925940795338683,0.6279063904926024,83,330
1.5022060647017514,0.7584699453551913,0.19672131147540983,14.036403657297667,0.9129373998419916,0.522756259605045,106,185
21.762113124461376,0.13063063063063063,0.3858858858858859,8.481003453243014,1.2661266794230606,0.441281596955821,362,3
0.0,1.0,0.0,0.0,0.0,1.0,5,711
1.6843526253348775,0.8007850834151129,0.19627085377821393,12.889882956134445,0.9581297590748037,0.5106913856783882,3,127
10.218037990825918,0.01805869074492099,0.44243792325056436,2.9182017382854353,0.5132395725605602,0.6608338944691322,107,5
13.635178033522791,0.0,0.3684210526315789,3.3009000161813193,0.7296968653129753,0.5781359844339301,730,0
9.570900614611904,0.0,0.3092105263157895,3.1181281385200035,0.6378390353434595,0.6105606096940394,730,0
1.286663529407161,0.0,0.4921402660217654,2.8187509615726,0.42276364904198044,0.7028574286905286,141,0
1.6092155201092404,0.011644832605531296,0.462882096069869,2.315433724843867,0.2207962145777425,0.8191375334055135,326,3
0.9514731037088318,0.002254791431792559,0.44419391206313413,4.067152855145145,0.21574140453584678,0.8225433437317092,129,1
6.360678313833587,0.0,0.3013698630136986,3.10634413890255,0.44960408395224777,0.6898435311202818,669,0
23.699676968087545,0.04178814382896016,0.10204081632653061,6.918032265249627,1.484454965639152,0.40250276774195404,2,18
8.799451861113974,0.0,0.33881578947368424,2.6665227440719925,0.5859170014080775,0.6305500219192661,730,0
5.438266779330235,0.0009737098344693282,0.4430379746835443,3.385734453685403,0.37192715967756795,0.7289016715982365,3,1
1.2855274057354,0.06673407482305359,0.3690596562184024,6.913617757835542,0.5444654017465176,0.647473228515949,40,49
7.248636317860309,0.0,0.3848684210526316,2.1749377051370304,0.3870223775143245,0.7209689015919807,730,0
1.0183629064153696,0.0,0.4473684210526316,1.617890891820728,0.17835240642604946,0.8486425576479336,730,0
0.7592911048739972,0.875886524822695,0.11465721040189125,22.845756072081482,0.619172273095958,0.6175995084747454,155,136
1.238869888493802,0.6907894736842105,0.21052631578947367,38.86371919056296,0.9224690672890877,0.5201644161745188,730,19
97.0567397878397,0.008754863813229572,0.0963035019455253,524.4683837526663,13.98939567954348,0.0667138303223747,2,8
4.404472597317146,0.0,0.3618421052631579,2.7691977947392865,0.3655124069360491,0.7323258250313597,730,0
3.5554238476632913,0.004892367906066536,0.3424657534246575,2.9068776628119295,0.3858300431539112,0.7215892056461496,5,5
15.414363684194278,0.0,0.46688741721854304,3.3634759880926763,0.5046635638954181,0.6646003957264065,730,0
3.589431896237671,0.15679012345679014,0.4123456790123457,6.845987250735535,0.7760125968741363,0.5630590693782499,217,117
5.7142094486628405,0.03048780487804878,0.3079268292682927,6.4876821668656675,0.7921754459043147,0.5579810851026415,37,14
2.771059969047257,0.0,0.3161131611316113,6.652587267051367,0.7177905432436612,0.5821431512317706,170,0
2.5003660880365244,0.1923963133640553,0.1935483870967742,8.743209807119158,0.94747221929928,0.5134861437765772,127,77
0.4602631902521379,0.01171875,0.392578125,6.027206138821067,0.3178681793043793,0.7588012334646687,4,5
1.9851005770114376,0.0,0.4473684210526316,4.123752306163962,0.5249578755449711,0.6557558185944199,730,0
0.9683442032250968,0.008465608465608466,0.45714285714285713,2.114081595054349,0.20966218253979577,0.8266770792986262,62,6
3.0209449068062386,0.001072961373390558,0.38090128755364805,3.2237535215513327,0.2626866949435785,0.791962094797145,101,1
3.0625201408252596,0.0,0.24157303370786518,8.481419464763079,1.0515394862500649,0.4874388266481109,253,0
4.014880400443278,0.0009891196834817012,0.4085064292779426,3.452225645608564,0.531610659974324,0.6529074432119479,3,1
0.68618113354199,0.9823321554770318,0.0176678445229682,62.159319412219645,0.6287290707517423,0.6139756562080939,730,170
0.10031316556039524,0.6666666666666666,0.24489795918367346,58.51991916859122,0.09704622556658897,0.9115386176945574,3,29
4.146979039269912,0.0,0.3943798449612403,3.036933171787577,0.43462495262709144,0.6970462894631769,1,0
2.3997100511349365,0.0009823182711198428,0.3575638506876228,6.626462869462793,0.6229452796746598,0.616163719457296,5,1
4.333082555985952,0.0,0.4276315789473684,2.902523059606506,0.3920163016655891,0.7183823916454642,730,0
26.906686280206017,0.0,0.3696369636963696,2.6072925170595687,0.38951005712667425,0.7196781303388834,730,0
13.876256790040038,0.0,0.49371633752244165,3.591338108779001,0.6492113223280918,0.606350433362512,477,0
8.62319344501811,0.0,0.4967105263157895,2.348567905980923,0.4135745895391204,0.7074264120197848,730,0
3.7730686847455153,0.24489795918367346,0.11564625850340136,21.446419336400012,1.677198314633093,0.37352481306079444,730,13
1.2701756604145347,0.0009727626459143969,0.42120622568093385,7.079497293090953,0.3246342363006575,0.7549253768290992,2,1
4.868038359950012,0.004965243296921549,0.4766633565044687,3.7993212566999546,0.6254875267114266,0.6152000452585019,4,3
2.4877359293767243,0.005888125613346418,0.4563297350343474,2.746630727762803,0.3301451350252827,0.751797660020756,6,6
12.703577136136495,0.0,0.35116731517509725,8.49258458545022,1.0766808442393823,0.48153764348236483,3,0
7.652551152256793,0.22846079380445306,0.5982575024201355,2.9745791310759446,0.5983275272560614,0.6256539932818126,1,33
2.4426227635828566,0.0,0.35080645161290325,3.2394644142910134,0.3732542183862746,0.7281972897742929,278,0
3.393420355359768,0.0,0.4626865671641791,3.734214172021458,0.3860491013189778,0.7214751620620008,161,0
3.8213375808481613,0.0,0.30085470085470084,7.882915350027208,0.8341414804573819,0.545214210929153,445,0
3.9175555453907673,0.0,0.413022351797862,4.265584189051859,0.5288923570510109,0.6540682837402891,2,0
2.537209324287648,0.07909604519774012,0.5378531073446328,4.819335145090867,0.47103140348739125,0.679795140762657,126,21
3.1778920618367787,0.8453201970443349,0.1477832512315271,24.45816479570968,1.5249795252177534,0.39604281540214087,5,251
0.9581873388552682,0.0,0.2522343594836147,6.9900377372349904,0.46032634271448303,0.6847784435232337,16,0
0.3221165955469811,0.008323424494649227,0.3947681331747919,2.54419478396643,0.21656585059838285,0.8219859200454604,177,2
0.16060074788581763,0.06976744186046512,0.4684385382059801,3.5392547033285093,0.13568211831601862,0.8805280842871709,730,2
3.6888371899768218,0.001936108422071636,0.4356243949661181,2.9740461174955595,0.39161682953296206,0.718588607710075,1,1
0.3303094215032368,0.9406047516198704,0.058315334773218146,108.4066993740484,0.3104897161860069,0.7630735195010588,85,258
0.9507836279225631,0.984468339307049,0.005973715651135006,285.93468208092486,0.895270442762049,0.5276291854911547,160,192
1.8344814729717025,0.0039603960396039604,0.4762376237623762,2.5199386188612944,0.25206086047489557,0.7986832202555305,5,2
2.361258714978845,0.0,0.32,5.828089480446744,0.5851507236088631,0.6308548361403332,730,0
0.12588078885825593,0.9957627118644068,0.00423728813559322,505.2820512820513,0.1250541596672352,0.8888460981254241,83,371
3.2471606979109255,0.0,0.4198717948717949,2.1977905887499123,0.37038907959660605,0.7297197671002782,409,0
0.0,1.0,0.0,0.0,0.0,1.0,199,692
2.879258806549045,0.05393743257820928,0.52319309600863,3.885212143134845,0.335778479523729,0.7486271229317524,48,34
12.70338689336461,0.04411764705882353,0.2323529411764706,4.263330599445357,0.8734811103769787,0.5337657233164106,6,18
0.05645219916302814,0.0,0.48355263157894735,1.0236561231188155,0.008804184474749418,0.9912726527008474,730,0
31.332549268037873,0.7776595744680851,0.1127659574468085,16.483990207839582,2.6313171786150042,0.2753821687317887,43,228
4.004584571157245,0.011782032400589101,0.32547864506627394,3.1648525352055583,0.5310705194501176,0.6531377799365825,326,2
6.338402779833201,0.15937803692905733,0.48202137998056366,4.612024807433614,0.6949943801785449,0.5899724575456489,2,89
1.9727502987055747,0.8454810495626822,0.07774538386783285,25.36332415125389,1.2782640815636919,0.43893067888497267,1,406
7.658566198498227,0.0,0.4342105263157895,2.3880686203719845,0.45441141010224556,0.6875633627830929,730,0
4.707689711396107,0.0,0.46853823814133594,2.573741854701936,0.2901866398305904,0.7750816580547651,1,0
1.3915295476329483,0.001962708537782139,0.36408243375858684,9.402501615011724,0.4750424998368385,0.6779465677162623,4,1
4.812560477933671,0.0,0.4389438943894389,2.297103964992451,0.27736465161486035,0.782861807500143,730,0
7.036342520958858,0.0,0.2682119205298013,2.836846432382319,0.43586021162120847,0.6964466261453925,730,0
2.2749240029098283,0.0,0.45864661654135336,2.239655386259338,0.2561656146122841,0.796073374694825,99,0
0.0,1.0,0.0,0.0,0.0,1.0,944,90
0.7984241393769212,0.09302325581395349,0.487360970677452,9.114099668850699,0.3995211026950954,0.7145301332536346,38,13
1.0459270016553122,0.37169811320754714,0.32264150943396225,11.428853309279514,0.6265442728845285,0.6148003572178155,282,52
4.574703301708034,0.0,0.44089012517385257,2.5872320615559383,0.29996577144134595,0.7692510233490557,315,0
1.095253591617386,0.557935735150925,0.42356377799415773,8.185900887193052,0.5978725396204144,0.6258321456838835,3,388
0.5373722783296897,0.0,0.4570446735395189,1.9329896907216495,0.18277968650669718,0.8454659911800385,730,0
2.7981585658888872,0.0,0.4460431654676259,1.9749906194012552,0.22869187107363956,0.8138737005936183,318,0
0.9562305214702123,0.0,0.31788079470198677,6.750667259786478,0.505074887162453,0.6644187664876394,730,0
1.3527280329014177,0.0009699321047526673,0.44325897187196894,2.1764450409207248,0.20974956339298403,0.8266173679743273,2,1
4.5199795995459455,0.0009699321047526673,0.27837051406401553,10.703375275123726,1.116180675426312,0.47254944325514475,2,1
7.821916588575581,0.001968503937007874,0.4921259842519685,4.171911068444134,0.6370777605060657,0.6108445329382964,7,1
5.968201065797015,0.00484027105517909,0.356243949661181,3.4595244644391228,0.3765010327397191,0.7264796583622243,1,2
7.494800474682244,0.005853658536585366,0.26634146341463416,8.449423796103085,1.1086726943163816,0.47423196719687866,3,2
6.105500740313771,0.004849660523763337,0.4219204655674103,3.050211645724739,0.5134535646769856,0.6607404570178727,1,2
0.015399008888260181,0.7224489795918367,0.27755102040816326,19.864864864864867,0.015306544862154107,0.9849242133426489,472,34
4.7683670660834405,0.009933774834437087,0.4735099337748344,3.1446698719642137,0.5596239969677135,0.6411801831366034,730,2
7.779934524011695,0.14187643020594964,0.28832951945080093,7.486418585631405,0.7816243389183417,0.56128555170453,500,42
4.218488155880548,0.45394736842105265,0.3651315789473684,9.78296867763834,1.0782894278091386,0.4811649362303525,730,29
2.1844223010953168,0.548051948051948,0.37142857142857144,6.3364122508507545,0.8846373218204927,0.5306060685639163,225,101
3.1380725440598165,0.00484027105517909,0.41142303969022265,4.386734505901793,0.39022577638945544,0.7193076239724833,1,2
2.2196972389883443,0.0,0.3983926521239954,4.734312208727918,0.48107441597650263,0.6751855201959448,161,0
0.0,1.0,0.0,0.0,0.0,1.0,217,447
4.794113394264903,0.008532423208191127,0.24061433447098976,9.347235473651473,1.1314020341912363,0.46917474223930333,445,5
1.4943017991901713,0.0029211295034079843,0.4917234664070107,3.9171934771161343,0.3324476026368614,0.7504985547056704,3,2
3.819660725170603,0.0,0.4309210526315789,4.539148388195353,0.5318545937963702,0.6528034736780834,730,0
2.667471295952622,0.0029154518950437317,0.39941690962099125,2.8195899386295196,0.29917652777995446,0.769718339746185,1,1
0.7782861353551545,0.0,0.39072847682119205,1.841362263114529,0.22815221595540344,0.8142313200339589,730,0
2.270299873814852,0.011834319526627219,0.4349112426035503,3.0252736673423124,0.3062740070470064,0.7655361697509571,11,9
0.12243182999681793,0.8150753768844221,0.1849246231155779,364.14320685434524,0.12143472277563508,0.8917148539193837,22,18
4.441776196821944,0.04329461457233368,0.5047518479408659,2.6930109941820675,0.408487779283157,0.7099813109553178,43,20
8.38018589041965,0.07278020378457059,0.4468704512372635,6.216710157784591,0.7194083607993706,0.5815954038603661,223,50
13.382338446324562,0.05665024630541872,0.4482758620689655,4.61091198348477,0.6967496531733307,0.5893621360875242,175,28
1.6821949060737285,0.0,0.42479908151549944,5.612819811191682,0.3861254844226578,0.7214354048302597,161,0
0.0,1.0,0.0,0.0,0.0,1.0,3,717
2.5730038334033907,0.0,0.37560503388189737,3.742468833377924,0.2894970515541319,0.7754961508401874,1,0
3.3483086549080596,0.04276315789473684,0.24013157894736842,9.133335437245558,1.085467006944409,0.479508904561949,730,8
5.704443766549938,0.0,0.3717105263157895,3.9480980743572434,0.3783373596425484,0.725511786359281,730,0
8.215753786320557,0.2099125364431487,0.500485908649174,4.817136180621891,0.8462439235602511,0.5416402389948695,2,22
1.665660866393171,0.004897159647404506,0.5514201762977473,2.37510211385403,0.34870683445884193,0.7414509769287572,2,1
6.028840874622948,0.003976143141153081,0.3389662027833002,3.653963028898369,0.6103281494843354,0.6209914422226446,7,2
6.62070693991957,0.0,0.41198501872659177,2.5110799206776266,0.41561688560635773,0.7064058151380875,253,0
98.95941504944061,0.08726415094339622,0.42924528301886794,4.614349304265535,0.810331287122832,0.5523850839419037,46,74
4.760876043622625,0.0,0.36302032913843174,3.8646763893283143,0.448820355686399,0.6902166966906231,1,0
1.1903359347628857,0.11440107671601615,0.5720053835800808,3.2817089564077517,0.4557243039995177,0.686943260652143,280,41
1.5591438922152336,0.9069529652351738,0.08793456032719836,28.3632364096081,1.110187642218055,0.47389150613586317,10,233
3.5002684057980615,0.0,0.4605263157894737,3.772068019747669,0.5002734345851484,0.6665451623333698,730,0
10.684199316137272,0.43258426966292135,0.33707865168539325,10.296575661814225,1.298266607840828,0.43511052920856663,253,191
5.9933655590207815,0.0,0.3968565815324165,3.4732020558704146,0.3976862087832346,0.7154681742696432,6,0
9.410211057230846,0.0079155672823219,0.46174142480211083,2.6896423350021523,0.37923640516064555,0.7250388666209298,133,1
10.484286805055714,0.0,0.39144736842105265,3.3756494128257875,0.4701557126832751,0.6802000572951801,730,0
2.5822398299761535,0.0,0.40821917808219177,2.3470119005155805,0.27328062221035576,0.7853728255630299,669,0
11.764304520909475,0.5,0.4769736842105263,4.363509113973093,1.0204785093667375,0.49493226251311234,730,35
3.2902810077969904,0.0,0.4402234636871508,2.7369997379810957,0.3222348853421179,0.7562952778554605,133,0
5.4091714972128795,0.0,0.3223684210526316,4.79315954449867,0.7087146739788622,0.5852352152342847,730,0
1.823313905548788,0.011964107676969093,0.35294117647058826,3.665998072424398,0.3418012846192613,0.7452668375434981,16,10
6.595451476378059,0.0,0.5233333333333333,1.764769785762717,0.2381485077064586,0.8076575578582217,730,0
5.324842565205983,0.020060180541624874,0.4954864593781344,3.8220059584624755,0.664823469579452,0.6006642855969637,8,5
4.538272627905909,0.6098191214470284,0.3733850129198966,4.958178633975482,1.0505826271868322,0.4876662792037242,248,184
0.902442189745355,0.5839057899901865,0.24828263002944062,9.453348351423305,0.6100899564456423,0.6210833102813412,2,70
0.4975476507901547,0.0788675429726997,0.301314459049545,9.038801611551254,0.362131117675841,0.734143715699166,9,20
2.75543572232606,0.0,0.1506849315068493,18.335015527950308,1.142619903032279,0.4667183379491527,669,0
2.7966005255528215,0.039473684210526314,0.47368421052631576,2.688571329711775,0.4860733311043468,0.6729143031298929,730,4
7.973158536145724,0.0,0.45394736842105265,2.498745404328807,0.4582214381971466,0.6857669033012828,730,0
4.16944485643448,0.15789473684210525,0.5231578947368422,4.875901501442924,0.5919134903131972,0.62817483869884,65,150
5.617555262819819,0.0,0.4588235294117647,2.973831559861136,0.4330828039188372,0.6977963850137965,443,0
5.5708020193793315,0.01262135922330097,0.42330097087378643,3.001256757206563,0.47241631791777744,0.6791557440861247,3,10
1.2675581084240124,0.015151515151515152,0.5606060606060606,4.617076088948293,0.33257867410328457,0.7504247362152313,40,15
5.290349477114602,0.04950495049504951,0.3178217821782178,8.112261720762493,1.0922430441303654,0.47795594436574984,13,50
4.144844203973537,0.27329974811083124,0.29848866498740556,10.010222161646452,1.1554039159217895,0.46395016387094923,206,21
12.888180219088051,0.0,0.5756578947368421,1.2978024115048614,0.16248949342610317,0.8602228283825498,730,0
6.285502936270556,0.03823529411764706,0.3284313725490196,3.710159629376949,0.6806804024487083,0.5949971205370311,4,10
1.9827117376881824,0.387192118226601,0.23645320197044334,13.606013193504735,1.0262797124581855,0.49351528017168367,8,21
0.8571303912890322,0.006147540983606557,0.4979508196721312,2.499692582425114,0.23701718412879208,0.8083962072881641,41,2
0.5165270970357119,0.0036496350364963502,0.3978102189781022,7.977199436798838,0.28639622920813695,0.7773654627513693,730,1
2.0243405347763206,0.0,0.41262135922330095,3.802482849592772,0.30701068623315236,0.7651046854727965,206,0
3.3689930554549483,0.0,0.3848684210526316,3.5304380744074537,0.3819477852871783,0.723616341113925,730,0
12.076802986802583,0.003989361702127659,0.3962765957446808,3.336755820665769,0.6607556365146454,0.6021355448166088,276,2
1.1931720487099284,0.5732298739088264,0.39282250242483024,9.330316742081449,0.6483673719878229,0.6066608797249279,2,229
6.975807771026974,0.0,0.4309210526315789,3.6118293878479246,0.5960335257838687,0.62655325458083,730,0
0.0733420602634716,0.42745098039215684,0.31666666666666665,32.76969901927629,0.07127576194893245,0.9334664663566522,8,12
3.1499463223496997,0.0,0.34833659491193736,4.276560997926777,0.45561394809048644,0.6869953405652831,3,0
7.673019004360446,0.0,0.38904109589041097,2.279768693636284,0.4879448082721476,0.6720679385690617,669,0
0.7667792588076148,0.0,0.5094594594594595,3.2199876580325637,0.21525914616540967,0.8228697584012171,269,0
0.8662169435162111,0.01092896174863388,0.5016393442622951,3.210526315789474,0.3163647081456645,0.7596678897664153,106,4
7.993485726122445,0.0,0.3432343234323432,2.7386363180587585,0.45789321769828917,0.6859212923555489,730,0
2.049879992717185,0.6979785969084423,0.2437574316290131,11.46957322899131,1.0022027450209008,0.49944991958821894,188,118
5.532807099661488,0.04950495049504951,0.32673267326732675,9.315702142254604,1.049399289899514,0.487947861077395,13,50
6.717624649372632,0.023514851485148515,0.5222772277227723,4.464939413144532,0.6218269873377608,0.6165885805375,134,11
4.891966079049975,0.010721247563352826,0.18323586744639375,10.701182721366052,0.8632717986252882,0.5366903533546714,2,2
3.7169398609708058,0.0,0.41185897435897434,2.9766661366335225,0.35488364816065027,0.7380707571145095,409,0
17.85565700191369,0.0,0.43478260869565216,2.366135834089426,0.25777855993021054,0.7950525091280665,730,0
25.66574593849939,0.0009861932938856016,0.5857988165680473,2.073882633570124,0.4121584677030658,0.7081358238969748,6,1
4.759268173435302,0.0589622641509434,0.46226415094339623,3.8810623375026982,0.5144977685715989,0.6602848949346104,158,50
13.503598539268767,0.0,0.41416100872938894,2.693370541472223,0.4217158290682105,0.7033754422326421,1,0
2.6499510854728476,0.033099297893681046,0.4744232698094283,4.048997535199379,0.31447715901995876,0.7607587496960199,6,14
30.049117911161847,0.0,0.5032051282051282,1.7595283734723823,0.40999122925904347,0.7092242698030855,409,0
9.768115177485729,0.0,0.3456561922365989,2.565272169024792,0.49166565667557166,0.6703915153672362,322,0
6.511241009872356,0.0,0.41239316239316237,3.8984458234045505,0.5657365628402601,0.6386770442314965,323,0
0.0018704390591656554,0.9990281827016521,0.0009718172983479105,1029.0,0.0018703300020226803,0.9981331616018424,3,288
0.17956877043747968,0.6986469864698647,0.2853628536285363,9.475975261655568,0.1627384518277868,0.8600386427644435,217,308
1.8837673359461127,0.24684873949579833,0.41596638655462187,9.728908018809244,0.7006026064650427,0.5880268536566869,71,146
38.54617080766537,0.0,0.436950146627566,2.2852003258784697,0.2956440378791134,0.771816927153029,4,0
2.7215802778114346,0.0,0.24671052631578946,4.404190081043189,0.7003753497851336,0.5881054439693942,730,0
0.0,1.0,0.0,0.0,0.0,1.0,730,178
17.41335201953717,0.011661807580174927,0.42128279883381925,3.8626996996736596,0.6642381628740509,0.6008755371124607,336,3
3.638225840371615,0.3175542406311637,0.490138067061144,5.954132506093508,0.813640734987631,0.5513771171481875,9,105
3.3755652523207584,0.0,0.4146341463414634,2.7929701287488395,0.3381222615037627,0.7473158684888885,3,0
6.047536195050868,0.043010752688172046,0.43304007820136853,14.460714425345026,0.6046968737574028,0.6231706538185601,3,19
5.6678193167865745,0.0,0.34705882352941175,3.3380182350791032,0.4561279694063736,0.6867528273683766,443,0
2.3618210744819046,0.3546511627906977,0.18313953488372092,25.250826407982945,1.216831837562005,0.45109420708237635,1,220
0.5446684402651674,0.0009775171065493646,0.4525904203323558,2.132136420352142,0.17483944095869536,0.851180140142365,3,1
2.619505538623213,0.8462301587301587,0.15376984126984128,10.630041776036082,1.2634029277747894,0.4418126298807637,12,459
5.636660935856622,0.00484027105517909,0.3281703775411423,3.2761250802746624,0.4103087352671872,0.7090646005326962,1,2
5.449126371327712,0.004629629629629629,0.44907407407407407,2.939417748523558,0.3798311578629574,0.7247263509752679,144,1
0.005572463337909751,0.8381618381618382,0.16183816183816183,23.72037914691943,0.005560741893957453,0.994470008958898,13,50
0.9170546465439532,0.0,0.4465753424657534,1.4111414855754314,0.09862662160152244,0.9102273514383354,669,0
0.7509958800258926,0.0,0.4157740993184031,2.887320119467825,0.19592507405853107,0.8361727851447807,2,0
2.5201701366210254,0.0,0.3785103785103785,4.614533695708901,0.35580773838250696,0.737567703510094,155,0
2.524841307947258,0.019269776876267748,0.41886409736308317,2.789692129872859,0.3338214549579214,0.7497255320664694,8,5
4.733782831512593,0.0,0.3767123287671233,8.336792097955597,0.8408023117734752,0.5432413864346872,5,0
0.7285216795463929,0.33163265306122447,0.38945578231292516,6.3119758470311975,0.45295726808492903,0.6882514867887687,445,17
4.97427917330796,0.0,0.3914313534566699,8.12222572073245,0.5005712317157374,0.6664128825504742,2,0
4.372082486414907,0.0,0.38044530493707646,3.4225994154129897,0.4106152470510164,0.7089105282893868,1,0
10.32141873364543,0.05252918287937743,0.30836575875486383,6.003451259538148,1.1548955909096106,0.4640596065157321,2,13
3.852265838312872,0.0010604453870625664,0.3806998939554613,8.645974367400592,0.49536861788404113,0.6687314338687997,82,1
13.82730670172255,0.0121580547112462,0.3677811550151976,4.905031017775475,0.549466125661497,0.6453835830538603,12,4
4.179763877959356,0.0,0.42843232716650437,2.868023305562686,0.37950016997820385,0.7249002368849291,3,0
4.476836504621838,0.0,0.2970873786407767,2.93091770701776,0.46216327060031204,0.6839181506655106,2,0
0.13172246795086984,0.18543046357615894,0.39403973509933776,9.883323847467272,0.11799307504645752,0.8944599231604772,730,5
4.704234449941853,0.005549389567147614,0.4506104328523862,3.3764729018024497,0.4690101679619803,0.6807304822044508,72,1
0.7029800178296378,0.011088709677419355,0.4012096774193548,6.748617248819833,0.339628682595737,0.746475506975818,29,4
2.137656011286977,0.7209302325581395,0.17275747508305647,18.60259555274195,1.1619793755144654,0.4625391025120393,730,60
0.616647138783048,0.008359456635318705,0.36468129571577845,5.2291519049435875,0.2433772050905562,0.8042611654016684,30,2
3.3167748614258374,0.025341130604288498,0.3382066276803119,2.8837998102466793,0.3950191539934658,0.7168360356467793,2,6
3.803637960365042,0.0,0.3291384317521781,3.1049253226453413,0.37132650686979224,0.7292209368012678,1,0
3.5356427605062666,0.000968054211035818,0.2933204259438529,5.925138877924539,0.6246932346094595,0.6155008088283066,1,1
5.786877312062975,0.5573929961089494,0.4075875486381323,6.361926808278006,1.0417001344478483,0.48978788957685865,2,68
8.135995710670203,0.11589403973509933,0.4470198675496689,2.7608490310625524,0.6775770917205058,0.5960977918304847,730,35
3.8477839875489024,0.06922257720979766,0.3226837060702875,8.301205492505007,0.832644468841169,0.5456595739119695,64,24
5.0102766178493185,0.003246753246753247,0.3495670995670996,4.545678162050475,0.5617147385367095,0.6403218048239571,61,2
1.6945308013664326,0.020242914979757085,0.4331983805668016,2.7394705454094836,0.4689258074296794,0.680769576613128,730,5
12.963573158482815,0.000984251968503937,0.3641732283464567,3.204389077445233,0.4099332182479253,0.7092534504880061,9,1
3.0337180195865385,0.0,0.5,2.3144198069898216,0.3245428874910028,0.7549774412319984,730,0
2.2203151658599802,0.026900584795321637,0.4152046783625731,2.549535286345619,0.36195268967554206,0.7342398951010772,133,1
6.914394139596189,0.0029154518950437317,0.2818270165208941,5.955620391968617,0.7880397635125277,0.5592716786317675,1,1
6.267188569213548,0.011661807580174927,0.24586977648202138,5.004391536311835,0.8439117159122215,0.5423253138262529,1,2
1.5815243842248567,0.0,0.4158512720156556,6.948318707913597,0.4259554892063669,0.7012841617914471,3,0
2.60779940300953,0.004901960784313725,0.3656862745098039,2.4306102249675794,0.3724040331010745,0.7286483979068519,8,2
3.392123076911428,0.014198782961460446,0.4077079107505071,2.6165804402087587,0.3412891177382314,0.7455514152580801,12,2
4.945366673343876,0.3425531914893617,0.6574468085106383,2.2057086361418556,0.6482959033803836,0.6066871839875139,445,157
4.3526173450941075,0.006809338521400778,0.3745136186770428,4.541087760154651,0.5520954414251659,0.6442902757847028,2,2
4.187721284004143,0.0,0.25,3.662547501759324,0.611978017227381,0.6203558543062582,730,0
3.4199336429495006,0.0,0.23258559622195984,5.910973440851426,0.6590966854030046,0.6027376275283765,129,0
3.9994018926816803,0.0,0.39496611810261373,2.258299489162522,0.2508964973169843,0.7994266529204249,1,0
5.847230962368757,0.0,0.4003887269193392,3.6149370361301774,0.48430295012628766,0.6737169119787291,2,0
5.870264672556436,0.0,0.35855263157894735,3.9554415094339626,0.4934495950386165,0.6695907269465915,730,0
3.9616958806919262,0.0,0.4712328767123288,2.068924594490216,0.27096665925594826,0.7868027006982401,669,0
4.645812969996072,0.010869565217391304,0.3794466403162055,2.8111471237568164,0.31213445772621395,0.7621170178953238,4,3
0.0,1.0,0.0,0.0,0.0,1.0,13,270
4.023595528345044,0.19820717131474103,0.4631474103585657,4.402590217756052,0.7460956092335357,0.5727063253076726,20,37
7.300518463076955,0.000968054211035818,0.3727008712487899,3.674998725144058,0.42603249841728513,0.7012462907471414,1,1
4.821839599668816,0.0,0.37515527950310557,2.7885888945491595,0.41108861046508194,0.708672717350053,227,0
6.277442266739846,0.8372781065088757,0.15976331360946747,16.618525482105124,1.8622738348510268,0.3493725819745151,3,166
3.5131348326699006,0.0,0.41288278775079196,3.1725711902194216,0.3903561007949702,0.7192401999949692,76,0
4.651480768201642,0.0,0.3413597733711048,2.8383331371526905,0.41874881059466884,0.7048464058841042,241,0
2.6928721172039443,0.000984251968503937,0.422244094488189,2.1780779852891516,0.2385418445146486,0.8074010615215614,6,1
2.598527106772275,0.0,0.327445652173913,3.847165432386728,0.3807327826774288,0.7242531013574285,278,0
3.670645747707603,0.0,0.36156351791530944,2.955366403111963,0.5030335639896857,0.665321137171134,416,0
5.34705607611121,0.0009727626459143969,0.39105058365758755,2.599023489715687,0.29245391260297493,0.7737219797540177,2,1
0.4991971580711477,0.8897795591182365,0.09118236472945891,43.45942819368699,0.4452098834292554,0.6919410194089993,20,120
2.6887231221707006,0.0019782393669634025,0.42136498516320475,3.312432361129561,0.23083597728193608,0.8124559392619536,9,1
3.6812782763852674,0.0,0.4046094750320102,2.542749776435852,0.36067736925417637,0.7349280752336806,147,0
7.37144271651201,0.0,0.4101694915254237,2.5714010686863435,0.41999439924657483,0.7042281297240208,730,0
2.21008052252537,0.007952286282306162,0.43141153081510936,4.782159391534392,0.41475909338959405,0.7068341208566608,5,4
0.6113042739846232,0.0196078431372549,0.6490196078431373,2.1981977714887924,0.14177459947256407,0.875829608104738,6,5
4.01997841003049,0.000975609756097561,0.4917073170731707,4.847476663849178,0.7660646450634071,0.5662306885510959,4,1
2.0225506742185155,0.0029239766081871343,0.4600389863547758,2.5526574803149606,0.33760509672734973,0.7476048068646338,2,2
0.0011213138855446043,0.9980638915779284,0.001936108422071636,619.8,0.0011212596135400767,0.9988799962014862,1,334
0.681244034161217,0.046052631578947366,0.45723684210526316,3.1405907683009744,0.24847409222178093,0.8009777745731214,730,14
2.5144535170133544,0.022988505747126436,0.4781609195402299,2.915735716565593,0.3603448913980771,0.7351076968225777,597,4
4.832946802272644,0.050647820965842166,0.3674911660777385,4.2842700747266464,0.608555284573254,0.6216758662822693,148,18
10.731248923381461,0.0,0.3157894736842105,4.662555255073507,0.7730696179102411,0.5639936468927885,730,0
8.136856858656211,0.0,0.40561471442400776,2.674962651901078,0.482344736075998,0.6746069086784487,1,0
3.121650507557176,0.0019940179461615153,0.40079760717846463,5.4595338472360915,0.6177254280415276,0.6181518709331493,5,2
4.656688007503482,0.0049504950495049506,0.45742574257425744,3.4105644890798423,0.3644270087207095,0.7329083883626745,10,1
4.53326741335084,0.0,0.47756041426927504,3.8621550628962344,0.37005673634312974,0.729896779799892,163,0
2.0032844887260377,0.003883495145631068,0.470873786407767,4.212229867235197,0.5001291958668392,0.6666092512266298,2,2
7.58894072120791,0.002926829268292683,0.4585365853658537,4.826164598515551,0.6815796646926763,0.5946789325516487,3,2
1.7602028363765632,0.011764705882352941,0.44803921568627453,3.295628550259323,0.4024087261672463,0.7130588831495502,8,5
3.505996943173859,0.0,0.39622641509433965,2.122391261406453,0.2691915183582178,0.7879031537285762,131,0
7.261709955300422,0.0019588638589618022,0.3418217433888345,3.9067416931917083,0.5920608130637642,0.6281167099864724,2,2
0.3573792207887567,0.03583426651735722,0.270996640537514,7.764584408879712,0.25307855020448344,0.7980345684129819,134,32
4.748528464614145,0.01282051282051282,0.3708086785009862,5.009201194625795,0.5686538059138415,0.63748928937028,3,2
0.0,1.0,0.0,0.0,0.0,1.0,21,395
1.7999941295993043,0.0009699321047526673,0.5577109602327837,1.1761945596248617,0.09538316565500371,0.9129225565576703,2,1
1.4147378352759519,0.0,0.39315230224321135,2.422167077809742,0.24230596269181862,0.804954681078088,175,0
2.3819000459411512,0.7237354085603113,0.2140077821011673,8.96143469785575,1.059767689776024,0.4854916430448225,2,199
17.303926261211295,0.0025031289111389237,0.4117647058823529,3.325002794547508,0.5877877257247877,0.629807110735488,225,2
2.5329714032299453,0.0,0.3741496598639456,7.82970585794397,0.4968077947379823,0.6680884503110508,2,0
5.636633607605129,0.005807200929152149,0.289198606271777,5.110958904109588,0.683300462674835,0.5940710064387187,161,1
11.15948703067353,0.40352595494613125,0.42703232125367285,5.351598767225425,1.0486289819591323,0.488131335056915,4,111
39.975911349402274,0.4329501915708812,0.3505747126436782,4.948327025904375,1.1655422604137033,0.46177810439449046,478,50
6.230399897310373,0.11026615969581749,0.5779467680608364,4.389653660931934,0.44557595370900915,0.6917657957952568,242,23
0.5265960970313704,0.15768725361366623,0.32982917214191854,13.631911114470357,0.3907329587668538,0.719045301757059,270,6
8.429860763742068,0.03575076608784474,0.3125638406537283,3.8248870186126265,1.0293178387136928,0.49277643005092875,6,10
10.518124240845946,0.0,0.32840236686390534,4.526374264746979,0.5695099493956569,0.6371415487904694,443,0
1.9725292921012998,0.7935103244837758,0.2025565388397247,10.763741891430518,1.0421156941423184,0.48968822034345927,7,307
4.431338424824316,0.010030090270812437,0.41624874623871616,3.0330836622816877,0.40141524340891005,0.7135643805097505,12,3
0.009568543125463755,0.9868421052631579,0.013157894736842105,92.12121212121212,0.009558167483130094,0.9905323261294009,730,237
0.4096201423469935,0.006809338521400778,0.5223735408560312,2.2807011083698487,0.19916449398031918,0.83391395010434,2,2
0.8140659497499038,0.013605442176870748,0.45286686103012636,4.298407293388634,0.274695802631499,0.7845008965555442,2,2
0.0,1.0,0.0,0.0,0.0,1.0,730,191
5.9792113844920465,0.000968054211035818,0.3610842207163601,3.3083441693348243,0.4917251636765975,0.6703647725130134,1,1
0.0,1.0,0.0,0.0,0.0,1.0,730,261
4.339682992772151,0.0,0.5428994082840237,2.7486655078690583,0.47412439080236063,0.6783688040435336,346,0
3.816537188659768,0.8472086190009794,0.12144955925563174,25.58763024074535,1.8159249849110946,0.3551230964455441,4,170
3.2119833604580164,0.0,0.3651877133105802,2.138067121589779,0.291387324325708,0.7743610156016868,730,0
6.1048413572525195,0.01644736842105263,0.4605263157894737,4.964790704185916,0.7166192128246501,0.5825403750168492,730,5
1.5176914785115352,0.05024630541871921,0.483743842364532,7.085068771184094,0.5133880731625019,0.660769050406428,3,11
3.0769279364605553,0.0,0.43304843304843305,2.5858017540956477,0.29882013427451976,0.7699295488351577,318,0
5.941359697600581,0.29842931937172773,0.21465968586387435,6.432743182743183,1.4536041684707064,0.40756370275621295,649,81
2.306241764264544,0.0,0.4382716049382716,3.0419351462871322,0.24911064676876352,0.8005695913222977,224,0
4.79454535035954,0.007744433688286544,0.4462729912875121,5.324932759635617,0.6895524097081278,0.5918727316501246,1,3
3.2625714483059847,0.015670910871694418,0.4240940254652302,5.991489407689793,0.7053991933371895,0.5863729758445366,3,10
4.016771005047931,0.0,0.31676413255360625,2.5870114943725357,0.38763861322261695,0.720648726888354,3,0
3.4366928557441456,0.005050505050505051,0.41515151515151516,3.831604885889831,0.4077855276597251,0.7103354739428103,34,1
0.9866870998890477,0.021917808219178082,0.4931506849315068,1.9266049926906297,0.2855744474784138,0.7778623804801402,669,4
1.5651437283631342,0.03121951219512195,0.44390243902439025,2.6439334428336783,0.3544765666623681,0.7382925807746891,2,8
2.5362609521472312,0.0,0.49411764705882355,3.9926856682715695,0.4051782545119081,0.711653483669481,443,0
0.015920452067480776,0.9782844733984799,0.021715526601520086,234.02459016393442,0.015899390984959984,0.9843494433345955,83,236
0.004352518888215974,0.9912280701754386,0.008771929824561403,389.1724137931034,0.004351288991717341,0.995667562695035,2,287
4.921112504258554,0.0,0.4857142857142857,3.3789489749198767,0.45445929761818854,0.6875407250224138,730,0
2.1911431720244057,0.0,0.441432720232333,2.613627074874214,0.21755478844307855,0.821318276181007,1,0
8.685793076624323,0.0,0.31976744186046513,3.96838890938832,0.6056858325298934,0.6227868364662692,1,0
1.6411218627980764,0.03165182987141444,0.4856577645895153,2.628921438201644,0.3025741088840318,0.7677106378666935,3,7
11.726447920627693,0.1170534813319879,0.3602421796165489,4.529521767253855,0.9001123804824166,0.526284660987321,40,88
9.927718320468376,0.0,0.4526627218934911,2.0438031233661684,0.2715736699652378,0.7864271049488921,5,0
6.698843666658964,0.01749271137026239,0.500485908649174,2.245786776533524,0.4920290239659257,0.6702282488727495,2,7
5.011352802512664,0.0,0.40130151843817785,2.7869285622083404,0.41446751548414923,0.7069798274283565,421,0
17.17396148906215,0.030392156862745098,0.38529411764705884,3.3203929708811324,0.49440009299137383,0.6691648405871534,3,8
0.8488524004705619,0.030097087378640777,0.43592233009708736,2.542400230263014,0.2631086606153657,0.7916975246712477,2,16
1.2186734234846397,0.3651685393258427,0.4,5.4047600876571344,0.6001623203176881,0.6249366000578398,107,20
4.139413416852719,0.0,0.3953261927945472,2.1535240541371556,0.4155180445280429,0.706455141187138,3,0
2.56471387224533,0.0,0.4312749003984064,2.0863469731056394,0.21028098964053504,0.8262544058442242,20,0
8.089766459727631,0.0,0.3590733590733591,4.586202017343494,0.44472003231943363,0.6921756310075833,253,0
5.784347592632881,0.0,0.5205992509363296,2.9993715121812814,0.4682780483926215,0.6810699111757049,253,0
1.6600039656529748,0.14583333333333334,0.38839285714285715,4.393388970708559,0.5705093642025045,0.636736095176226,326,55
2.2698264632314955,0.010067114093959731,0.540268456375839,1.6908064968669143,0.23616288407176475,0.808954881986204,730,3
3.342713670208217,0.0,0.32965931863727455,2.6444662712309577,0.4015402166165709,0.7135007530601435,6,0
4.057345555671927,0.0,0.46688741721854304,6.126852755546879,0.6663322409119157,0.6001204174341251,730,0
2.3450094589105808,0.001953125,0.4462890625,3.4202815220801783,0.3204355697853347,0.7573258573779345,4,1
6.965936666903507,0.0499001996007984,0.41417165668662675,3.1170926538628843,0.4762029495281759,0.6774136309100454,13,50
2.3301200312956194,0.13804347826086957,0.26304347826086955,11.033458587404091,0.9513690775674546,0.512460718731171,94,11
1.8718473148891608,0.06277533039647577,0.4933920704845815,3.8318141894053523,0.39105025421834416,0.7188812891320866,21,19
60.52665557200007,0.0,0.5992141453831041,2.666096978817516,0.7723780604334873,0.5642137094359092,497,0
3.4542494901637073,0.49854227405247814,0.4713313896987366,3.17742678763792,0.8012910038793867,0.5551573831470483,2,478
9.023194721459273,0.0,0.4276315789473684,4.767323440940689,0.7260494687268879,0.5793576708653589,730,0
1.1405000469096724,0.0,0.38095238095238093,5.137606483106276,0.2410537803900372,0.805766853782695,188,0
3.860899556867939,0.0,0.34868421052631576,4.482877392859508,0.7763887556806989,0.562939838930025,730,0
1.978552562274054,0.03213242453748783,0.5569620253164557,2.4908256360854533,0.32145884125475843,0.7567394222058969,2,33
7.302268636539104,0.0,0.4212328767123288,3.6442379855593803,0.4831001701977065,0.6742632898940965,112,0
5.170812827710634,0.0,0.4068627450980392,5.313632083921617,0.41209389802993035,0.7081682042498312,4,0
22.03360750574083,0.8502793296089386,0.14860335195530727,8.756552411834624,2.2063584398062663,0.3118802899841796,136,421
1.2120250860451764,0.0019588638589618022,0.4622918707149853,2.7509225939117976,0.2300879859085293,0.8129499771200605,4,1
3.866540313173953,0.0,0.3782894736842105,3.7797427652733124,0.5355318993315724,0.6512401340768673,730,0
3.1603759643148344,0.05069582504970179,0.5039761431411531,3.4145984175728374,0.48144582230053673,0.675016247605397,9,10
6.392151239730237,0.0,0.3385063045586809,4.3016331944368,0.6400289726472629,0.609745325648634,1,0
7.341518519806001,0.0,0.3782894736842105,2.6537135645311447,0.4103805204491423,0.7090285107465503,730,0
3.9530155248903855,0.5370629370629371,0.26853146853146853,20.29412073435712,1.6948233765053191,0.37108183368099346,318,195
0.3954965186405734,0.2938894277400582,0.3026188166828322,24.22487386292491,0.3130499187876143,0.7615856683676852,1,107
6.801695806797739,0.3881578947368421,0.5723684210526315,3.440149446759592,0.7881014579849496,0.5592523822037043,49,226
0.0015036473636892405,0.9893778452200304,0.010622154779969651,219.66666666666663,0.0015034420377660253,0.9984988149070093,353,185
19.969493258142137,0.06947162426614481,0.2974559686888454,5.876281826808254,1.0670152543271907,0.4837893662886866,8,63
3.3274050751693327,0.0,0.46710526315789475,3.013515578942772,0.38995784145857754,0.7194462811552844,730,0
0.21812623083155983,0.9764705882352941,0.023529411764705882,84.65587044534414,0.21196672711424014,0.8251051597604955,443,216
3.1162999186074707,0.14619883040935672,0.33528265107212474,11.428791705436664,0.9739327169549074,0.5066028803365966,3,10
3.526574962492753,0.008866995073891626,0.4492610837438424,4.006736174470966,0.554843595873425,0.643151505819629,7,8
8.335353167462042,0.022267206477732792,0.3522267206477733,3.245558069392529,0.5569235601008777,0.6422922907886416,16,4
6.14265384281739,0.02649656526005888,0.352306182531894,3.1875136557630954,0.6761558757897481,0.5966032243444147,7,11
0.6802916713151945,0.0,0.5565312843029637,2.9227155542824406,0.2685904969091367,0.7882764394313648,106,0
141.76023463383711,0.7236842105263158,0.2736842105263158,5.148882250942391,1.6570754817248248,0.3763536289721269,353,44
3.562485498278738,0.04965243296921549,0.4299900695134062,3.3327963921025097,0.35124427807265196,0.7400586379735503,9,25
0.0,1.0,0.0,0.0,0.0,1.0,4,449
3.624636598113608,0.0,0.3927392739273927,3.1683695454414877,0.45921379200225093,0.6853005402504154,730,0
7.15300734566924,0.24013157894736842,0.3355263157894737,8.038139944257004,1.1208374052015633,0.4715118648640396,730,42
2.8424037744875617,0.0,0.4849315068493151,1.859997033219219,0.27279996889038594,0.7856694095237838,669,0
4.6967586311024405,0.0,0.5191919191919192,2.242918268184785,0.31462149298270625,0.7606752250270374,41,0
5.019094008989869,0.13817097415506957,0.4662027833001988,3.0051643438909896,0.5168106020143224,0.65927809224962,6,50
1.0429186066175895,0.02734375,0.451171875,3.0772920905501846,0.27320042393545496,0.7854222958149872,4,4
2.571297566372979,0.0,0.40939597315436244,2.454747913815772,0.30236951185773,0.767831242128493,730,0
4.4160994314975355,0.008902077151335312,0.44609297725024727,3.21950061410284,0.5011591506329778,0.6661518864128035,6,3
6.175815170356029,0.03313840155945419,0.4473684210526316,2.6694521648739706,0.3661982184054985,0.7319582082072311,2,13
8.116601104906938,0.003940886699507389,0.3310344827586207,3.523304839111668,0.5342954818656963,0.6517649382529658,4,1
6.760728663422248,0.014435695538057743,0.4658792650918635,3.7643793268372923,0.5034172618440728,0.6651513358130613,260,4
7.5706008070747055,0.0,0.42293233082706766,4.410117062703173,0.7273889029212055,0.5789084312796554,253,0
5.480460023511753,0.0,0.43786407766990293,8.388194089295952,0.754389969425088,0.5699986989367587,3,0
1.8224293806158876,0.9683877766069547,0.02423603793466807,203.19114435104905,1.5721309003849477,0.388782701475395,80,443
1.0147341779263428,0.005,0.45,2.09550049477095,0.33144350524776345,0.7510645371422753,13,2
3.827458432181828,0.01848249027237354,0.3433852140077821,3.435167486816598,0.4681460692568347,0.6811311360225846,3,1
0.3030790518481807,0.15033557046979865,0.4657718120805369,4.695445715519102,0.23119223224993046,0.8122208488698467,242,19
3.5345512362064726,0.0,0.4602076124567474,2.058434973000564,0.31268299251376575,0.7617985497663963,730,0
3.327027254179881,0.0,0.30666666666666664,8.18625174175569,1.009250299561119,0.49769807187209597,730,0
0.3210508544625746,0.938,0.021,123.98316970546983,0.30999937668379723,0.7633591418428409,8,65
2.73559227605156,0.013605442176870748,0.4042759961127308,2.671453275690057,0.280091985279309,0.7811938606754152,2,2
10.369547277383013,0.6501486620416254,0.3260654112983152,8.909139768939923,1.415644557405057,0.41396818788366113,19,24
9.4533645720154,0.0,0.34236453201970446,4.184388118151523,0.7923291177466392,0.5579332445690693,618,0
7.685411695420275,0.04572564612326044,0.3210735586481113,9.10159873940633,1.124380900286173,0.47072537691583044,6,33
0.0891572909740885,0.0011173184357541898,0.5094972067039106,1.4616808784460116,0.035884074551901644,0.9653589861708954,136,1
1.06040254817945,0.04931972789115646,0.45068027210884354,3.440517859402016,0.40579797095352915,0.7113397662124358,445,5
1.533151562090288,0.2940603700097371,0.4196689386562804,4.096492700117469,0.6111563901762678,0.6206722116470614,5,290
3.353231802206949,0.28052805280528054,0.5016501650165016,7.236175334490287,0.8494162404955111,0.540711159610057,730,40
4.925705723096834,0.0,0.4342105263157895,3.206784597868548,0.5367789060991734,0.6507116905569152,730,0
1.069293882184963,0.9622833843017329,0.021406727828746176,729.0240802675584,1.0225445225163998,0.4944266931418769,45,295
2.9243489026438088,0.0,0.5310119695321001,2.198232181278955,0.31042716784346946,0.7631099419631766,106,0
3.5090811850176165,0.005819592628516004,0.3879728419010669,5.031695226017315,0.3764603168664538,0.7265011477239859,1,2
17.499768154525096,0.08147429679922405,0.39670223084384093,4.3851617764482285,0.7756525893324753,0.5631732276953636,2,13
2.715248192179926,0.0,0.4967105263157895,2.164249290379279,0.26406075965319037,0.7911012127885068,730,0
0.9003556796019881,0.0,0.4605263157894737,2.0269103389478516,0.22455523189049414,0.816623026840675,730,0
6.697079731457512,0.0,0.33743016759776534,4.071048442169089,0.5939763237038579,0.627361890593419,136,0
1.1825991070750537,0.793002915451895,0.1933916423712342,15.200835203649874,0.7738203978050275,0.5637549332713879,3,439
0.9529792984949181,0.004887585532746823,0.520039100684262,1.688643524209158,0.1849992262161513,0.8438824075802339,2,2
6.460211198751121,0.002926829268292683,0.5239024390243903,2.2534525440563877,0.4282524507359181,0.7001563340463672,4,3
3.4333089684350164,0.0,0.34563758389261745,5.959582411642828,0.7887978849203474,0.5590346502699094,730,0
3.26851341866418,0.002926829268292683,0.39414634146341465,4.603813167010663,0.6143439165962116,0.6194466926901583,5,2
1.3346673638411015,0.8376237623762376,0.15346534653465346,18.73893931609294,0.877893362778173,0.5325116004034386,4,173
1.2065576099814284,0.0,0.46917450365726227,2.5068871001318436,0.23130150813933809,0.8121487656675855,14,0
4.03773926807014,0.0,0.16623376623376623,11.031486728734171,1.4437640409828032,0.4092048099692277,647,0
7.049263840240795,0.0,0.2644927536231884,4.335617260677343,0.7342331956165042,0.5766237219582855,477,0
0.5409546962840571,0.5398832684824902,0.31906614785992216,9.056501482422703,0.40234520694570836,0.713091181149318,2,96
0.4632835691504417,0.0322265625,0.3701171875,1.67596995382813,0.21712971641923232,0.8216051144835878,3,33
0.1311020828997544,0.0,0.4250734573947111,4.5821208830980815,0.103179855577468,0.90647050428286,5,0
163.6970241002473,0.08870967741935484,0.21774193548387097,6.134195699003632,1.206918974154369,0.45312039622259925,35,50
0.005359958564235156,0.46381578947368424,0.5361842105263158,3.597633136094675,0.005330326158943659,0.9946979355737638,730,14
195.66328716285182,0.05632411067193676,0.003952569169960474,514.637891050679,14.929991111037841,0.06277467407418094,14,29
7.667414741420198,0.24588576960309777,0.40658276863504356,7.141199589675943,0.9393277096840339,0.5156426090373997,1,214
0.14374022054977825,0.6108422071636012,0.38818973862536305,32.174506666666666,0.13178047288921316,0.883563574345117,1,473
3.385943709989336,0.7239685658153242,0.1512770137524558,19.782725159203476,1.5631023131061437,0.3901521975484979,4,94
1.4947829835533561,0.1396702230843841,0.5945683802133851,2.689857593216654,0.39692101508065547,0.7158600874382737,2,48
2.287169997467234,0.0,0.42118863049095606,2.1179534438996153,0.2481878843928509,0.8011614377161052,647,0
4.5355277562538205,0.003289473684210526,0.3651315789473684,5.3966842185315835,0.8184394794833182,0.5499220685002587,730,1
1.0822345407534117,0.0009765625,0.5,1.3093753937687298,0.10917715490603895,0.9015692358762225,5,1
3.346518249669561,0.0048449612403100775,0.39728682170542634,2.575927888291237,0.3461179895269838,0.7428769303880953,1,2
0.08085537074085308,0.8613861386138614,0.10561056105610561,44.378787878787875,0.07930076174816626,0.9265257984069972,730,52
2.2923596236642014,0.4370034052213394,0.2939841089670829,12.091089073432055,1.011164653976759,0.49722433119668186,72,33
2.9949568866278264,0.0,0.34494773519163763,3.8646724208147774,0.47505367941625654,0.6779414294913958,732,0
4.149944158552457,0.0009813542688910696,0.43277723258096173,2.9931608634467852,0.3029388510372673,0.7674957264524745,4,1
1.0394403335088704,0.27549824150058616,0.42672919109026963,4.585970773366372,0.5046429958867064,0.6646094806101739,175,67
0.8885000539277759,0.0,0.5906040268456376,1.4803960858965366,0.17702044237589734,0.849602915970967,730,0
0.2252967158326954,0.989406779661017,0.01059322033898305,206.24757558471185,0.22118925020130878,0.8188738967651029,83,321
0.1576518652249018,0.0029182879377431907,0.22957198443579765,1.3007868218837713,0.06949721586428659,0.9350187968389201,3,1
7.30157224935622,0.2762022194821208,0.20221948212083848,17.59611611642418,1.7362980636711454,0.3654572625974647,217,22
9.837339128681917,0.003898635477582846,0.4824561403508772,4.728195111805148,0.7569442633225123,0.5691700191495691,3,2
2.911163255309526,0.23431498079385404,0.41101152368758004,5.240575497305838,0.8250782041183681,0.5479217261723124,227,117
16.25764138824485,0.0,0.4901315789473684,2.4998726246659095,0.5165492938961318,0.659391688766623,730,0
2.070868064423407,0.3564356435643564,0.5379537953795379,6.521363578518707,0.6735144728868365,0.5975448770843228,730,107
5.533775088436092,0.7130434782608696,0.2819875776397516,6.987825471184223,1.3198609075206373,0.43106032640066977,217,422
2.474731531572887,0.43197278911564624,0.5056689342403629,4.0242840174211425,0.7267087092807488,0.5791364777539951,133,215
3.580375749465352,0.0,0.4271523178807947,2.7194488192550166,0.4315995786236758,0.6985193450262042,730,0
1.6164795561024767,0.000975609756097561,0.4575609756097561,4.275760170032161,0.23416909684310894,0.810261740111552,2,1
8.936537583986873,0.04995004995004995,0.4005994005994006,4.903778034042601,0.6585558860564245,0.6029341600165892,32,50
2.126491652793759,0.11907066795740562,0.3388189738625363,10.59311941779689,0.8736793889820716,0.5337092385604336,1,14
3.1055329333346386,0.0,0.4967105263157895,2.8023195601215916,0.33315171968767276,0.7501021715925006,730,0
1.6573508123164453,0.0,0.48026315789473684,2.397335907754721,0.4109949889012875,0.7087197388125943,730,0
0.5146407596771334,0.9306930693069307,0.0504950495049505,69.43900692289328,0.4752209468758843,0.6778645613172232,5,114
0.0,1.0,0.0,0.0,0.0,1.0,5,361
5.039098797333478,0.15977653631284916,0.3687150837988827,4.076876475677635,0.6913170488250602,0.5912552000198243,136,53
6.162637968547369,0.7680965147453083,0.1903485254691689,13.428738056184752,1.7241380579183325,0.3670885904968254,226,91
7.857369417685706,0.006796116504854369,0.38543689320388347,3.4063479072310296,0.6075159459116636,0.622077810514579,1,6
0.7951262332065299,0.037383177570093455,0.2782969885773624,12.403476839068933,0.4752133772181843,0.6778680395955357,25,13
3.71256609411651,0.0,0.45714285714285713,3.0410272574398105,0.5008651361942175,0.6662823833297413,82,0
2.9460776584905752,0.1636546184738956,0.45582329317269077,3.8687973677920104,0.7639876867746521,0.5668973811424054,18,50
3.023041634963699,0.8651315789473685,0.13486842105263158,10.468851440991333,1.3960907485210696,0.4173464634497781,730,263
3.6938237635478512,0.009720534629404616,0.43256379100850545,8.998523999265165,0.5468866237314876,0.6464597887515139,160,4
6.1511946841939595,0.051440329218107,0.49382716049382713,3.128174316196086,0.5904598716797185,0.6287489661363658,59,50
2.2993959714030177,0.5245098039215687,0.20392156862745098,94.50691644738433,1.6352913346053828,0.3794646864536301,3,164
25.926689090402633,0.04697986577181208,0.5,3.3369978970473158,0.612351513301432,0.6202121508556232,71,22
119.37310048728719,0.028599605522682446,0.08777120315581854,378.9367464143016,10.80723943948905,0.08469380206312427,14,29
5.422723308972303,0.0149812734082397,0.3352059925093633,6.627832231593345,0.9145771735806993,0.5223085356908179,253,8
4.393427094827919,0.01188707280832095,0.4487369985141159,3.716265032925066,0.4461422353490251,0.6914949135405418,270,5
8.361280299545944,0.12244897959183673,0.4166666666666667,4.432466268700884,0.8390089125983634,0.5437711547504601,445,72
1.716312339101078,0.0,0.44390243902439025,2.2847320066488317,0.2931882098722574,0.773282645454045,3,0
2.1933797302659253,0.0019474196689386564,0.28529698149951316,8.636080167710945,0.8251497228804787,0.5479002557783506,2,1
12.808486184967862,0.0,0.34608030592734224,5.386709000434254,0.8876689712170717,0.5297539003119024,253,0
3.2639247377852274,0.37887596899224807,0.2596899224806202,11.417780302570693,1.183907353756895,0.4578948819782749,1,5
4.828928425101794,0.001951219512195122,0.3726829268292683,4.1247724948243025,0.6266595474477131,0.6147567888861782,4,1
2.4681869234770777,0.00933609958506224,0.47614107883817425,3.107107566860357,0.33289432035267363,0.7502470261373817,59,2
3.6311972787106725,0.0,0.24696356275303644,4.443723799086609,0.4762179582817907,0.6774067436247196,278,0
3.4006889870210277,0.0,0.48739495798319327,2.599270068954325,0.45285039176979297,0.6883021167663711,184,0
2.234598844497858,0.006578947368421052,0.42105263157894735,3.467475973697521,0.3602662540980849,0.7351501935648936,680,2
3.825880560405557,0.0,0.4473684210526316,2.6020147386924477,0.4610499634762211,0.6844392902353166,730,0
2.71299903198941,0.0,0.38877755511022044,3.2026975175861865,0.34367041961888595,0.7442301217612847,284,0
3.050588664656266,0.0,0.45723684210526316,2.2229885535035416,0.34209895569858334,0.745101540951192,730,0
2.347824302405926,0.0,0.39473684210526316,2.976642564527322,0.2812707485296454,0.7804751658832259,730,0
2.2948102664637053,0.0,0.4868421052631579,1.6234139312891172,0.19189963029831145,0.8389968203528326,730,0
5.2409510802013175,0.0,0.4421168687982359,3.712095030910518,0.4940038981367168,0.6693422963937204,124,0
0.8012146524051856,0.6644736842105263,0.23026315789473684,14.01696790852084,0.5905568187643692,0.6287106428406967,730,60
0.011445342587290247,0.9951409135082604,0.004859086491739553,383.95522388059703,0.011437895172552044,0.9886914508274374,2,494
1.0443209555263488,0.14129353233830846,0.5004975124378109,5.645217254676033,0.41443435077374285,0.7069964042183835,3,62
3.5274136726344887,0.056074766355140186,0.5794392523364486,2.370290635091496,0.49037261436067964,0.6709731448124916,264,8
0.7468324605912136,0.43227326266195526,0.2744405182567727,52.59734397487898,0.6328835955542095,0.6124135258157177,175,23
4.110916033477083,0.9429460580912863,0.052904564315352696,57.497369547159366,2.253530233188843,0.30735844707976856,43,232
6.107412986399283,0.021526418786692758,0.3669275929549902,3.4758652714370277,0.48839576907488386,0.6718643124211193,4,4
3.50826321889989,0.0,0.367003367003367,2.363009623013334,0.30441217702646556,0.7666288444804289,730,0
0.9152183323564302,0.005274261603375527,0.4588607594936709,2.9449446716778294,0.2823764247992397,0.779802233308019,79,1
0.8239293908724743,0.7278350515463917,0.2268041237113402,9.88336238101622,0.5951163551482185,0.6269135143480363,21,184
2.050472855825289,0.5537270087124879,0.3717328170377541,12.598555122714131,0.8727789310877393,0.5339658533103981,1,111
6.543906829059788,0.0,0.40460526315789475,1.6991289284021638,0.28278707339297626,0.7795526013175332,730,0
0.6520981941345037,0.0019474196689386564,0.39629990262901654,1.9149121164949063,0.13165232505644578,0.8836636287122203,4,1
2.6720469290469535,0.03235294117647059,0.34215686274509804,5.957657838495236,0.7654295236167563,0.5664343926634606,3,17
0.17642171331685452,0.5704697986577181,0.18456375838926176,12.518839324382851,0.16373499818874038,0.8593021620527176,730,40
2.87599741562969,0.0,0.4124168514412417,3.040191499460032,0.31748446250411283,0.759022234007468,120,0
2.918706947262336,0.0029296875,0.3701171875,3.984920345372735,0.4632882533112751,0.6833923512589539,2,1
1.907918460679203,0.022222222222222223,0.32222222222222224,3.327917434236873,0.3696254294331325,0.7301266306174565,399,2
5.017090794587104,0.032423208191126277,0.5,3.5614339664907853,0.6264775322939065,0.6148255848266454,439,10
3.6007640835354042,0.05503512880562061,0.5035128805620609,2.6695571174527903,0.3371657212305774,0.7478504602105056,158,27
0.08458931579303991,0.97997997997998,0.02002002002002002,82.32103004291845,0.0836142348758194,0.922837637062417,12,309
1.262134270100458,0.0,0.4732041049030787,2.090769931084128,0.19765394764034921,0.8349657277632053,154,0
8.051108088485487,0.022483940042826552,0.35867237687366166,2.6792257108049813,0.3922007175985123,0.7182872321204934,85,4
4.564335741968398,0.0,0.4309252217997465,3.0441356621792965,0.2789259920218745,0.7819060729378751,242,0
8.175806339809066,0.0,0.4605263157894737,6.04863196177105,0.9313317822542647,0.5177774265345505,730,0
4.3626624090296104,0.001951219512195122,0.335609756097561,2.32899808525849,0.34327622739093877,0.7444485204225729,2,1
6.807846019064007,0.11790393013100436,0.5709606986899564,14.515697496735477,0.6526876798623692,0.6050750012750605,85,40
3.66239189102336,0.28,0.21,14.299762505566274,1.3096185364105652,0.4329719320464602,730,29
1.8955732162490229,0.017716535433070866,0.514763779527559,3.0212028002052858,0.2759797185765556,0.7837115162892792,3,3
3.7220581521607357,0.0,0.4027777777777778,2.9874674577707814,0.38760924511301253,0.720663979086242,730,0
4.889435077919384,0.01775147928994083,0.4546351084812623,4.683357970306068,0.6351412470740634,0.6115679619662271,3,2
1.1006785549586333,0.001941747572815534,0.4883495145631068,2.3955640041466073,0.22017718125693428,0.8195531070085048,2,2
1.60783531580945,0.636094674556213,0.21499013806706113,20.24004486819966,0.9537695234096668,0.5118310977923468,8,104
11.74471512720076,0.0,0.34210526315789475,2.086425954977201,0.3344571289755995,0.7493683972955005,730,0
4.912368615186343,0.0,0.4296799224054316,6.143373181286117,0.5900767143409701,0.6289004744116791,2,0
4.430475725333812,0.0039177277179236044,0.34084231145935356,5.1753440659306795,0.5543102994093368,0.6433721763151259,2,2
3.148092705149482,0.0,0.34868421052631576,2.9884757968044915,0.4802823329914597,0.6755468046282286,730,0
4.1452158890348665,0.023323615160349854,0.3848396501457726,6.628341926934503,0.7346825248874624,0.5764743609582825,2,5
0.9215795644342637,0.0,0.38971583220568334,5.892930223839797,0.3372556418885603,0.7478001727386502,278,0
1.4127881273167586,0.9013157894736842,0.08223684210526316,25.383917226356868,1.0369587877355126,0.49092794906847387,730,253
5.506306955561568,0.0,0.3717105263157895,3.5729303181552012,0.43027975078804115,0.6991639219173942,730,0
0.24668098686700354,0.0,0.43597883597883597,2.6444698019398483,0.13866396171010048,0.8782222267736934,82,0
0.20504207347425757,0.013480392156862746,0.16176470588235295,7.305282005371532,0.15433762448803978,0.8662976747756185,176,2
6.177495891892337,0.051633298208640675,0.3656480505795574,3.6111385349677185,0.6081543364187407,0.6218308637135771,20,35
7.072406934052819,0.0049504950495049506,0.37722772277227723,2.6063112720659203,0.4449561968431517,0.692062501399514,4,2
6.239055107757944,0.3760932944606414,0.6005830903790087,3.2571439801379594,0.7411968511637995,0.5743176019021683,2,133
7.372862801077772,0.0009746588693957114,0.46101364522417154,3.1279316172573126,0.4056754574724159,0.7114017639591771,4,1
2.452328320313172,0.0022675736961451248,0.35487528344671204,2.804192511555447,0.2888903166263374,0.7758612095228505,133,1
1.5567585093415228,0.0027434842249657062,0.438957475994513,2.076373472096251,0.19982303677846294,0.8334562425847483,265,1
3.1408725033732257,0.0,0.4096742349457058,2.1541441346873405,0.3222752038633148,0.7562722170681885,7,0
2.8817620314658408,0.0018726591760299626,0.5037453183520599,1.970806716486304,0.3366404501201556,0.7481443494472326,324,1
7.507775488692978,0.0014124293785310734,0.3686440677966102,3.220859483912917,0.5433937718570881,0.6479227908226883,304,1
6.632967196873473,0.0,0.3579277864992151,2.1626312374478602,0.48408330471840316,0.6738166225714294,241,0
14.921622276986863,0.8127450980392157,0.18529411764705883,14.460338594354866,2.070341676226197,0.3256966505529492,8,758
1.3455596165058235,0.0,0.4792560801144492,2.0052888602800096,0.23930524026989422,0.8069037130692849,182,0
0.26585024558192916,0.008746355685131196,0.4217687074829932,7.3478048383155485,0.19577610029542844,0.8362769583310288,2,9
3.7240827083262746,0.03183023872679045,0.4244031830238727,4.774920235908344,0.5094467417200997,0.6624943910644,647,1
7.065816285438349,0.34959349593495936,0.19817073170731708,14.222506062568721,1.6155878809056097,0.3823232273326502,16,140
4.794003685494263,0.0009689922480620155,0.37693798449612403,3.254731432808625,0.43132855079132043,0.6986516124806863,1,1
1.2922020043687226,0.7563559322033898,0.1906779661016949,52.108262108262124,0.973627715442879,0.5066811699974539,83,187
109.37155382205826,0.0,0.29194956353055285,190.70312277476745,5.621265099920292,0.15102853984989034,2,0
0.3826351369610121,0.0,0.4309210526315789,1.757330806778523,0.10223243040239378,0.9072496620653127,730,0
1.5740694425198871,0.4625445897740785,0.1902497027348395,15.918515286773838,0.9212579517302218,0.5204923155162131,165,42
1.630029955134445,0.0,0.4473684210526316,2.812380342898761,0.2756228579220488,0.7839307627561408,265,0
4.714553464362956,0.0,0.3274336283185841,5.7856881628672445,0.7752281565649715,0.5633078747100196,9,0
6.320208183285026,0.0,0.2844950213371266,2.7067102900630307,0.5113166350404478,0.6616747125086972,241,0
5.299444420091754,0.0009765625,0.318359375,8.186749547841051,0.8076665951530692,0.5531993580460683,2,1
37.393924583278555,0.005836575875486381,0.3832684824902724,3.3547090074433785,0.6681362948836067,0.5994713999492316,2,2
3.445306377878471,0.0,0.28888888888888886,4.821327402060557,0.7605284121418538,0.5680112817852243,730,0
20.6815557093472,0.0,0.3082627118644068,3.495998900760961,0.7250862130746065,0.5796811732775422,83,0
1.4003365101281178,0.6942148760330579,0.15702479338842976,16.784679089026916,0.9468077655649434,0.5136613987718558,895,51
3.8302636947602515,0.0,0.4931506849315068,4.064760959001276,0.6361290455592981,0.6111987332014864,669,0
4.98484792450307,0.001941747572815534,0.40194174757281553,2.9931940671736865,0.3856134804348944,0.7217019855249502,2,1
9.887426956683408,0.012935323383084577,0.408955223880597,4.140083124536255,0.8168968585966333,0.5503889751740766,4,4
0.9274408471229784,0.7322987390882638,0.10863239573229874,33.0163920574567,0.7542727091455319,0.5700367991742163,2,134
0.09552560957309493,0.13978494623655913,0.25024437927663734,22.80146094774302,0.09078744562219651,0.9167688938971879,4,9
3.2023877264219696,0.0,0.40670391061452515,3.4259676855599777,0.35870295097889715,0.7359960462877744,136,0
8.32702260966434,0.0,0.36308805790108567,2.9554483553843154,0.563089642208158,0.6397585736588415,131,0
0.9852003466709818,0.0,0.42829457364341084,4.520732358797532,0.3289206941750358,0.7524903512927666,1,0
2.1103534528554238,0.0,0.4901315789473684,1.9916374439223623,0.2599031156364011,0.7937118240198024,730,0
9.076273768227164,0.0,0.3742690058479532,4.862205430733349,0.4893505031942519,0.6714336201285539,3,0
0.544407644713262,0.0,0.3804347826086957,2.256614761362198,0.14527306279474922,0.8731542131618402,421,0
2.5135694215770523,0.040737148399612025,0.4238603297769156,4.964798067081663,0.4468918477312915,0.6911366606757703,1,32
0.0,1.0,0.0,0.0,0.0,1.0,6,736
7.412324576500627,0.6808923375363725,0.27449078564500484,10.513530222708601,1.4549022092372523,0.40734820158506596,2,18
24.97565576547139,0.0826044703595724,0.2536443148688047,12.154620489383056,1.6692983465905364,0.3746302848751577,2,7
0.1400776781182915,0.007804878048780488,0.7395121951219512,1.0587973731016556,0.057736697792845744,0.9454148675059459,2,2
0.20758868599874697,0.9396299902629016,0.045764362220058426,160.78676179151805,0.2026111976665873,0.8315239388592827,2,66
5.903363883017459,0.0,0.2647058823529412,22.78674400504771,1.2632411933318832,0.4418442024412903,175,0
3.930155917183297,0.0,0.43733681462140994,1.9443455640184095,0.23202468707393,0.8116720472338985,265,0
0.0,1.0,0.0,0.0,0.0,1.0,343,186
0.10847818651487234,0.009746588693957114,0.398635477582846,1.7022991230149325,0.08162595294844156,0.924534028860962,3,2
5.669759483388952,0.009718172983479106,0.36345966958211856,4.49379686515906,0.6177595015308216,0.6181388513272459,2,3
7.3378270102361425,0.0,0.4262135922330097,2.1777499486839407,0.3548912040509466,0.7380666410779931,3,0
1.4619419424133517,0.01671583087512291,0.4611602753195674,3.080292604418627,0.28162142274124924,0.780261614120891,6,4
2.3530291020902587,0.0,0.34962406015037595,3.9997741922240015,0.5046487415390144,0.6646069427321358,285,0
1.246225938598074,0.02040816326530612,0.4268707482993197,3.2621197057069002,0.4597696397889745,0.6850395930583683,445,2
4.492451934702835,0.0087890625,0.3544921875,4.254736745605687,0.5449563445930131,0.6472674800810824,4,3
4.359325651702481,0.0,0.39399806389157793,4.100154692393485,0.35690603665834975,0.7369707061387231,1,0
0.0,1.0,0.0,0.0,0.0,1.0,267,724
6.877708681484303,0.2553606237816764,0.398635477582846,4.138808299948584,0.8213068819102444,0.5490562902563506,2,250
0.00031204323970713855,0.9990262901655307,0.0009737098344693282,1027.0,0.00031204020134101057,0.9996880571373726,2,431
4.509480086870555,0.0,0.3635077793493635,3.055724895486331,0.451265873474878,0.6890536174502765,241,0
3.228555696054711,0.0,0.369290573372206,2.524445036110094,0.28774831740991447,0.7765492577084697,2,0
2.151760722390383,0.0055248618784530384,0.3784530386740331,6.324701404881088,0.5026553704269808,0.6654885875234646,251,2
6.301377599312933,0.0,0.41118421052631576,2.8823857948258604,0.46724688769967604,0.6815485576308037,730,0
2.458478885366606,0.0,0.4612794612794613,1.9837358490566037,0.24776661993684496,0.8014319216606504,730,0
8.11375809329841,0.0,0.41297935103244837,3.471872415183851,0.5274095745722137,0.6547032417811529,4,0
0.2859604027142882,0.019417475728155338,0.3970873786407767,8.258622383806625,0.1914021605716716,0.8393471433022827,2,3
2.9444885220882413,0.0,0.433300876338851,3.9457153854228633,0.4484768511871365,0.6903803807291945,3,0
1.976410801901598,0.0,0.4867549668874172,2.1846487720138357,0.26352493064997884,0.7914366988276068,730,0
1.9202068915037491,0.002285714285714286,0.4685714285714286,1.8865879849467027,0.21053792031820134,0.8260790374391085,106,1
3.688307829394141,0.0,0.3566666666666667,2.257220476482592,0.3165857001322551,0.7595403777357956,730,0
3.4038379842069344,0.0009718172983479105,0.5063168124392614,1.8764079046891005,0.2610513371937533,0.7929891278061075,2,1
4.213131681674161,0.0,0.4666666666666667,2.915582865472897,0.27625263742147865,0.78354392435998,4,0
2.3607094118914214,0.0,0.4309210526315789,1.8437925485827453,0.21270047635016748,0.8246059266090779,730,0
11.349117038387597,0.5950590762620838,0.21052631578947367,55.6028800198622,2.646740920855705,0.27421745106185136,32,85
14.703762015512517,0.7383474576271186,0.1408898305084746,17.72732017520053,2.4207353656724377,0.29233480322247113,83,300
0.8555270314850376,0.01,0.436,6.619022495083698,0.3478558167888648,0.7419191189027938,6,1
0.9194801130493442,0.09784735812133072,0.49510763209393344,3.5209533491471814,0.38536657078853614,0.7218306122622914,445,50
2.5073163278079416,0.0,0.4496,2.683237621857532,0.3545902726122754,0.7382306076002881,408,0
15.137536045874429,0.0009823182711198428,0.1974459724950884,12.381457019452245,1.6270716317161709,0.3806519730665799,13,1
1.4826790787205155,0.28765792031098153,0.4499514091350826,4.605734474109371,0.5823793948244325,0.6319596951721882,2,52
0.9217440430021332,0.017878426698450536,0.4135876042908224,6.089958070837108,0.43246538573485904,0.698097147727585,171,2
4.667120303320288,0.0,0.4738330975954738,4.189535004333089,0.4936453780145361,0.6695029588142762,241,0
5.8946709938257635,0.0,0.22793404461687683,5.764150301425623,0.8106515184374374,0.5522873892724447,2,0
3.5765213081261757,0.0,0.4278481012658228,2.4223166983729256,0.23489487815017884,0.8097855272490548,636,0
5.52348928619526,0.020887728459530026,0.4255874673629243,2.4160370379817873,0.4915986328196465,0.6704216389027174,647,1
6.872012611818081,0.009045226130653266,0.4371859296482412,4.46434293314236,0.26886812676368604,0.7881039636093247,20,5
2.6743555976334306,0.0,0.23735408560311283,10.516571129573787,0.6856997085260267,0.5932254688911339,3,0
1.9913536468359672,0.8793565683646113,0.11796246648793565,18.19103646488234,1.2469361238749257,0.44505047979533235,647,149
3.4136440724001575,0.0009689922480620155,0.35755813953488375,5.0021398051615105,0.6499480065895415,0.6060797043338412,1,1
5.15418080306857,0.0,0.25496688741721857,3.4071641938430393,0.3943030634904254,0.7172041905270238,730,0
6.667411018144868,0.006952491309385863,0.2688296639629201,8.129901616165066,0.6790962468572512,0.5955584749067784,144,1
1.9861694622060486,0.24635568513119532,0.4446064139941691,5.512503940655338,0.6081802300009147,0.6218208515095545,307,82
11.859750767515514,0.0,0.38079470198675497,2.6344871258834086,0.4656076225512792,0.6823108617975352,730,0
1.7194146441768712,0.41786447638603696,0.2874743326488706,8.184945971630707,0.7935358803985294,0.5575578447740877,19,84
7.362623577721452,0.9799196787148594,0.018741633199464525,94.16872118189517,3.9721221797734576,0.2011213650517258,199,215
4.732399026660572,0.0,0.4470588235294118,2.9845701316722115,0.34445372164055876,0.7437965204036612,2,0
4.225577385791201,0.03988326848249027,0.3667315175097276,4.141712743885613,0.7337472112350794,0.576785354589049,2,12
1.4679428134187291,0.04396728016359918,0.47648261758691207,6.550357423159324,0.5013227799936855,0.666079282433992,17,19
9.461581748789143,0.005934718100890208,0.3669634025717112,3.4612352917279856,0.5878304527442585,0.6297901632203193,19,5
5.766976075397603,0.004935834155972359,0.3336623889437315,3.380227381213825,0.48551880545476217,0.6731654936497892,6,1
4.795955087271283,0.22634146341463415,0.4302439024390244,4.290630227274619,0.6989548018246541,0.5885971768795814,2,47
2.339287149172588,0.9577603143418467,0.04223968565815324,33.992751557600684,1.577981047389702,0.3879004467517462,6,376
5.363613940011981,0.8756684491978609,0.12433155080213903,15.773792827088762,1.8699699960516818,0.34843569841347993,182,147
4.9772679569252825,0.013605442176870748,0.4033041788143829,2.9358572005116597,0.3272990796119731,0.7534096989597426,2,4
5.778643970431147,0.43137254901960786,0.3850267379679144,6.663875258609697,1.0833979779270833,0.4799851063477412,443,183
3.850152149823419,0.0011507479861910242,0.4016110471806674,4.399772490803605,0.596686483475301,0.6262970284707549,164,1
2.5701545715191663,0.01507537688442211,0.3507537688442211,7.147804143170334,0.5802980336795126,0.6327920295335898,8,7
0.0,1.0,0.0,0.0,0.0,1.0,5,188
1.0942875915094505,0.1037827352085354,0.4451988360814743,5.868481388040543,0.5221625468475891,0.6569600612437929,1,19
3.076464151615112,0.6346718903036239,0.24387855044074436,17.203008166252854,1.300897851681492,0.43461294871008804,9,37
0.011032035645364209,0.5039370078740157,0.49606299212598426,7.3357400722021655,0.010942535185334553,0.9891759078241491,3,53
2.2841923697883675,0.0009746588693957114,0.3460038986354776,5.823676615818289,0.5640510555951548,0.6393653176618833,2,1
4.741237932514423,0.020937188434695914,0.37188434695912265,7.97331694970503,0.6549067996705767,0.6042636359939173,16,10
3.4793508308347145,0.9546351084812623,0.04240631163708087,52.86802725007563,2.06523508172779,0.32623925191288333,4,308
2.40267653439901,0.19611650485436893,0.5572815533980583,4.099692080011457,0.5648169654437227,0.6390523761457545,2,46
9.449931224129692,0.005870841487279843,0.27788649706457924,4.08226688233448,0.6573900997034644,0.60335825595852,8,2
76.399633382243,0.0,0.42574257425742573,2.087269662866298,0.2824981989551381,0.7797281905071745,730,0
0.12158012368255267,0.8807947019867549,0.07947019867549669,30.700552486187846,0.11804274988629129,0.8944201821457215,730,38
8.772843123781731,0.0,0.3287671232876712,3.6015917685728422,0.6545506046925887,0.604393723083373,669,0
8.827932823942024,0.05115346038114343,0.555667001003009,2.196725387742134,0.3642700412993608,0.7329927138527341,13,50
3.731786931400168,0.0,0.5102239532619279,2.653603113099712,0.36044349107840906,0.7350544190610303,3,0
1.32707905232514,0.5482717520858165,0.34445768772348034,13.034402452685573,0.733748500699067,0.5767849256087539,160,62
2.968231721347964,0.14431486880466474,0.5072886297376094,7.536889762606856,0.6706631053699316,0.598564723663166,340,99
5.306031246707863,0.0031185031185031187,0.37214137214137216,2.8701556245806166,0.43824653884907216,0.6952910874377837,65,3
1.9461490150094394,0.004207573632538569,0.47124824684431976,4.061515121155304,0.395581296240829,0.7165472930123268,314,2
5.668592781442254,0.0087890625,0.3310546875,7.5427046801546735,0.794543250643253,0.5572448586243606,2,5
5.06125221747709,0.0,0.4444444444444444,3.157421702230642,0.491898302623008,0.6702869748171386,647,0
3.7756911751777986,0.774364406779661,0.1885593220338983,37.109018149480576,1.8433627450753232,0.3516962447833961,83,197
0.5748118079100035,0.0,0.47039473684210525,2.464102157719564,0.2343433282881718,0.8101473691171752,730,0
2.0895403355929587,0.0,0.41199478487614083,2.9011583245970614,0.31736752484693775,0.7590896094969305,137,0
5.891390168681463,0.017786561264822136,0.43478260869565216,2.499935100517845,0.3305232164344283,0.7515840292361277,3,3
3.5546958878076746,0.018072289156626505,0.3108433734939759,4.858155064466732,0.464750303130793,0.6827102188424714,160,3
4.335676084950091,0.0,0.41544477028348,2.77514697668254,0.35084084600088616,0.7402796583775674,9,0
2.2913632110877953,0.12289395441030723,0.36372646184340934,9.402396929457375,0.9024777228640518,0.5256303335287246,13,27
3.2217455812755684,0.001941747572815534,0.4184466019417476,2.3943889873965705,0.25856444196858136,0.7945560566099037,1,1
7.9909357835951935,0.0,0.4276315789473684,3.5401614542565745,0.5299572364307162,0.6536130397558891,730,0
5.72741198814926,0.020689655172413793,0.296551724137931,3.811550832283308,0.6145655642495063,0.6193616550126455,597,3
3.5963966982636246,0.0,0.36613756613756615,4.182280312711419,0.5423693593979007,0.6483531288448138,82,0
0.14922681453834236,0.0,0.2731804586241276,7.11016850668216,0.12737170877538712,0.8870188884607143,13,0
3.4459369475785353,0.0,0.49320388349514566,3.643757687873774,0.571676277943999,0.6362633412703524,2,0
8.457092437267818,0.0,0.40540540540540543,2.448419598223989,0.386326892147479,0.721330593573755,497,0
5.097656167583111,0.0,0.4346563407550823,2.684339881791571,0.36979018671908315,0.7300388115607666,1,0
4.363345815508449,0.006789524733268671,0.3588748787584869,4.690541271314853,0.6975486048265452,0.589084752658484,1,2
1.3991919395058678,0.0009794319294809011,0.40646425073457393,3.3652706003342336,0.2909225069209838,0.7746398367359235,3,1
4.96323159198633,0.0,0.39072847682119205,3.8244707661290325,0.5587058076561323,0.6415578841678448,730,0
5.626735557578532,0.4079844206426485,0.3904576436222006,8.090933680647895,1.064901753374321,0.4842845420446123,2,63
29.83049010314815,0.0,0.46511627906976744,2.8839407952379763,0.6636842455384766,0.6010755963348892,730,0
1.0517545077208035,0.0,0.41776315789473684,2.478233041759772,0.2676556169559961,0.7888577833160131,730,0
121.03740565378939,0.02415966386554622,0.16596638655462184,266.0629951015427,8.034316872443771,0.11068905531199298,50,23
2.0599562581009256,0.3757637474541752,0.36761710794297353,7.433036951501155,0.7453489482148522,0.5729513293160102,6,224
3.412726590540136,0.038872691933916424,0.26433430515063167,12.417524969101114,0.9950711547922553,0.5012352554934959,2,11
2.057147760594345,0.0010152284263959391,0.27715736040609135,4.383336118795383,0.4057523151569471,0.7113628689904407,41,1
2.8569414262022974,0.06607495069033531,0.4349112426035503,8.215201405609422,0.7663737099858545,0.5661316143614978,4,53
14.482121509132867,0.03192702394526796,0.475484606613455,3.886770596202057,0.5853236383352776,0.6307860274196654,147,27
0.663166134839632,0.004873294346978557,0.44541910331384016,2.8585107319845964,0.29907143707466693,0.7697806074867327,3,4
1.6739247307390572,0.6021297192642788,0.3978702807357212,2.949072709098885,0.7134663773682426,0.5836122687950994,1,622
6.030419883390345,0.0,0.2847682119205298,5.508826200193588,0.7896710712512397,0.5587618954475555,730,0
2.2894252669551274,0.0,0.4478048780487805,2.7772795075621683,0.27805554551895073,0.7824386064487933,4,0
6.6391013086148885,0.012633624878522837,0.46938775510204084,4.594214024525748,0.6547594068288304,0.6043174590053506,1,5
4.914053910591901,0.07535641547861507,0.23625254582484725,14.522708682485614,1.2927875297575346,0.43615031354682543,9,14
4.22412560288308,0.10261374636979671,0.4927395934172314,3.9602078502617553,0.564763605225053,0.6390741685586268,1,50
8.928590217857879,0.0058309037900874635,0.17589893100097181,14.510044939884803,1.1094818485137212,0.474050061490015,1,3
6.2269506970488635,0.0,0.30910852713178294,3.6271114999712615,0.42488848332235296,0.701809307678831,1,0
1.755815884319899,0.0009832841691248771,0.44051130776794495,2.12224998102932,0.2269043664232011,0.8150594515490264,4,1
4.300289737642419,0.09395973154362416,0.436241610738255,4.3677948519808,0.478325392319629,0.6764410631078369,730,28
3.479029718365509,0.0,0.4398663697104677,2.18135957093986,0.250286098022272,0.7998169391644203,131,0
4.808249205650051,0.0,0.51,2.010392402795198,0.30273563668884634,0.7676154484740225,730,0
3.1054173600607538,0.0,0.3333333333333333,5.088295748179469,0.5573979504758978,0.6420966456867543,269,0
5.272299369894286,0.0023148148148148147,0.47685185185185186,2.46977094689103,0.295136885972305,0.7721191565393991,99,1
0.03574268103459065,0.9756838905775076,0.0243161094224924,107.1482254697286,0.03557005634372294,0.9656517141203274,21,632
9.360356502482666,0.0,0.4506578947368421,2.500349752916488,0.43721300488827186,0.6957910877502388,730,0
3.2108795525249465,0.411946446961895,0.4768280123583934,5.41385912626799,0.8035205123286393,0.554471098700639,28,94
0.001726306012945307,0.9966887417218543,0.0033112582781456954,302.0,0.001726134542626503,0.9982768398636074,730,269
4.785133833582347,0.0012300123001230013,0.5239852398523985,3.5424344696842347,0.5082394524916027,0.663024693027361,130,1
6.394670067388728,0.0,0.375,2.399404222635721,0.38746538396868624,0.7207387020637691,730,0
2.466380777730279,0.22863741339491916,0.5404157043879908,4.569546924036409,0.5906976062508944,0.6286549977005963,145,68
2.6256100753135945,0.0009699321047526673,0.45295829291949563,2.5460137748605636,0.30281007646287883,0.7675715885733658,2,1
7.194093833629585,0.0,0.40485436893203886,3.8921997013368075,0.6227642343265853,0.6162324623915438,2,0
4.321419854584532,0.05279831045406547,0.426610348468849,2.5515328762813145,0.4427938185961932,0.6930997257619097,41,50
7.501028120007974,0.46136618141097424,0.47032474804031354,6.754014669960227,0.9970094725120778,0.5007487514528813,128,34
0.6989570492098157,0.0,0.39568345323741005,2.8976230644595518,0.22164561315013487,0.8185679948716065,268,0
1.1071059541221278,0.14481409001956946,0.4295499021526419,5.78409146272147,0.5020821840805197,0.6657425343288637,5,5
0.3645666721152857,0.4518413597733711,0.2521246458923513,36.08459157835507,0.31672971772318487,0.7594573028465886,241,15
3.772284788438383,0.0,0.44,2.782068429908962,0.29966118190716795,0.7694313055750155,730,0
4.340173157841789,0.8968253968253969,0.10052910052910052,25.15359705378119,1.9290338914531917,0.34140950124133473,161,159
8.325628552476763,0.0,0.29605263157894735,4.028892926876066,0.6577214535806929,0.6032376536118244,730,0
4.926302115099988,0.2601626016260163,0.5981416957026713,4.200318000588508,0.6356938033606188,0.6113613672347767,172,28
6.11383855556753,0.0,0.4124168514412417,2.706114965668476,0.41963936916708866,0.7044042464014691,131,0
0.8762259769489257,0.0,0.4577205882352941,2.0415218923497336,0.22053007294153748,0.8193161497364427,271,0
3.025888084672183,0.0022346368715083797,0.5519553072625698,2.5429391931029017,0.4656949538171701,0.6822702073140516,136,2
2.8579553504633792,0.010721247563352826,0.41325536062378165,8.430875730549209,0.5980278652753552,0.6257713158385324,2,4
4.147070514406648,0.01038961038961039,0.42077922077922075,2.223335861820262,0.3623868602078055,0.7340059047893852,647,3
1.056400632025724,0.0,0.4041095890410959,3.478763949439281,0.3020001415201498,0.7680490716632721,730,0
5.244137288184418,0.0,0.3494675701839303,3.5901859095333717,0.38843316662408683,0.7202363239646999,1,0
21.206434052746005,0.9990272373540856,0.0009727626459143969,1028.0,12.764114575083811,0.07265269368000091,2,758
0.026871668030174153,0.9941634241245136,0.005836575875486381,542.5555555555555,0.026834079436411088,0.973867170973582,3,427
4.525537722322324,0.10432852386237514,0.36403995560488345,8.889251578924204,0.8170035500875437,0.5503566572293267,132,49
14.993529437864336,0.03203883495145631,0.38543689320388347,3.878657549028557,0.7106026403953972,0.5845892999258173,3,14
9.334205097111486,0.06037000973709834,0.3670886075949367,6.259856232359,0.9438041938260862,0.5144551098182634,3,34
3.008371212465506,0.0863239573229874,0.44616876818622697,5.169869292623135,0.5534860603860474,0.6437135327442179,2,46
12.573422607569736,0.014115092290988056,0.4169381107491857,6.438210655366692,0.8206793581172855,0.5492455305441989,39,2
6.861339013558961,0.014605647517039922,0.41674780915287246,4.26843984330067,0.5830802811163691,0.6316799040000751,2,7
9.126859127166071,0.06378600823045268,0.4279835390946502,3.8130867270358575,0.6036364637698259,0.6235827275024676,15,12
12.383707246357163,0.0011198208286674132,0.3650615901455767,2.2543479345709185,0.36197628376501756,0.7342271755537635,134,1
3.0725170982705765,0.00691699604743083,0.4624505928853755,3.5504848200226524,0.41305282318783176,0.7076876275184186,6,2
5.539102691760144,0.09694793536804308,0.39317773788150806,9.034607997870276,0.9682499958607228,0.5080655415231927,268,25
2.262239228119098,0.004143646408839779,0.3411602209944751,7.574926582692957,0.6114662250738178,0.6205528756609169,307,2
3.702016643214499,0.0,0.4407894736842105,3.7770682941270244,0.4502282557706911,0.6895466255196997,730,0
6.442777510140434,0.0,0.4214214214214214,3.340511552212412,0.4277867991587138,0.7003846796939318,18,0
3.210807706835069,0.00682261208576998,0.4161793372319688,3.5929055283395006,0.41005820563759227,0.7091905823475035,2,2
4.695502040609799,0.04965243296921549,0.3485600794438927,2.8049541403789022,0.47659452673821084,0.6772339879987193,13,50
1.4065049622612997,0.0,0.4027777777777778,3.138211893455769,0.4384006462599346,0.6952165953207512,730,0
45.92746887874257,0.0,0.38369565217391305,4.7709439471445565,0.6269435990074014,0.6146494571846869,108,0
0.6487435779881703,0.8848684210526315,0.09868421052631579,28.894009216589865,0.553858817424185,0.6435591115399334,730,151
1.6259409125579503,0.0968054211035818,0.24104549854791868,11.721294697684353,0.7787954349189778,0.5621781911339057,1,10
0.942670598784422,0.0,0.42350332594235035,2.2629985292845407,0.211360595412684,0.8255180198092228,127,0
0.10274640022314702,0.2689243027888446,0.25697211155378485,10.139838408949657,0.09655676534505185,0.9119454930227269,9,50
7.764314049506963,0.0,0.3651315789473684,2.4066468098448035,0.39887511509046303,0.71486009666798,730,0
0.9603457813426176,0.03431952662721893,0.14911242603550295,16.835792542852094,0.6253214755374903,0.6152628972488672,175,3
7.089287510874872,0.10855263157894737,0.40789473684210525,5.680360936716717,1.0886542014234715,0.4787771950562588,730,7
9.86031881035609,0.0,0.4243421052631579,2.7302526031017025,0.4499590078279522,0.6896746698363606,730,0
1.1854120760659481,0.010626992561105207,0.38257173219978746,11.635808195024723,0.49677025254539503,0.668105207395329,64,5
6.488897233152523,0.0,0.3717105263157895,2.161625839348495,0.37714317703259514,0.7261409101664753,730,0
6.5363565844417,0.0,0.392,3.9940672773309713,0.5333975985068374,0.6521465802305684,408,0
2.155434766260571,0.0,0.44498539435248297,5.534573505143245,0.3527890762128317,0.7392135385950381,3,0
3.0390722650834823,0.27848101265822783,0.46835443037974683,7.925157056179854,0.7976486083862743,0.5562822430005867,2,178
5.443370173758143,0.00778642936596218,0.44938820912124583,2.9793081899782545,0.38312644437691484,0.7229996968574267,120,7
2.839953155117535,0.07433102081268583,0.3419226957383548,7.57376952522632,0.891616487912775,0.5286483842733937,13,50
4.582015948713425,0.006796116504854369,0.42524271844660194,2.975169736093643,0.5427904857564748,0.6481761517408315,1,1
0.3681471372050202,0.0,0.47368421052631576,1.7057972627128075,0.117253202112769,0.8950522568285876,231,0
9.391614687346706,0.0019743336623889436,0.39782823297137215,4.714713258317724,0.5143030112730779,0.6603698153907108,10,1
5.312150332924666,0.005865102639296188,0.35581622678396874,5.503162381707902,0.682499826130337,0.594353701836599,4,2
0.014446988503173872,0.0,0.3618421052631579,1.1009799744354494,0.009873397115608239,0.9902231337672539,730,0
0.6637821623357048,0.0,0.46455026455026455,1.8081861290590941,0.1637842813370761,0.8592657729068968,82,0
2.163394037453788,0.0,0.3980263157894737,1.9315458436260122,0.23473774681570012,0.809888579642866,730,0
0.0004428070159024836,0.9980372914622179,0.001962708537782139,509.5,0.00044279832506195245,0.9995573976585136,4,407
5.557003562836232,0.011061946902654867,0.33517699115044247,4.411580727994062,0.6052892105087185,0.6229407096576065,107,2
2.2501363680995787,0.013197969543147208,0.4700507614213198,2.7427781265268756,0.3032325500606887,0.7673227621221034,8,2
1.6578624910952666,0.3472022955523673,0.4648493543758967,4.370918791271265,0.6278860848715739,0.6142935978710644,326,18
3.1435682608542637,0.0,0.3786692759295499,3.0736842105263156,0.36719814871967554,0.7314228745383092,3,0
3.965872600451354,0.11122047244094488,0.36811023622047245,3.9762050953162666,0.619460865523559,0.6174894505256895,3,13
12.118963346104183,0.06470588235294118,0.3588235294117647,4.769307185694838,1.0208365634037688,0.49484456987242126,152,13
1.5046020379498561,0.0,0.4396014943960149,2.563788745510177,0.27389517416591885,0.7849939463462908,227,0
5.141588962124193,0.38229571984435795,0.259727626459144,7.657540253980301,1.2456497446658712,0.4453054187881776,2,247
2.3640844952040787,0.6833144154370034,0.28717366628830876,6.9641803723542335,0.9676581815741688,0.5082183528441808,147,446
8.753400141278755,0.19155206286836934,0.4960707269155206,7.2700093100702485,0.7073954417070423,0.5856874017422741,5,57
4.538869272326833,0.009188361408882083,0.38284839203675347,4.929454571937569,0.7018360315861139,0.5876006744715578,223,3
1.627079369262314,0.0,0.44596273291925465,1.8714112535107978,0.2720778079741762,0.7861154354956725,224,0
5.4080371273933805,0.0,0.39902439024390246,2.517705363277805,0.3969899425114938,0.7158247669286799,5,0
5.802006181245549,0.6135416666666667,0.2989583333333333,9.269651803803928,1.344240068056552,0.426577471149971,45,215
1.268867678556308,0.0,0.46441947565543074,2.2528701301125644,0.2531326455674279,0.7980001187720973,281,0
21.268963095049262,0.23717948717948717,0.44551282051282054,3.6495477137712804,0.9129911617402042,0.522741568283213,409,39
4.6844638165146,0.3719958202716823,0.33124346917450365,15.985969025821774,1.2331741209686173,0.44779311680643147,21,148
2.429832980290924,0.5938303341902313,0.34832904884318766,11.290839897000907,1.0305781208656826,0.4924705874274252,217,144
4.150252423453694,0.0,0.410958904109589,2.217164198782718,0.3339164735099708,0.74967212704756,669,0
2.5175588298310614,0.01740139211136891,0.3375870069605568,7.87721637923196,0.7637074132399494,0.5669874677019071,163,3
6.978722989431944,0.014792899408284023,0.19822485207100593,9.884247202333222,1.3500428514191178,0.42552415561109075,357,4
0.0,1.0,0.0,0.0,0.0,1.0,730,293
3.358934326197478,0.033,0.29,7.125292524668282,0.7408504234106865,0.5744318906163075,13,32
0.7753968624934223,0.0,0.39100684261974583,4.355504392179087,0.32581573578032164,0.7542526257703831,5,0
0.0,1.0,0.0,0.0,0.0,1.0,265,719
2.607239776676323,0.0,0.3848684210526316,2.957552276223577,0.46403031011990203,0.6830459677560238,730,0
5.811507021881174,0.0726950354609929,0.44858156028368795,4.591077547151654,0.5398724740029587,0.6494044259395462,323,39
2.444376174217426,0.0022346368715083797,0.5005586592178771,2.182801793137961,0.29056506497714174,0.7748543852128151,136,1
6.734186500481523,0.11805555555555555,0.4375,4.446920832192202,0.8061608759482075,0.5536605367309902,730,22
11.241757486353597,0.08924949290060852,0.39553752535496955,5.109193377332527,0.6123979835051835,0.6201942759976077,10,50
0.3981148409701543,0.8519961051606622,0.0798442064264849,107.20547945205477,0.3769477736789516,0.7262439571895917,6,150
4.709671723417543,0.05934718100890208,0.466864490603363,4.38946744815594,0.5734606413027409,0.6355417947868424,6,32
1.2884634641159871,0.009574468085106383,0.4734042553191489,2.4129528405422,0.2575179093910788,0.7952173026976805,11,2
6.882291856709456,0.0,0.3881578947368421,4.216726972552796,0.5312554369173299,0.6530589057127955,730,0
4.2931778699561125,0.0,0.5268456375838926,2.5477064722968157,0.5142894491352935,0.6603757297331967,730,0
4.344532230760165,0.9334657398212513,0.05759682224428997,42.88033830935659,2.3116296042309896,0.301966137373088,26,249
0.029166555072885875,0.7504990019960079,0.249500998003992,35.66990291262136,0.028899194263679973,0.9719125115222182,4,38
0.8603892037848359,0.9444444444444444,0.05555555555555555,56.7887323943662,0.7395391205190621,0.5748649100237593,730,152
28.611443775843888,0.8076923076923077,0.11439842209072978,556.0386433759818,10.865227303394802,0.08427988562122923,6,237
1.3187679496151437,0.5219941348973607,0.386119257086999,6.261729363872677,0.66053005579392,0.6022173441009399,2,375
6.851696418226558,0.0,0.3157894736842105,3.6333077325497274,0.5344043347104591,0.6517187011132233,730,0
6.551534416710748,0.05503512880562061,0.4063231850117096,3.0537105842896124,0.5971425147466688,0.6261182022060288,158,27
2.0628094200109794,0.016241299303944315,0.3665893271461717,8.006111211956194,0.624953156868828,0.6154023553066174,597,1
10.480236629002642,0.005302226935312832,0.48038176033934255,5.301306611379866,0.837850293853545,0.5441139593058106,77,2
0.6863374477559232,0.0,0.45394736842105265,1.9281480184008923,0.15024272833293775,0.8693817186302177,730,0
6.068270861496191,0.0,0.3132118451025057,3.9873654966611585,0.5539806163303016,0.6435086702442162,148,0
0.32695492333998244,0.7391304347826086,0.1939799331103679,23.050868878357026,0.2956586181117639,0.7718082417862169,730,37
3.403936140932795,0.04995004995004995,0.5494505494505495,3.5119461510374497,0.5108310373578155,0.6618873820257416,13,50
3.279724832973692,0.0,0.3881578947368421,3.5290676416819013,0.3832691432397949,0.722925111781118,730,0
0.48640640015579223,0.0,0.48344370860927155,1.9352166608056889,0.18049140251032025,0.8471048563958159,730,0
3.9863200249092694,0.1648675171736997,0.5672227674190383,2.4114810216414013,0.5045767872501897,0.6646387266333083,4,50
6.497401752099303,0.0,0.4967105263157895,1.8565444235638835,0.3794912347116247,0.7249049322223818,730,0
2.2618343925140345,0.009765625,0.4208984375,3.649467031412131,0.2966097064193472,0.7712421055072541,2,2
0.2417230392453288,0.39908256880733944,0.22362385321100917,20.266859344894026,0.22070540524158855,0.819198469758632,148,11
0.8403357775316664,0.0,0.4057017543859649,2.74238158330573,0.2694596046315537,0.7877367632270889,106,0
0.4358743495683035,0.9734848484848485,0.026515151515151516,77.45521927115504,0.4106885623542315,0.7088736852953194,730,113
1.5260288440648933,0.0039100684261974585,0.43499511241446726,2.9966940227673358,0.2753733831255212,0.7840841068435414,4,1
2.569667802207544,0.0,0.4418052256532066,2.77517258894969,0.27840029664564425,0.7822276032193278,175,0
12.531583320741166,0.0631163708086785,0.3145956607495069,3.872770144511457,0.5088658080759025,0.6627494603215872,3,1
3.1248993409609316,0.002967359050445104,0.410484668644906,3.003033224018524,0.36538427765779924,0.7323945473544013,8,2
1.0181787710993175,0.9596690796277145,0.03516028955532575,102.8050123712986,0.9013896233171045,0.525931133596612,57,316
4.805190363573734,0.0,0.3400236127508855,3.042610514152217,0.339355543877958,0.7466277379228289,133,0
1.2165363573603991,0.019821605550049554,0.39742319127849357,5.78336369911845,0.442123509576148,0.6934218833266981,9,12
7.972813542145591,0.0,0.3824390243902439,3.187770872232259,0.48449452496358236,0.6736299684396155,2,0
0.26423501597926047,0.9620622568093385,0.033073929961089495,59.26000964785335,0.2539913567844331,0.7974536623316651,3,329
3.3778817396788927,0.0,0.36097560975609755,3.0211111844095124,0.3821921954062768,0.7234883855685956,2,0
1.720904459480626,0.0,0.46868884540117417,1.8003703573020111,0.2027611441444673,0.8314202739824185,2,0
2.6449476095989963,0.0,0.33688286544046464,6.55105652826786,0.7351049913273989,0.5763339999586854,1,0
2.1323607763211094,0.0010193679918450561,0.41590214067278286,3.224097022402535,0.27244636586446336,0.7858877409898757,45,1
1.7711028135901938,0.09210526315789473,0.4407894736842105,3.3025554484088713,0.5563980399836918,0.6425091617376223,730,11
3.5732421458996826,0.0,0.3557951482479784,2.752604445532286,0.3642508720077985,0.7330030132421888,661,0
0.9429760026748385,0.03536067892503536,0.44554455445544555,4.791690435444001,0.46192926700047865,0.6840276219736372,241,14
9.004166584186951,0.0,0.4557823129251701,4.239368345369079,0.6179758643475587,0.618056191093583,4,0
88.39172888971463,0.1342281879194631,0.6711409395973155,1.8379517294661418,0.5045992189683965,0.6646288176898253,729,39
3.9662509047528896,0.05627198124267292,0.2954279015240328,4.533954544109628,0.6058088145217069,0.622739139900569,158,34
6.752227771707233,0.0,0.4342105263157895,2.112427402636451,0.30992695906735496,0.7634013431649521,730,0
0.3797491824553581,0.7509727626459144,0.23249027237354086,15.07632464255677,0.32044766184340373,0.757318922132783,2,273
1.0442090828688222,0.0,0.37414299706170423,5.393304364726789,0.4331004832587492,0.697787776699429,4,0
6.376628700811898,0.05319148936170213,0.39893617021276595,7.57032938239744,0.7456430956546901,0.5728547848579308,41,50
1.5541609150613924,0.0,0.3815789473684211,2.647796440142611,0.2655281835841735,0.7901839034258754,730,0
7.657462370732235,0.0,0.3815789473684211,4.974822169840841,0.7319558791521031,0.5773819137295577,730,0
233.2831800147154,0.0,0.6047745358090185,1.793164481550926,0.43335551098645897,0.6976636238080135,598,0
1.4366896472899995,0.7580174927113703,0.14965986394557823,40.75374812593703,1.0343924202780643,0.4915472501924276,2,230
0.38117408975413164,0.9495708154506438,0.011802575107296138,241.32142857142858,0.3691950570032951,0.7303561277738336,92,304
3.833427418753747,0.08717310087173101,0.5056039850560399,3.297256984237594,0.5119967495021414,0.661377083204228,224,54
1.244565185838995,0.0,0.4694736842105263,8.039199521856515,0.3502130971244635,0.74062383347465,71,0
1.5777097233020208,0.0,0.4735099337748344,1.953140264978604,0.23215970942158926,0.8115831027046229,730,0
3.8338472677609463,0.0,0.2761276127612761,4.694674671450561,0.5576714822191053,0.6419838916068298,120,0
3.2718162176107017,0.0,0.3618421052631579,3.45005255750147,0.3901803457427754,0.7193311307143381,730,0
3.370048957259528,0.01949317738791423,0.15692007797270954,5.907511750795551,0.8415341404236001,0.5430255014278336,3,6
0.03415488494937391,0.9748305905130688,0.02516940948693127,416.9058295964125,0.03408131154690575,0.967041942286025,1,460
7.176020708869994,0.6447368421052632,0.17434210526315788,14.21643701571336,1.8442519427295292,0.35158629408910064,730,82
5.078610245124779,0.0,0.39473684210526316,3.0271929633580803,0.3880621530126915,0.7204288351422666,730,0
9.249095816957333,0.0,0.45394736842105265,3.0184613931580575,0.4093646407088333,0.7095395833806748,730,0
4.532905581957373,0.16423712342079688,0.34207968901846453,6.388387923239224,0.8033080241652608,0.554536433376596,2,64
0.7284582788924021,0.7620452310717798,0.19567354965585054,35.952395448837464,0.5788778390466974,0.6333612235660898,5,216
0.016760208138822445,0.9740932642487047,0.025906735751295335,147.96666666666667,0.016734196434520083,0.9835412278910226,841,64
7.164968107870309,0.09539473684210527,0.18421052631578946,6.183626118660921,0.8387437059257019,0.543849584244563,730,16
1.9616821528722663,0.5885262116716122,0.10089020771513353,19.34576929572707,1.2371409497560109,0.4469991039719973,20,80
1.5914453191779105,0.0,0.45576407506702415,2.8013353792153417,0.24601785593644107,0.8025567171735697,278,0
3.0232550520865544,0.009202453987730062,0.37116564417177916,2.36800941945622,0.2998196505830259,0.7693374996688628,8,3
4.961892188127443,0.05913978494623656,0.5258064516129032,2.6134278900176575,0.4049393923801407,0.7117744761258894,101,10
4.861281945950576,0.0,0.3881578947368421,3.2172574176315343,0.36476202867808505,0.7327284749917938,730,0
0.8937076834903085,0.009737098344693282,0.42453748782862705,3.9395817761626155,0.27357800465717624,0.785189439785576,4,7
0.8916781609294172,0.8453947368421053,0.12828947368421054,43.35369458128079,0.7037127749806408,0.5869533965379599,730,208
1.5377715697352836,0.7138157894736842,0.19407894736842105,11.053532994458946,0.8949261197992346,0.5277250598592989,730,32
3.483487257136042,0.10033444816053512,0.49498327759197325,2.947951966560791,0.5226576860347029,0.6567464303839655,730,10
2.1913403472708186,0.00897308075772682,0.27018943170488535,6.113514193678276,0.7351375905788451,0.5763231719660907,11,2
2.329753370424114,0.8526422764227642,0.1443089430894309,15.99563482590458,1.230074377443313,0.4484155372191927,23,221
5.12403726263196,0.019969278033794162,0.49615975422427033,3.5768049378974305,0.5753144993253697,0.6347938779388187,223,5
6.493033971044992,0.0,0.3035019455252918,6.709741175353671,0.6482181991271666,0.6067157858890053,4,0
1.2375993229298063,0.0014771048744460858,0.45937961595273263,5.244952439203094,0.3729484243195088,0.728359479705614,320,1
1.207209544690684,0.0,0.39537444933920707,3.487017777001954,0.40841698675398064,0.7100169973842256,71,0
1.609994038716063,0.13294232649071358,0.22580645161290322,27.00764886378796,0.9702015784582632,0.5075622773495733,4,8
5.146769115266797,0.0,0.5,3.9901898446725412,0.4620134565988408,0.6839882324519454,730,0
7.564943075097341,0.10460251046025104,0.5209205020920502,3.3581895587459294,0.5709111561440159,0.6365732371871471,303,50
5.092585522098945,0.14774951076320939,0.4637964774951076,8.094392722480142,1.028878372729112,0.49288316808013805,4,50
4.69897791882013,0.061452513966480445,0.30614525139664805,3.961918506478519,0.8392857260146395,0.5436893169213018,136,11
10.72271430706515,0.0187192118226601,0.43054187192118226,4.246260428310788,0.7692906616616287,0.5651982580752731,7,5
1.2329076014822806,0.003980099502487562,0.4338308457711443,3.1683733930687574,0.24757378617777365,0.801555796602402,5,2
0.0,1.0,0.0,0.0,0.0,1.0,12,693
3.3689699956573893,0.0,0.34539473684210525,2.4899478778853315,0.23858282499396566,0.8073743473754951,730,0
1.6828438195273245,0.0,0.4052443384982122,2.771497793631131,0.2905646558850311,0.7748546308315174,188,0
0.08708644526429546,0.9960159362549801,0.00398406374501992,562.4373464373463,0.08673484087945543,0.9201876689540347,10,297
1.3538021549662285,0.7720994475138122,0.212707182320442,11.560146236180241,0.8320058063218762,0.545849798373567,307,96
10.209571073130723,0.006578947368421052,0.45394736842105265,1.9041681842437383,0.31836576162920666,0.7585148439870151,730,1
6.32028804513866,0.42052565707133915,0.5644555694618273,5.892703837932206,0.8408514810181958,0.5432268764272545,217,281
2.7096823477371585,0.009027081243731194,0.4262788365095286,2.7751164835723228,0.3342807383967891,0.7494674630479597,7,3
0.29502683972138005,0.0,0.10197368421052631,2.0146021437997854,0.06607982146168376,0.9380160658410335,730,0
1.803583341847747,0.0010298661174047373,0.5520082389289392,3.4096425394763643,0.29537368253055934,0.7719780118169947,7,1
1.3845963185829235,0.0,0.40460526315789475,2.6052053322916158,0.2167085139674249,0.8218895392941855,730,0
7.730066157927234,0.019736842105263157,0.3815789473684211,3.4956837023001635,0.7858464156162961,0.5599585671284615,730,5
22.11671141048735,0.04470359572400389,0.22740524781341107,9.124721230581482,1.7384615651275988,0.3651685357699752,2,3
3.630773091534284,0.0,0.37329700272479566,3.1255873297780465,0.29836001410484464,0.7702024008259765,265,0
1.6920981630312402,0.0,0.38105263157894737,3.5690030175118848,0.362078203561936,0.7341722357680531,35,0
0.0,1.0,0.0,0.0,0.0,1.0,740,244
6.718832067820056,0.0,0.34868421052631576,4.252404742831635,0.5713963858024901,0.6363766704791765,730,0
10.050223794080072,0.0,0.41385767790262173,6.310812494537313,0.907877759044617,0.5241425952262041,253,0
0.4499230038060182,0.6348684210526315,0.34539473684210525,4.008586323213739,0.340384225062911,0.746054736620811,730,88
1.3690882106337952,0.125,0.5145348837209303,4.636235430953016,0.4564438234744792,0.6866038935950232,1,12
2.5477659829174475,0.05054151624548736,0.5090252707581228,2.5018298387121347,0.36797942350601737,0.7310051473121454,477,28
0.9109411429679891,0.007850834151128557,0.521099116781158,3.043653352909183,0.2117506084336212,0.8252523192809927,2,3
0.20860205342828222,0.9624478442280946,0.037552155771905425,27.78508474576271,0.2003805964127387,0.8330691140696846,315,583
4.094586877308753,0.6412825651302605,0.20340681362725452,12.133831500934063,1.3818562629106566,0.419840615729678,7,240
10.005915011093242,0.18008948545861297,0.46420581655480986,3.8004370810952888,0.8660093810548378,0.535902986422667,134,20
1.2352305830865768,0.7442622950819672,0.21311475409836064,20.60734375965877,0.8071326945635022,0.5533627956642894,85,241
3.779312651116522,0.0,0.43952802359882004,2.3202737292683078,0.223072470048665,0.8176130396919251,6,0
0.01869755563577601,0.7547619047619047,0.24523809523809523,7.509578544061302,0.018524877315088933,0.9818120521867644,171,156
0.24306804396479925,0.3980263157894737,0.32894736842105265,18.5028441410694,0.21786969384744362,0.8211059073494483,730,12
2.754036745199991,0.0,0.3717105263157895,2.3606242208504185,0.3637951179257561,0.7332479687425008,730,0
1.2365832259468512,0.19955156950672645,0.5302690582959642,7.204538885264315,0.524536579790758,0.6559370324438195,130,15
0.4184643277110944,0.006622516556291391,0.3675496688741722,8.844459817825436,0.2657978104756457,0.7900155867896725,730,1
5.412794476556527,0.04426559356136821,0.5513078470824949,1.9049581944480867,0.35623292746567076,0.7373364705638384,13,11
3.543254087332242,0.042328042328042326,0.17777777777777778,12.174849502975203,1.1312116299477257,0.46921665870626283,82,15
2.870569581586354,0.0,0.4901315789473684,1.8892317594264563,0.281442004999678,0.7803708604044483,730,0
2.0352248567600295,0.23106796116504855,0.29320388349514565,7.222993506635476,0.7330783765554247,0.5770079492812941,2,36
0.03141090776875485,0.0,0.8357771260997068,1.0377669127918578,0.019782652831607205,0.980601108700293,4,0
0.0,1.0,0.0,0.0,0.0,1.0,1,739
10.86200741938062,0.27647058823529413,0.4470588235294118,4.517467474300784,0.7623224456089847,0.5674330497756567,204,60
4.102389064742438,0.0,0.39144736842105265,5.035193936029305,0.48121680178796233,0.6751206162345106,730,0
0.13303408522380059,0.9874152952565344,0.012584704743465635,308.1977450130096,0.13156559412959515,0.883731358736834,1,743
0.829311443471037,0.0896637608966376,0.3686176836861768,13.504395464390367,0.4653908598015561,0.6824117902137184,224,5
7.1492838312157945,0.0,0.3592814371257485,3.8909000156509745,0.5586793683590158,0.6415687666750887,29,0
0.5782868052016452,0.03165182987141444,0.4846686449060336,3.45832607490696,0.2571124324107759,0.7954737971068275,5,11
8.35611581599435,0.013157894736842105,0.48026315789473684,1.895196779126744,0.46777113374353335,0.6813051278979112,730,4
1.8258402274643277,0.0,0.4782187802516941,1.8390687847472174,0.17354043264926416,0.8521223233378528,1,0
1.1841709325552103,0.001949317738791423,0.4220272904483431,5.166007221385902,0.3246011485124343,0.7549442344384415,3,1
1.291147879005197,0.0,0.4116485686080948,2.746398511227198,0.24925539727258358,0.800476829784553,8,0
4.4342774505166815,0.007407407407407408,0.4105820105820106,4.4291048949845555,0.4614730504850811,0.6842411494814,64,5
6.89901357571889,0.002828854314002829,0.3734087694483734,5.0379414433839,0.4211012027168555,0.7036796521515879,318,2
2.5633527049777243,0.08633093525179857,0.4304556354916067,5.085493027016663,0.6612014363062116,0.6019739558036769,101,5
22.45166794574295,0.28618421052631576,0.5427631578947368,2.647844221476771,0.8232972452453987,0.5484569247322092,730,36
2.2387884362971477,0.0,0.5,2.249422865610855,0.29746920139266453,0.7707312041986276,730,0
10.853882687459603,0.4640250260688217,0.5046923879040668,4.499561588975674,0.9812767497345045,0.5047250466821469,24,194
0.0,1.0,0.0,0.0,0.0,1.0,13,748
0.4903293503310343,0.6314760508308895,0.1906158357771261,11.774695713529722,0.4013626019304891,0.7135911851953377,4,264
4.597338224188129,0.09112426035502959,0.4437869822485207,5.740847130592213,0.6330554011056723,0.6123490968664888,184,42
15.39384345978918,0.0,0.3795379537953795,2.4717010330269997,0.410844184454056,0.7087954935200464,730,0
3.6103965415048735,0.3960591133004926,0.30344827586206896,15.100551240947329,1.1089985079280973,0.47415870435224283,16,97
0.672590097353668,0.002932551319648094,0.46920821114369504,2.2389088504203283,0.17390966317853068,0.8518543047787468,4,3
1.6132465685859598,0.10855263157894737,0.1875,19.94742650747467,0.9743452871818887,0.5064970177670214,730,6
4.076879931821751,0.0,0.4407443682664055,2.9732156608454376,0.3042285382751083,0.7667367878044886,3,0
3.2814779507723273,0.018393030009680542,0.515972894482091,3.7997489615593123,0.49264781151186643,0.669950401084315,1,4
0.9028685678527063,0.0,0.4407894736842105,3.25166890037654,0.2523996915970598,0.7984671400907167,730,0
0.13792686639154342,0.9610136452241715,0.036062378167641324,216.21744966442952,0.1359525073664363,0.8803184935243242,2,188
4.310526902253536,0.0,0.4206060606060606,2.8751035618662866,0.35958723373464596,0.7355173505513899,108,0
4.519288611825129,0.0,0.33819241982507287,2.842866061520833,0.4030930946710796,0.7127110836750467,2,0
5.459809118157329,0.0,0.4100558659217877,2.4173856016329527,0.3064607652756475,0.7654267365534028,136,0
12.968441409450488,0.020792079207920793,0.32772277227722774,8.272269949475826,0.947921679143028,0.5133676629339337,21,13
5.5990533794617185,0.007820136852394917,0.36363636363636365,2.8764758016016208,0.4620530672569422,0.6839697015075987,4,8
0.01513937726031014,0.995995995995996,0.004004004004004004,424.8620689655172,0.01512620428960748,0.9850991884302771,6,192
7.8893662042353,0.0,0.36423841059602646,2.8326362355860146,0.481811867536301,0.6748495014165503,730,0
1.8538630823057285,0.0,0.40932642487046633,2.692601247182777,0.39050846936359385,0.7191613873863557,841,0
2.962382549567892,0.0,0.42105263157894735,2.7780328447819174,0.2979790801090049,0.7704284416633429,730,0
7.938615198474916,0.0,0.22033898305084745,4.725646799281772,0.8652873217895134,0.536110436348553,730,0
6.638222641565191,0.014641288433382138,0.2840409956076135,5.902844380487359,0.8255804245962194,0.5477709919140809,341,3
0.21211140269407205,0.007992007992007992,0.3596403596403596,2.364143853998927,0.13611354195574468,0.8801937157430285,17,3
8.007929188150417,0.018536585365853658,0.3053658536585366,10.37144163486005,1.0850823869662816,0.4795973560809572,2,8
6.458242595933244,0.7010710808179162,0.29698149951314506,8.18335306965606,1.3740372368551388,0.42122338456859637,3,461
4.582699000840693,0.0,0.5363724539282251,2.049759735021489,0.2909105538948418,0.7746470094174012,2,0
9.337647160862723,0.009126466753585397,0.4667535853976532,2.9404302729986767,0.4209831225499902,0.7037381261822974,254,2
4.914487808984766,0.6612149532710281,0.19976635514018692,42.52640550729388,2.0262024682068005,0.330447156297694,175,43
3.8346569159564146,0.0,0.288135593220339,7.759779818110613,0.6758174460272318,0.5967237078063872,730,0
4.370940015785452,0.05737704918032787,0.40866510538641687,3.213871358103745,0.4538249436461754,0.6878407227571788,158,45
1.4052604212179767,0.0,0.3717105263157895,3.109544370051763,0.28192568290575726,0.7800764220069976,730,0
4.560549146391185,0.012720156555772993,0.4197651663405088,3.0947857830716377,0.3659795425972875,0.7320753853301418,2,3
0.0,1.0,0.0,0.0,0.0,1.0,27,196
0.0004327423224079163,0.99812734082397,0.0018726591760299626,534.0,0.00043273421877086063,0.999567452959135,253,197
7.016167365790765,0.10830324909747292,0.44765342960288806,1.9043224248383972,0.5204049645403173,0.6577195045547238,730,28
7.41626548483921,0.11538461538461539,0.46005917159763315,4.441879777395714,0.7927958941300579,0.5577879798108547,357,15
10.11494796060994,0.0,0.40863787375415284,1.9018312545249496,0.32001893417501426,0.757564891010431,730,0
2.420580586543807,0.002926829268292683,0.38439024390243903,3.0046554016160187,0.28427236639451986,0.7786510293041738,2,2
2.664215621878734,0.20833333333333334,0.5181159420289855,4.741740394451124,0.6613543359357918,0.6019185542599674,270,16
7.069088190250615,0.0,0.3782894736842105,3.2419136899818946,0.4147797288660811,0.7068238112242963,730,0
1.9613370547068287,0.0,0.4276315789473684,2.0760340526995043,0.29344137517452834,0.7731312908287525,730,0
1.3315627878741099,0.14802631578947367,0.39144736842105265,5.398376949028905,0.5450464365725877,0.6472297377794827,730,11
4.984780453622942,0.1423841059602649,0.5033112582781457,3.5882019527949782,0.6930509529745451,0.5906496778747775,730,37
6.195447663726917,0.0,0.36527777777777776,6.530194644549365,0.8125591683880744,0.5517061276897842,291,0
6.721933588185603,0.09008097165991903,0.3026315789473684,5.441273539118618,1.1291892960285943,0.46966232728354385,37,11
1.2128975455103241,0.0,0.3941747572815534,3.275998891520129,0.29705826434677135,0.7709753890690664,2,0
4.213665780374174,0.0,0.34744094488188976,4.605400222285179,0.6132207899176747,0.61987795238557,7,0
0.5509323350277359,0.013605442176870748,0.49076773566569487,1.898676018178057,0.14081136525490193,0.8765691072656528,2,2
5.58475835283317,0.01787487586891758,0.37934458788480635,3.4139048915026713,0.4090160200690052,0.7097151386192373,15,18
472.8552046949588,0.05336179295624333,0.0021344717182497333,456.6325741209976,20.161409780035335,0.04725583079740967,38,50
1.9030632244128625,0.0,0.4268774703557312,2.1863684005014488,0.3926625746435712,0.7180490222162632,781,0
1.5863646660022848,0.05015045135406219,0.35907723169508526,7.628718815794434,0.5541501806182235,0.6434384607555824,13,14
0.17856056464144796,0.0011350737797956867,0.5448354143019296,1.6659421208074627,0.08249482542574486,0.9237919447852329,147,1
1.3895341289790106,0.17549668874172186,0.5132450331125827,3.128465976056076,0.4431998087867657,0.6929047481240008,730,25
4.450072403457464,0.006012024048096192,0.32965931863727455,4.076521518193143,0.5097664828223679,0.6623540867926762,15,1
3.101878927216804,0.0049800796812749,0.4113545816733068,4.185873183453613,0.7163280735964391,0.5826391908305583,20,2
34.31375432893658,0.0,0.19052319842053306,178.5034473987295,4.8082679609157815,0.1721683652904904,8,0
4.922012479139723,0.0,0.4205607476635514,4.038446816003431,0.6928672629855553,0.5907137682114494,820,0
6.642170276366267,0.1813773035887488,0.27158098933074687,6.766605799265454,1.0786803256376825,0.48107445270269117,2,25
2.7553729087295515,0.10939012584704744,0.24104549854791868,7.254221987748762,1.0391939300526214,0.4903898473129502,1,17
0.2986304485877034,0.0,0.5328947368421053,2.198356771394282,0.14433702143291702,0.873868433224173,730,0
1.3679031778019533,0.5789473684210527,0.34210526315789475,3.7239407330387313,0.6797478848760852,0.5953274351488586,989,11
0.10358608369602587,0.0,0.4887459807073955,1.967547899627948,0.05229200170349564,0.9503065673607297,409,0
1.7174616926150743,0.0,0.4665871121718377,3.473623284846343,0.386546620724955,0.7212162829960601,175,0
6.325082794121568,0.0011173184357541898,0.4793296089385475,2.613561674443486,0.43023065166270735,0.6991879238760931,134,1
1.3813503529372708,0.002607561929595828,0.44589308996088656,2.8110146527143955,0.21159571588399967,0.8253578210041655,161,1
1.9702873711158315,0.0,0.5328947368421053,1.7957127649952345,0.34397909642805785,0.744059191588423,730,0
13.716168651427616,0.0,0.4147058823529412,2.6258136602667266,0.46194737565851324,0.684019149149992,443,0
1.3447163760324237,0.12171052631578948,0.5328947368421053,2.948237386533331,0.4542203561304646,0.6876536941491456,730,23
4.618509379394047,0.0,0.4328767123287671,2.2914143490483223,0.3465104314492085,0.7426604181029108,669,0
50.9512521096251,0.007782101167315175,0.42412451361867703,105.4164464843809,3.094902786629493,0.2442060415366046,2,8
2.1981850471810773,0.0,0.3579175704989154,2.515768535691265,0.3389435664785173,0.7468574666145531,421,0
17.52511115607933,0.547244094488189,0.2549212598425197,8.690773141917152,1.611869183413443,0.38286756716241943,6,203
6.326310785509377,0.1451990632318501,0.3231850117096019,5.76806400343909,0.9490872027574943,0.5130606771134909,158,39
5.617847060658886,0.0078125,0.341796875,4.685220365404637,0.597994312872177,0.6257844548912295,3,2
3.431374706570086,0.6052631578947368,0.2565789473684211,8.279864082114122,1.1962727907399238,0.45531684598391814,730,24
2.0291195312651675,0.5138888888888888,0.22569444444444445,22.815410799938114,1.1364853025629238,0.4680584503906495,229,17
12.806907973825036,0.13381123058542413,0.25567502986857826,10.287860771167368,1.4138717752884697,0.4142722120691332,160,9
13.642894143232992,0.0,0.42828882294757664,2.6340749976023785,0.49414731447338067,0.6692780493016212,13,0
5.600077566566499,0.40749414519906324,0.3618266978922717,5.811205681971706,1.067297991222272,0.483723200160785,161,173
3.813130847785147,0.0,0.2485345838218054,5.039278004448209,0.5975080164010151,0.6259749495673107,175,0
1.3152980693561298,0.0009689922480620155,0.37790697674418605,4.30010728810599,0.3537138752206565,0.7387085397473666,1,1
0.6862622873186475,0.9400826446280992,0.049586776859504134,36.73246065597883,0.6017336311567698,0.6243235332942353,11,160
7.904633764091509,0.0,0.40131578947368424,3.299179996672451,0.532664346038574,0.6524585781516131,730,0
1.9903393195714663,0.015701668302257114,0.5436702649656526,4.201054650047938,0.4546516995770638,0.6874497862895615,4,2
0.5624319540800445,0.8157894736842105,0.125,51.4909090909091,0.49444567391652267,0.6691444309108143,730,70
0.6089942907064386,0.014778325123152709,0.5073891625615764,3.027823691460055,0.27045688254956696,0.7871184089248183,6,3
1.1847040312802037,0.8608949416342413,0.11867704280155641,14.868938432433726,0.8424765972067111,0.5427477350410047,2,160
6.179010782992701,0.0,0.3651315789473684,4.720448776974018,0.5784895731988695,0.6335170133391896,730,0
4.584092128490225,0.01937984496124031,0.38275193798449614,3.5506815737315636,0.648196322554034,0.6067238388509486,1,10
2.1155815938765743,0.0029069767441860465,0.42005813953488375,3.668267691322447,0.43142117642142735,0.6986064035324766,320,1
5.7006372076841245,0.11284046692607004,0.4795719844357977,4.250903232611092,0.5477477936351186,0.6461000972589659,2,23
3.77119934137509,0.33728981206726016,0.39465875370919884,6.191514846660485,0.9095465090903101,0.5236845477392381,6,102
1.8669106240464055,0.2921719955898567,0.4884233737596472,4.197421194293435,0.6075796163570403,0.6220531722504137,124,8
7.065953314156587,0.0,0.283495145631068,3.6984142778142406,0.6338546626448381,0.6120495432447022,3,0
3.5134172580439844,0.04875621890547264,0.454726368159204,3.3906344842103433,0.4446596335583134,0.692204569692945,13,30
4.387579519850755,0.0,0.4007537688442211,3.5784508806839117,0.46912054139745685,0.6806793396604338,143,0
12.834989195506951,0.05027932960893855,0.5949720670391061,2.0509662080129503,0.4319611381011349,0.698342974115945,676,8
1.3103991440987706,0.119533527696793,0.48882410106899904,5.683519222241556,0.4797674172763269,0.675781875127788,2,24
0.4137428209236027,0.002982107355864811,0.5198807157057654,2.7028576569012572,0.15568844670711793,0.8652851059031366,9,2
1.6254658764182075,0.0,0.4787234042553192,3.1647097015857164,0.28350564507778653,0.7791161681563116,175,0
102.89696473533384,0.5376782077393075,0.32077393075356414,6.370976983222117,1.4415040254347964,0.40958359666104355,45,485
4.192756145290302,0.0,0.39397741530740277,2.0032147060689143,0.275077185617698,0.7842662477844902,133,0
7.065540665254702,0.0136986301369863,0.26301369863013696,4.1152599029246835,0.9017305575995433,0.5258368468676491,669,1
0.2183367576143593,0.006578947368421052,0.47039473684210525,7.2236958443854995,0.16825789473424566,0.8559753839519134,730,1
0.13624591358854718,0.9754901960784313,0.024509803921568627,415.78947368421046,0.13496375788860543,0.8810854029914743,6,155
0.03269023004321335,0.9387755102040817,0.061224489795918366,59.436823104693154,0.03251517265109762,0.9685087701252744,3,126
16.176957884048605,0.004,0.056,29.563505313202118,2.8671314757955844,0.2585896047907888,23,1
8.85912338257532,0.0,0.36628643852978454,2.672516983050683,0.4608720593286371,0.6845226408530006,242,0
2.7463943427598956,0.09832402234636871,0.5966480446927375,2.7870332886992806,0.3868337585270406,0.7210669583513041,133,57
1.536549862676296,0.5533333333333333,0.14666666666666667,15.28167494064321,0.9498165309546048,0.5128687669451715,730,126
10.698247151976059,0.003976143141153081,0.4383697813121272,3.209355358088839,0.4474168001430044,0.6908859976623184,4,2
7.1480350602213605,0.0,0.35304990757855825,3.7799353551464843,0.5217058152066683,0.6571572441971555,322,0
3.682151118675572,0.7940298507462686,0.1925373134328358,13.723824978379794,1.4519437885933586,0.40783969218710525,357,221
5.583155109355988,0.0668229777256741,0.34583821805392734,5.000526334894189,0.6888317690584106,0.5921252893990375,156,29
2.9318115532458644,0.0,0.4309677419354839,4.702474339829499,0.45377372639728575,0.6878649557645954,220,0
0.014187709922385524,0.9832985386221295,0.016701461377870562,421.0989010989011,0.01417424586837694,0.9860238554408958,50,195
6.041234916297962,0.019801980198019802,0.27524752475247527,7.3818467809111,1.0244332326180372,0.493965414066425,11,7
4.208996232682786,0.0,0.45723684210526316,1.776498401224526,0.19555334276847802,0.8364327748725576,730,0
3.4732923788197416,0.0,0.4436893203883495,2.381054877350555,0.28292170069651773,0.7794707965864829,2,0
8.490267828102027,0.0,0.3026315789473684,4.156139703945636,0.659982924013178,0.6024158354487154,730,0
3.283666011702243,0.6752941176470588,0.3235294117647059,8.075917054436605,1.0746759395599466,0.4820029870361861,155,285
0.0,1.0,0.0,0.0,0.0,1.0,82,636
6.818082677499014,0.0,0.3848684210526316,3.6383246145338024,0.5076171165093224,0.6632983859425534,730,0
1.9441248738834966,0.0,0.27,5.192521830862099,0.7183700527966216,0.5819468270949643,934,0
3.342721080189151,0.019461077844311378,0.39221556886227543,6.072876310816449,0.6343158491252994,0.6118768293994145,270,7
0.04129803996992222,0.9302915082382763,0.0697084917617237,126.31322505800463,0.0410736704898068,0.9605468165663221,242,69
5.085041999534383,0.0636182902584493,0.5218687872763419,3.1726266142819535,0.5190339858553487,0.6583131182788597,26,13
5.713761676618322,0.07774538386783285,0.2983479105928086,5.789048215215305,0.734738808294344,0.5764556573120279,2,42
1.1535738085339473,0.0,0.4240940254652302,2.4766160573348706,0.18738318108047877,0.8421881124255387,5,0
31.674358647016046,0.0,0.4144736842105263,1.8433526681141088,0.42814092621799915,0.7002110097413136,730,0
0.2926332197772575,0.9787685774946921,0.018046709129511677,248.40700808625346,0.28587776432723183,0.7776788958810541,75,177
10.027584722304939,0.0,0.5128491620111731,3.3076613877184555,0.5190777577412029,0.6582941491335854,136,0
0.8014920682783357,0.014358974358974359,0.4748717948717949,2.9344225451205337,0.2586108555240945,0.7945267559158251,20,3
0.31861657933977544,0.0019550342130987292,0.7018572825024438,1.1091505091365603,0.07802649536180514,0.9276209854790091,6,1
1.2402652114003,0.06157635467980296,0.3977832512315271,11.602253521126762,0.5468885971528883,0.6464589640395183,217,26
4.700734936064914,0.00984251968503937,0.4498031496062992,2.320190479042813,0.3323137460194237,0.7505739567633501,4,3
6.364981669553593,0.0029182879377431907,0.39202334630350194,3.8403165648708644,0.5104068273922463,0.6620732784467904,1,1
2.0910520503772356,0.0,0.5249266862170088,3.105604506020699,0.32283298610447847,0.7559533293351207,3,0
7.1142773495792895,0.0,0.314878892733564,4.182164006431625,0.6139444094826971,0.6196000271908503,436,0
3.578455760564828,0.0,0.375,2.817732639042944,0.39085340308762984,0.7189830342867527,730,0
4.4204642774193195,0.37645536869340235,0.18499353169469598,13.875039931528729,1.4049722199610761,0.41580521874642895,257,205
4.961485485614187,0.0022753128555176336,0.5119453924914675,5.483069194977853,0.5428557592762085,0.6481487293855159,153,2
2.2793084016590295,0.04838709677419355,0.4470046082949309,5.393909954466949,0.400156890683157,0.7142056769881591,29,12
5.08054588665545,0.02035928143712575,0.37604790419161677,13.533024883500252,1.0237054394904708,0.49414306078644543,186,9
3.982961944759736,0.44277456647398844,0.3861271676300578,7.54106386145206,1.0078757766100424,0.4980387789170555,129,183
1.1612776058536622,0.14560439560439561,0.42857142857142855,9.961595974460613,0.538265205499399,0.6500829612637238,265,32
5.700615121771131,0.02330097087378641,0.5495145631067961,2.445743864561682,0.4416890828906461,0.6936308333520559,3,9
2.7527033590524868,0.8984924623115578,0.07537688442211055,40.774711207290686,1.6587772636885285,0.37611273936226514,26,444
21.22792986402551,0.0009746588693957114,0.4600389863547758,2.0860905777624636,0.3951189254234435,0.7167847713745853,3,1
8.805090756882008,0.0,0.4144736842105263,2.9963989773530857,0.45999339933875183,0.6849346034392428,730,0
1.3884331812268196,0.001968503937007874,0.45866141732283466,5.300652585783454,0.3648668232699935,0.7326722160365556,9,1
1.5081860411165202,0.0,0.35526315789473684,3.162531323897929,0.3189885039513972,0.7581567216122216,730,0
5.038698667177677,0.0,0.2219178082191781,5.80796698074782,1.0005685353846687,0.49985790654641105,669,0
2.628979393879705,0.0,0.4462729912875121,2.937833513322901,0.21943122625009476,0.8200544470844219,1,0
13.623465718764749,0.08165680473372781,0.5739644970414202,3.6369005841638677,0.5943981851974581,0.6271958970375741,184,6
1.1410618349263921,0.0,0.41118421052631576,3.250154551074585,0.30725599246890817,0.7649611137841343,730,0
5.7676827277083715,0.03536067892503536,0.43422913719943423,4.030940567134956,0.6101997992547595,0.6210409419146773,241,9
2.79315953965705,0.04639684106614018,0.5923000987166831,4.270603613148228,0.6088876819575403,0.6215474275887897,13,9
7.70552083803325,0.8165503489531406,0.17547357926221335,8.417643245399692,1.751727081431672,0.3634081325680448,7,266
8.394304835350344,0.059602649006622516,0.3841059602649007,3.4454645176570318,0.7220557746333737,0.5807012843198418,730,8
1.7214582997264114,0.0,0.4269005847953216,2.870813025244102,0.24524990148427428,0.8030516595970425,2,0
1.534585569354496,0.4467005076142132,0.4649746192893401,5.6677981514726286,0.6686543834691426,0.5992852743544136,43,148
2.164342699237156,0.0,0.23355263157894737,5.563172755394088,0.4903892648695288,0.6709656487545499,730,0
7.225804344235784,0.0,0.31906614785992216,5.22836927352987,0.5486504227230352,0.6457235185728178,224,0
17.895242908747125,0.0032102728731942215,0.5104333868378812,2.2277207650258184,0.4971534773985562,0.6679341931847851,408,2
0.3670883921385698,0.26719056974459726,0.25638506876227896,18.969704255830727,0.3155256705706576,0.7601524032337683,4,7
2.6731001653267517,0.0,0.44062806673209026,2.4909042561294994,0.33059273278887197,0.7515447629899781,4,0
3.387698096142647,0.13712374581939799,0.21070234113712374,5.747996282959693,1.0255150556297852,0.49370158825557287,730,12
1.0700422353651777,0.012048192771084338,0.3253012048192771,11.217125885009096,0.5351911126690883,0.651384698457117,106,9
2.871170715164425,0.0,0.34849951597289447,5.475896780257569,0.5942809123171076,0.6272420326143231,1,0
38.073880018053664,0.6093189964157706,0.16009557945041816,11.40736496352581,2.274090985162167,0.3054282866700693,192,203
2.429518379829675,0.02208835341365462,0.40562248995983935,5.740115140800837,0.5680509096161951,0.6377343961649596,16,7
3.1194244274196827,0.0,0.3839080459770115,5.224839249785433,0.5285738982808293,0.6542045504798225,130,0
27.216097164037865,0.28972868217054265,0.3808139534883721,6.1775398350993695,1.2178148660884247,0.4508942632185106,1,61
4.530526561151411,0.0,0.38488372093023254,3.9701818489343017,0.43774482150812327,0.6955337171383789,170,0
6.644195743855513,0.0968054211035818,0.4085188770571152,7.642563181736641,1.0130903637175497,0.49674868948918527,1,49
4.659506175402305,0.020689655172413793,0.3103448275862069,4.063495778828711,0.8756162217633424,0.533158110063614,597,3
5.570557269737461,0.0029154518950437317,0.3819241982507289,3.9572875802061374,0.5608195949256963,0.6406890349474409,1,1
5.306284868968862,0.0,0.35855263157894735,5.638898199814659,0.6915267418448027,0.5911819040527767,730,0
0.012192404726835901,0.9900990099009901,0.009900990099009901,254.51999999999998,0.012182353280235049,0.9879642702317868,730,114
4.788371980155399,0.0039100684261974585,0.4027370478983382,2.3306121645432136,0.25368680807545047,0.7976473817532721,2,2
4.482558509262194,0.004651162790697674,0.6558139534883721,1.493048069353844,0.22925579104038035,0.8135003367799067,819,1
2.660589865330178,0.0,0.4271523178807947,2.9335974593020344,0.32101788648274393,0.7569920212530465,730,0
3.8555607279439257,0.666321243523316,0.31917098445595854,9.074329891413509,1.092842801345821,0.47781897396065354,48,370
22.891196879474,0.040755467196819085,0.378727634194831,3.4022736258102633,0.6086809808009099,0.6216272908890441,17,40
3.8110337562671233,0.00101010101010101,0.46565656565656566,2.450055026659399,0.2790563973631077,0.7818263542261247,41,1
1.1204671990927888,0.012358393408856848,0.45829042224510813,3.3823877835380123,0.24089506425922927,0.8058699150334399,29,3
1.513893138624509,0.012725344644750796,0.5058324496288441,1.8844819450997803,0.2537159382244008,0.7976288483787397,82,5
3.237442442899299,0.011846001974333662,0.33267522211253703,3.814534645859947,0.5650697469669645,0.6389491598939635,10,4
0.6884938281843875,0.9174917491749175,0.07590759075907591,31.880209519471652,0.6013479863361374,0.6244738860839277,730,52
208.7705914693531,0.09801324503311258,0.5841059602649007,2.354989180848088,0.6983154607875289,0.5888187578156346,139,66
0.6268444689274778,0.027184466019417475,0.4825242718446602,3.3202512341262094,0.2675082152145171,0.7889495215861435,2,11
0.0,1.0,0.0,0.0,0.0,1.0,2,373
74.50644619171041,0.14313725490196078,0.33431372549019606,8.269568675273721,1.3193506265556387,0.4311551641008476,5,83
1.4134332427043603,0.0,0.5056179775280899,1.2881444429360596,0.09210303892236718,0.9156645154899946,732,0
1.1553574200964243,0.8427734375,0.1572265625,13.053855127797222,0.7911237407995845,0.5583087182762622,6,589
9.848295957750867,0.0,0.20723684210526316,8.597939959503478,1.2159328291072913,0.4512772169194583,730,0
2.2944404530831473,0.000970873786407767,0.3640776699029126,4.6221857729636096,0.4400152799025193,0.694437075742484,1,1
45.49557204336889,0.14124293785310735,0.5677966101694916,2.30638422079642,0.573056313265429,0.6357051502651866,680,50
5.969659792341909,0.0,0.35526315789473684,2.9156768199459013,0.5133535240109134,0.6607841354541218,730,0
8.860830954796779,0.03656821378340366,0.44022503516174405,4.14155305873966,0.6163359814885967,0.6186832511635546,235,16
8.376996983466332,0.0,0.3881578947368421,1.8669620750545608,0.2909304221682476,0.7746350870873423,730,0
3.2813225599968354,0.8086124401913876,0.12440191387559808,27.443180515394317,1.6922485457748189,0.37143673141522815,155,121
2.520560550753137,0.07961165048543689,0.4970873786407767,3.9288656848085703,0.5601571973503809,0.6409610529620365,3,58
2.8887369478770264,0.006578947368421052,0.506578947368421,2.3634648543587087,0.33995270732943483,0.7462949957338639,730,2
2.361571640809671,0.0,0.4858757062146893,1.876513409089184,0.19413919117141767,0.8374233149646714,318,0
0.13070775781184654,0.9393305439330544,0.05230125523012552,103.5189620758483,0.12802407326351922,0.8865059032888111,62,175
3.462069457398506,0.0,0.32432432432432434,2.5821400136159602,0.35387136921290435,0.7386226068000586,730,0
0.4973438213400532,0.7485029940119761,0.09880239520958084,14.013086989992305,0.4303887354326298,0.6991106509920494,443,32
11.7283876915213,0.8092933204259438,0.08809293320425944,21.46841452413171,2.6451736791715432,0.27433535079932736,1,172
4.610319063869594,0.0,0.3684210526315789,3.089214886687968,0.3530625552453988,0.7390641298314804,7,0
0.1969496733401717,0.9960707269155207,0.003929273084479371,638.0092165898618,0.19528457499931312,0.8366208524029307,2,473
7.310281272445059,0.003883495145631068,0.43106796116504853,2.1527904525186696,0.39400110884224404,0.7173595441617169,2,2
38.94384548590774,0.035919540229885055,0.45689655172413796,2.636073244162178,0.6684123562882319,0.5993722092928697,321,9
3.23336036028973,0.004464285714285714,0.3125,5.05396727329973,0.5380033927294625,0.6501936242320772,346,2
4.143523199099587,0.0,0.4407894736842105,2.208480822543188,0.3786291571309161,0.7253582261970388,730,0
9.004646018715428,0.04926108374384237,0.46995073891625616,2.8908348816189213,0.4539687094070885,0.6877727103273001,16,50
2.2105659575704846,0.0019821605550049554,0.48166501486620417,2.7201450436250574,0.394553989865529,0.7170751417780719,4,1
2.978028335595795,0.27450980392156865,0.3362745098039216,7.384802153526752,0.9223037341376631,0.5202091543814201,3,59
1.613893466578542,0.012706480304955527,0.4193138500635324,2.919969648810448,0.21867872742377398,0.820560806960133,237,10
3.429923190917495,0.022637795275590553,0.3809055118110236,3.579490285555207,0.5503208089894802,0.6450277866371499,4,4
7.5007358378389215,0.0,0.34210526315789475,2.4488445257634224,0.4325084918320879,0.6980761410503495,730,0
2.518474784282349,0.0015384615384615385,0.4230769230769231,2.641213501033504,0.3075106998477533,0.7648120968466569,375,1
3.9967553628883303,0.000968054211035818,0.4036786060019361,3.2290232670497114,0.2925181725206208,0.7736835127430645,1,1
4.674613053381518,0.0,0.4375,2.2393592092369308,0.2983279839420218,0.7702214019632931,730,0
10.56391775661786,0.0,0.2711267605633803,3.6481806234427405,0.5873232037397805,0.629991420552519,730,0
1.5225608376151485,0.37865055387714,0.5720040281973817,15.617146235711472,0.60110643756037,0.6245680964993903,19,123
4.418062229123674,0.40253411306042886,0.20077972709551656,13.697324406278538,1.5069637356111187,0.39888889727247356,2,208
1.6468547838941305,0.005819592628516004,0.33074684772065954,8.020768503326032,0.48436629054288743,0.6736881633402381,1,2
2.503522791481094,0.0011173184357541898,0.40893854748603353,3.387187038734093,0.33882752933264054,0.7469221972888962,136,1
4.950646358097107,0.5154494382022472,0.3946629213483146,5.741821432118383,1.091541443668078,0.4781162730613802,241,94
0.0339831058784872,0.999009900990099,0.0009900990099009901,1010.0,0.03394680632321089,0.9671677439152521,7,409
1.298586022247745,0.13723511604439959,0.40968718466195764,6.4867196846196284,0.49414571650911204,0.6692787650834867,36,41
1.2508383328670019,0.0,0.40674603174603174,4.809396963959049,0.4381676847341611,0.695329209948731,20,0
0.393954718117727,0.0998062015503876,0.4060077519379845,6.749050677417843,0.27873007986829623,0.7820258674942531,1,3
4.297907988841592,0.0,0.39629990262901654,3.1175129356551388,0.42018904950367975,0.7041316086400432,2,0
7.676817444520309,0.0,0.30300096805421106,7.64419902227256,1.0756847585574272,0.4817687251772212,1,0
3.754340228753854,0.023026315789473683,0.4506578947368421,2.1559428521565294,0.4039811373226384,0.7122602814358163,730,3
6.6899380357377245,0.08031341821743389,0.5915768854064642,3.817419932552285,0.6580778327843159,0.6031079966377434,8,19
7.968558677162841,0.000975609756097561,0.3824390243902439,2.648118161342343,0.5094795681087297,0.6624799839145413,3,1
3.478000011794947,0.0,0.42696629213483145,2.728750681942171,0.33872298632133313,0.7469805256335311,253,0
1.9619105474380094,0.7303588748787585,0.17652764306498545,32.917398995663085,1.167884809353904,0.4612791213284209,2,69
2.166057033896759,0.06377551020408163,0.48214285714285715,3.431793514574119,0.44084637109923114,0.694036519130831,245,50
1.0023078399464322,0.468944099378882,0.30952380952380953,12.36424385730441,0.6248172928771271,0.6154538140280752,14,60
0.4266063553864854,0.0,0.375,2.920055134390076,0.24188363928210155,0.8052284194500479,730,0
3.2308056426398144,0.0,0.47619047619047616,2.237636695526937,0.27701241098683205,0.7830777456792559,730,0
3.2755704694377337,0.14204545454545456,0.5454545454545454,3.1281723971604936,0.47952388894104814,0.6758931082320936,680,50
22.9320071047475,0.07635206786850478,0.47932131495228,3.781073881465711,0.9557604358457802,0.5113100672616604,82,23
3.56759582433442,0.6666666666666666,0.17040358744394618,21.993596369595362,1.6321696002733552,0.3799147288594733,325,118
3.652889179915326,0.07198443579766536,0.44260700389105057,4.985981951438401,0.6214853865617866,0.6167184781852457,1,29
4.020902102074022,0.0009699321047526673,0.42289039767216297,2.651191566075555,0.3087116678448765,0.7641102502331564,1,1
5.649601646444337,0.07734806629834254,0.43867403314917125,4.832840245108179,0.82806400670371,0.5470267979309756,94,17
5.021274767886213,0.3373253493013972,0.48502994011976047,3.5623286584951392,0.7988195993646022,0.5559201158099625,418,31
3.6611418944229737,0.0011614401858304297,0.2764227642276423,7.720176628803343,0.7519161819101252,0.5708035637353915,161,1
1.7753205049900294,0.5084925690021231,0.3365180467091295,17.70194455035677,0.8991381035514974,0.5265546503068642,64,277
0.9668465412295717,0.6005917159763313,0.34023668639053256,6.966017405719021,0.597291542974074,0.6260597850146079,8,115
1.8046310030957013,0.016018306636155607,0.37986270022883295,3.230283627992302,0.374637771600795,0.7274643696393405,597,1
2.6937275482214695,0.0,0.5296052631578947,2.2604904463045856,0.2841346726505786,0.7787345216182839,730,0
0.5931321006363577,0.015560165975103735,0.4616182572614108,3.0362738973984498,0.27219422031173923,0.7860435018758059,57,3
18.04579874059265,0.0,0.408780487804878,2.8233525421146983,0.6077491857807703,0.6219875642570272,6,0
0.28915816183784715,0.011988011988011988,0.46153846153846156,2.4788451665509017,0.1740240972545994,0.8517712731267214,32,3
3.947707665788929,0.016094420600858368,0.18025751072961374,84.70935856436823,1.7799069931040352,0.35972426504938687,17,2
5.354531993410902,0.002982107355864811,0.2485089463220676,8.743443142927564,0.9044422704282842,0.5250881139994404,5,1
3.7538960899578036,0.0,0.41514726507713884,3.355108784159517,0.3052149895476404,0.7661573058907166,241,0
3.1778521713052004,0.2378167641325536,0.29922027290448344,7.506369916856261,0.950501368043663,0.51268869449858,2,64
0.0,1.0,0.0,0.0,0.0,1.0,4,667
3.8681220295929863,0.2073529411764706,0.5852941176470589,3.601230804790315,0.635167279650153,0.6115582255376049,346,27
0.019831427993659882,0.9410456062291435,0.058954393770856504,92.54411764705884,0.019771607335204094,0.9806117299275767,133,85
3.3913332127070044,0.6232718894009217,0.30414746543778803,19.109436976641692,1.2687388924167644,0.4407735078472403,142,102
2.1434093552859395,0.3045186640471513,0.444007858546169,4.973111588458046,0.6660838328009788,0.6002098935915036,10,260
4.711367094204539,0.025341130604288498,0.38693957115009747,4.936268820431372,0.5649424918778568,0.6390011167758933,2,6
2.2151528348844374,0.009823182711198428,0.45579567779960706,3.7489048509503444,0.46422054773540283,0.682957223586722,4,2
0.02378353855860316,0.9829931972789115,0.017006802721088437,111.24324324324326,0.023723825528361706,0.9768259515537627,730,81
0.12901009302035304,0.8940397350993378,0.09933774834437085,13.762025316455697,0.12413907309908116,0.8895696483915921,730,71
6.267416886397532,0.0,0.47005988023952094,5.223611086884473,0.6540696589719494,0.6045694596813583,443,0
9.139150171535027,0.0,0.4342105263157895,4.520385183538238,0.4451757279221537,0.6919573728502768,730,0
0.749692744100143,0.904390243902439,0.08487804878048781,83.41615122663146,0.6574057975537875,0.6033525413486115,3,579
9.411161380784092,0.0,0.411371237458194,2.167889395952477,0.3991236180149247,0.7147331280268138,730,0
1.4728423452451085,0.015670910871694418,0.5426052889324192,3.8535858173844284,0.2586507246406043,0.7945015884256059,2,5
1.6408769466049573,0.5460526315789473,0.2631578947368421,10.445629153582122,0.8632308721280362,0.5367021419400798,730,85
10.433111095649698,0.05509964830011723,0.4138335287221571,2.884203089658308,0.5277844752035028,0.6545425851815904,158,27
2.215409863408564,0.00390625,0.3984375,4.6785493993984435,0.5441309082674217,0.6476134857776022,4,4
3.057329111629505,0.03060217176702863,0.4590325765054294,2.8766969834036735,0.3426623004270384,0.7447889165294553,5,8
14.677055937258055,0.0,0.5804263565891473,1.8827781929541454,0.3554953456937218,0.7377376862096234,1,0
0.0,1.0,0.0,0.0,0.0,1.0,33,641
16.734712271514876,0.018645731108930325,0.34543670264965654,3.8541664958562003,0.612263303229072,0.6202460838730129,3,9
4.719507465037027,0.007874015748031496,0.41141732283464566,4.113094412735769,0.41019675543627127,0.7091209053949574,3,2
32.530519594129146,0.0,0.36995153473344106,3.780853486616864,0.7407401603053964,0.5744682766579933,408,0
5.995866354075851,0.07236842105263158,0.40460526315789475,4.4036073152328825,0.9234036351860029,0.5199116720517661,730,10
0.9394571089436208,0.5625615763546798,0.26699507389162563,26.676011301167346,0.6479718981358769,0.6068064638305799,13,58
6.768412448737615,0.0,0.3421610169491525,3.7934137574546827,0.5407233150994306,0.6490458021889965,83,0
4.899016303540653,0.0,0.20723684210526316,5.786110514726809,0.6456105861671999,0.6076771797689423,730,0
2.2928215974582558,0.05070993914807302,0.4178498985801217,3.9684854164226313,0.4302449510122448,0.6991809335123034,16,50
7.835816360624838,0.0,0.3552,3.092533534981589,0.5357322036902694,0.6511551933319246,408,0
4.042871018649391,0.0,0.39315068493150684,12.33404900004289,0.6287821350060946,0.6139556534344345,304,0
3.7277706841636933,0.29276315789473684,0.3355263157894737,4.348116219397562,0.7631929313581409,0.5671529089160574,730,89
0.7875441631072803,0.0047562425683709865,0.36504161712247324,6.896350788377366,0.41407712387042533,0.7071750070200782,188,2
4.79900099603766,0.0,0.24342105263157895,6.890123399731942,1.052708664570804,0.4871611920676955,730,0
14.764641770757937,0.0,0.32483370288248337,2.581751202727244,0.5119910684934283,0.6613795681983861,131,0
3.246149613960725,0.0009746588693957114,0.47173489278752434,3.281924821475092,0.3530970945776949,0.7390452643844472,3,1
0.16429561076419735,0.0009832841691248771,0.471976401179941,4.216861919178624,0.12649796813275144,0.8877068830027004,8,1
1.2640098754939435,0.0,0.4326750448833034,3.669639784647833,0.29849217817023216,0.7701240075309104,268,0
2.883528624579115,0.0,0.3835616438356164,1.8380884970490574,0.20363311721302435,0.8308179508349433,961,0
9.172010942213346,0.09279368213228036,0.4244817374136229,4.775227332571763,0.8359241781298071,0.5446848033880493,3,43
3.874419483062038,0.017,0.335,6.375863830233076,0.6941737079378856,0.5902582452523006,19,17
0.8953560435945729,0.8823529411764706,0.11166500498504486,22.32918973895356,0.7079726849869187,0.5854894570563106,16,180
4.109975939312655,0.0,0.43729189789123196,1.8563435020366472,0.2183836762432005,0.8207595189418729,132,0
0.8723336693277349,0.6765676567656765,0.3201320132013201,7.466201080511266,0.5811977259472793,0.6324319745659326,730,106
4.720183563373201,0.14144736842105263,0.569078947368421,2.7698413055509317,0.5679517608342944,0.6377747230360633,730,42
8.597103483539032,0.0,0.5184108527131783,3.0186718304766926,0.43038815485709436,0.699110934751768,1,0
2.3758773625167913,0.0,0.4594594594594595,2.714656311174065,0.25033093392884054,0.7997882583435407,129,0
0.0,1.0,0.0,0.0,0.0,1.0,22,271
3.3427882965727225,0.25161987041036715,0.4449244060475162,7.158142718778901,0.842892609867808,0.5426252157317678,103,35
0.2640038801573547,0.050505050505050504,0.43636363636363634,2.3026230779170445,0.18981360351195117,0.840467781716664,13,50
3.991086761246523,0.0,0.40891472868217055,2.352382308711678,0.30599194662351903,0.7657015057293244,1,0
2.1865082545302124,0.019689119170984457,0.44248704663212435,5.199976050772363,0.36855103354573043,0.7306998244772323,48,7
1.1989892535609297,0.0,0.41118421052631576,3.509483513276918,0.26023298854989335,0.7935040655860514,730,0
7.641375485640734,0.01744186046511628,0.49127906976744184,4.8830805601929566,0.8035963075656039,0.5544477973287413,1,17
2.8567792954184905,0.009045226130653266,0.3678391959798995,6.185502218177682,0.6300694682230344,0.6134707872849839,5,5
7.993345909938537,0.5310077519379846,0.37790697674418605,7.755602649397829,1.2791177933994566,0.4387662642519381,1,186
0.0,1.0,0.0,0.0,0.0,1.0,4,712
1.1045802796972417,0.001953125,0.4296875,3.073573696576085,0.2775157102608772,0.7827692387405502,3,2
14.22014149817778,0.0110062893081761,0.5314465408805031,2.1751172953218987,0.43554776634366954,0.6965982069318343,241,5
5.8854019640284285,0.0,0.3576158940397351,3.3861393235628197,0.45234991833957344,0.68853930266562,730,0
18.258790631260023,0.0,0.3774069319640565,4.5161890652848715,0.7608696274100311,0.5679012145100409,249,0
1.9300655988420308,0.0,0.4911937377690802,1.8100227891958331,0.20659124840322657,0.828781081682281,4,0
3.09648586670765,0.0033112582781456954,0.45805739514348787,2.205981247729398,0.2816125922118949,0.7802669902564952,94,1
0.10473781910609581,0.9906367041198502,0.009363295880149813,231.90140845070425,0.10390888307259533,0.905871866178504,253,304
3.3470544125052277,0.0,0.4030456852791878,3.945398810839918,0.4318983566040317,0.6983735929215357,8,0
2.13665415963863,0.025458248472505093,0.45010183299389,2.7653673618372334,0.3108928948389055,0.7628388283566745,26,14
12.665391170028125,0.5680238331678252,0.42204568023833167,5.271695560221285,1.114627654110038,0.47289649222943697,13,198
6.20603500264202,0.0,0.4203883495145631,2.0083832279949263,0.3119269501105167,0.7622375620195622,3,0
2.135645633208421,0.0,0.5064220183486239,2.5842417316582686,0.3592122973435722,0.7357202417564848,270,0
4.841976331534178,0.01066925315227934,0.2967992240543162,4.694202193869613,0.8087479502659718,0.5528686292929607,1,9
7.05127250846066,0.0009727626459143969,0.32490272373540857,4.523321612829024,0.713645175262871,0.583551375999761,3,1
3.6387915807664224,0.0,0.44481605351170567,2.349367420482788,0.2695154123489635,0.7877021344307403,730,0
12.656160366309688,0.0,0.39384116693679094,3.176396726960719,0.5776302833773396,0.6338620718279017,408,0
6.117316015309549,0.0,0.4884910485933504,2.702649574333911,0.537436201159872,0.6504334939203203,380,0
1.931608884827071,0.006809338521400778,0.4474708171206226,2.420488702902979,0.2650401336886739,0.7904887547592224,2,2
2.8747756866852976,0.003883495145631068,0.38349514563106796,10.006287924041878,0.6538240973345646,0.6046592268256824,2,4
5.503287661155164,0.0,0.28289473684210525,3.243258238925058,0.46212007640070213,0.6839383550916679,730,0
3.3888398930510983,0.11945812807881774,0.35344827586206895,7.227721958996532,0.7883935791254909,0.559161032376884,156,44
0.07934357125092387,0.875,0.07397959183673469,50.139534883720934,0.07814351020140232,0.9275203073969209,225,155
9.381503914932345,0.7616099071207431,0.22394220846233232,16.72254490167932,1.918759019198707,0.34261136100044737,42,264
4.073478532078452,0.20710059171597633,0.41420118343195267,5.2676108750176756,0.8187507024984787,0.5498279663212042,357,24
1.3615772513182487,0.0,0.41906005221932113,2.6915597436503536,0.23017635059152022,0.812891582185886,265,0
1.4189745818088055,0.8434442270058709,0.15655577299412915,16.1772365565469,0.9049108453921797,0.524958951448524,493,196
1.8588084032516208,0.7851485148514852,0.15148514851485148,16.604364419219102,1.0881376242713783,0.47889563809230906,13,276
0.0,1.0,0.0,0.0,0.0,1.0,2,283
6.082805931819857,0.3106159895150721,0.6159895150720839,2.5303606966619254,0.6837603920572196,0.5939087323334642,200,24
1.9240722599246796,0.0,0.4796633941093969,2.2348961923868393,0.29913967447362894,0.7697401747084422,241,0
4.023690262961066,0.0,0.4769736842105263,2.3620507080150612,0.2976370206024668,0.7706315280183053,730,0
1.3200888244457827,0.002938295788442703,0.40940254652301666,5.302989351655866,0.47067988914390724,0.6799576219010561,9,2
1.7718253368603003,0.09208819714656291,0.46173800259403375,6.402125738247719,0.5063559023519721,0.6638537403004393,249,43
2.1638796556599185,0.09481915933528837,0.48778103616813295,3.3782700247125397,0.43183206359123094,0.6984059272229615,6,84
2.4834466971487728,0.8657921291624622,0.12209889001009082,31.12895804242304,1.4120288458501014,0.41458873998148954,16,162
0.9484241306707316,0.003355704697986577,0.5134228187919463,2.307890019953329,0.31778361436042857,0.7588499273344954,730,1
7.784289361718991,0.0,0.2313649564375605,11.247644641988847,1.1228207896380014,0.4710713240049469,1,0
1.4886252157622823,0.0,0.39144736842105265,2.229307709106792,0.22139806146306487,0.8187339013803078,730,0
0.4398936047892525,0.8428128231644261,0.12099276111685625,47.71711083906206,0.3963670140713267,0.7161441010299602,17,36
1.614768037087884,0.0,0.4240940254652302,3.8807407266102656,0.3161585216208598,0.7597868976819692,3,0
0.0,1.0,0.0,0.0,0.0,1.0,2,697
5.2820828445051715,0.0909970958373669,0.22168441432720232,18.16543723022815,1.2029188040401242,0.45394319489488816,1,81
6.354965043105989,0.01,0.399,2.730613343626833,0.37937734272654045,0.7249647859398316,20,3
3.104354404749916,0.0,0.34345794392523366,4.404970047337774,0.3894233186247925,0.7197230581891835,155,0
0.5159826353214925,0.0,0.4414715719063545,2.764386714896416,0.14158435471718359,0.8759755648961572,730,0
5.7638635880355125,0.03501945525291829,0.4766536964980545,7.077292315769408,0.7977064414919649,0.5562643471255925,3,13
2.5093046287922345,0.2590420332355816,0.24144672531769307,16.776416190416377,1.1176305860462443,0.4722258955784473,4,12
3.3810684477650184,0.08940719144800778,0.5694849368318756,3.6713506270095873,0.5396677772081884,0.6494907633991379,2,17
4.297071029763922,0.0,0.41941747572815535,3.4528603260189676,0.36695860636922173,0.7315510472230754,3,0
3.361305715289694,0.03631010794896958,0.34445534838076547,2.757025455836426,0.41618515415462093,0.7061223577060735,4,10
0.7829179567769574,0.8580481622306717,0.11913814955640051,40.94081019181219,0.6651329441564943,0.6005526486694849,237,189
5.26011561899577,0.010721247563352826,0.41812865497076024,2.8078435430463573,0.44813556011891265,0.6905430869454553,2,2
0.0,1.0,0.0,0.0,0.0,1.0,326,275
2.293298269136005,0.0,0.3543046357615894,4.687726959865189,0.4422608556115132,0.693355848984755,730,0
3.346901437439603,0.0,0.41529525653436594,2.483122032191091,0.39214442715210873,0.7183162755933927,1,0
1.8495508124297868,0.0375,0.45,4.262310472703375,0.5908541713030019,0.6285931281689647,224,14
8.071779124475805,0.0,0.39144736842105265,3.710322005854652,0.7459192906989308,0.5727641623111211,730,0
4.1792632630002835,0.0,0.4530493707647628,3.313179270169878,0.4298442041819004,0.6993768951017709,1,0
1.0162868542512171,0.0009689922480620155,0.36046511627906974,5.05250194686419,0.3901075441740057,0.7193688029325778,1,1
6.339425936776719,0.0,0.46710526315789475,2.4242959589863866,0.34681008347837056,0.7424951834465975,730,0
6.530332767137111,0.4873417721518987,0.43037974683544306,7.591112393593998,1.0935643840479168,0.47765428549491046,546,33
0.48112383767179856,0.24489795918367346,0.43537414965986393,5.233918894153991,0.31659401836107676,0.7595355789667194,173,79
9.217679596474394,0.0,0.3815789473684211,2.6129057190673963,0.42178112358503894,0.7033431401019642,730,0
6.933436055140971,0.04868549172346641,0.30671859785783834,8.697714416132767,0.9943498664492574,0.5014165351941989,2,5
0.9235981276363078,0.05102040816326531,0.4421768707482993,3.2288697615352056,0.37754490910302063,0.7259291464052111,445,7
1.7646541106920721,0.0,0.27631578947368424,15.253802120380717,0.8363736675589172,0.5445514808156094,253,0
1.4368266373026322,0.1796116504854369,0.429126213592233,9.101535989806235,0.5981889541805285,0.6257082414342865,1,32
2.3194817559606404,0.001943634596695821,0.337220602526725,8.419635962185566,0.5170606363712875,0.6591694333272903,1,1
28.29237177998083,0.22448979591836735,0.6025267249757046,3.8825603972502085,0.7264879769802539,0.5792105206252688,2,83
1.44385999353091,0.02097902097902098,0.45554445554445555,2.073002239051193,0.2933572814489901,0.7731815596071547,16,10
43.65457432893808,0.004916420845624385,0.33726647000983284,102.26815233538312,2.9774303465966265,0.2514186077087865,4,2
2.0741613031117505,0.0,0.44240077444336884,2.460975863865254,0.22153839901922537,0.8186398403872536,1,0
4.869593080359186,0.0,0.4407894736842105,2.2268390666714306,0.3506274949974639,0.7403965961775995,730,0
289.08631845767025,0.025974025974025976,0.10589410589410589,349.8516081402802,10.63434460469244,0.08595241364921179,23,23
3.092386090120732,0.0,0.40084835630965004,9.063695026226396,0.5017291536308227,0.6658990388394862,85,0
3.1155008011763448,0.2214765100671141,0.412751677852349,5.109114085404716,0.7490876543089807,0.5717266356185415,730,36
7.427834510852362,0.001962708537782139,0.3336604514229637,3.582382934191123,0.6224061856536329,0.6163684586773942,4,1
4.725329359645289,0.0,0.5148514851485149,3.506806194444379,0.46034123637756147,0.6847714596353812,120,0
2.329265306729267,0.0,0.4714424007744434,2.6088441332332066,0.31667827869215215,0.7594869727731011,1,0
1.4466962654196802,0.5668316831683168,0.28217821782178215,7.417272581561731,0.7822648766030031,0.5610838282949278,206,29
4.030643368067485,0.01116751269035533,0.5197969543147208,5.414532010656894,0.7073206468471301,0.5857130597270507,9,2
6.229107594648408,0.04261954261954262,0.448024948024948,5.554594106476501,0.7056276280927155,0.5862944428956222,25,12
2.4037463941410686,0.0,0.5016722408026756,2.1750789564892306,0.2506985569098632,0.7995531732847991,730,0
0.20801782018447848,0.05509964830011723,0.4771395076201641,3.1031925561437466,0.13842862874947157,0.8784037705538632,158,27
1.8559557078738733,0.0,0.22826086956521738,14.254214012274412,0.7067115085857546,0.5859221051533411,7,0
4.01706415620314,0.17536945812807883,0.5674876847290641,4.888694169469047,0.5712316477760122,0.6364433923002012,7,99
8.044227969619682,0.03700097370983447,0.41285296981499514,4.413581579649221,0.7334964734126143,0.5768687824506326,4,13
1.4824443203679716,0.20362473347547974,0.337953091684435,4.235994074262867,0.6339217759900241,0.6120244033066278,54,50
15.512275670144014,0.149812734082397,0.4250936329588015,7.310740699856495,0.9635951342878566,0.5092699521088767,253,72
5.112172213651867,0.6260683760683761,0.32905982905982906,27.34462798877956,1.7510001727136872,0.3635041574765019,323,257
2.3705117558600812,0.0,0.39473684210526316,2.479255687656634,0.2935725905632293,0.773052867148796,730,0
4.123469395932146,0.0,0.33774834437086093,2.137890334472314,0.3103196070620665,0.7631725837043302,730,0
2.7126539520367112,0.08734602463605823,0.5352743561030235,2.055641275310214,0.35102413133971166,0.740179229077406,108,78
3.50779077036489,0.0,0.4430769230769231,2.097337016698169,0.23772705953823633,0.8079325666298949,223,0
6.637629430024414,0.0,0.46938775510204084,4.621797264510625,0.5923288853222214,0.6280109650825315,730,0
1.7271545266116741,0.23178807947019867,0.0695364238410596,51.84497968084051,1.2946478369697076,0.4357967196049532,730,18
2.6402543944322376,0.5643153526970954,0.29045643153526973,8.485959499053596,1.015369028449055,0.49618704360538807,307,126
1.7761990498529334,0.0,0.4578313253012048,4.991265552343847,0.2630607778769377,0.7917275379898082,265,0
7.6659756374351655,0.002932551319648094,0.39882697947214074,3.431633961443579,0.49973415271056293,0.6667848419619156,2,1
5.608111568121495,0.013245033112582781,0.5529801324503312,3.1431950375852677,0.5861495071978029,0.6304575927187762,730,1
3.575752079126724,0.0,0.34469328140214217,2.9785102477821956,0.4692120361620676,0.680636950546797,5,0
6.731651968049197,0.06634146341463415,0.3775609756097561,5.325383753184936,0.8900878571991191,0.5290759348519802,4,23
3.997093690516802,0.0,0.2992,4.096275762459731,0.42040471609166796,0.7040246970958829,408,0
30.671619796109283,0.21822033898305085,0.3453389830508475,6.541017690546437,1.2648781314516635,0.44152486004138974,83,27
29.744348380841462,0.25749741468459153,0.4188210961737332,4.375305114008454,1.0207481716065607,0.4948662154200874,50,23
2.4659244121241763,0.021589793915603533,0.4170755642787046,3.660680998811914,0.510266543191619,0.6621347764790698,4,4
3.5114860882448533,0.02865612648221344,0.5029644268774703,2.9212668053835307,0.44988674685100283,0.689709042566181,10,9
3.735143965888233,0.0011534025374855825,0.4417531718569781,2.950018047204444,0.4215277161775131,0.7034685209578602,133,1
35.03577597271525,0.1056338028169014,0.6225352112676056,2.276499084984091,0.6368663490782377,0.6109234272933316,277,50
2.423120468010127,0.14898688915375446,0.47794994040524436,6.95254214048829,0.640746226641105,0.6094787748177092,188,52
0.0014726193238805132,0.9778449144008057,0.022155085599194362,45.13636363636364,0.0014722931360759445,0.9985298713242824,31,162
2.4525487549326925,0.0511770726714432,0.5271238485158649,2.601616047520318,0.4778889817868812,0.676640811538444,55,50
6.923625018379917,0.0,0.513255567338282,2.0050766426073365,0.29088269277144807,0.774663728625147,85,0
21.358930899483898,0.01568627450980392,0.34705882352941175,3.8957288194629216,0.46855455790948153,0.6809416746651356,4,1
6.004126507538988,0.20490196078431372,0.45784313725490194,6.351178945150073,0.8519275577041263,0.5399779250759252,3,165
2.7856175817183466,0.0,0.5914811229428848,1.7036486541515656,0.2161697000274238,0.8222536706657391,1,0
2.930700625731054,0.0,0.3483606557377049,5.110260475067341,0.7011451751447481,0.5878393064924112,730,0
2.184710295762361,0.0224390243902439,0.4995121951219512,4.40872950256299,0.37047182380704874,0.7296757092182231,3,4
1.384842027588604,0.09539473684210527,0.5460526315789473,3.36015261179375,0.4139873110834044,0.7072199249325617,730,29
9.209347762673616,0.006141248720573183,0.4196519959058342,3.9246269666522626,0.528838274182155,0.6540914214977679,10,2
2.2645341029040846,0.04455445544554455,0.403960396039604,4.956385612618381,0.6161433165502791,0.618757006114123,9,5
0.6184379197708744,0.0,0.4360236220472441,2.621978309159807,0.18133915730259753,0.846496955441097,7,0
3.922277840028113,0.1282798833819242,0.3197278911564626,6.519316717569889,0.9819985589789146,0.50454123463903,2,42
2.550523531598048,0.0,0.3685741998060136,2.9765891540649987,0.3648777137438252,0.7326663699834508,2,0
1.510216856988698,0.00688298918387414,0.336283185840708,4.95758637339607,0.5182201592417474,0.6586660003905068,6,2
3.452619806486512,0.12118226600985221,0.21773399014778325,7.3951821473435295,1.150892166893975,0.4649233538490512,4,5
2.141517134124261,0.3026315789473684,0.41776315789473684,3.4534942691956583,0.7269593862627859,0.5790524131340707,730,85
27.480506793659906,0.0,0.3303769401330377,3.3046780127273014,0.6561499790582231,0.6038100489960785,118,0
2.34747399872722,0.0,0.5394736842105263,2.5078455085814273,0.3175720782382461,0.7589717606471453,730,0
3.136831459552301,0.0,0.473753280839895,2.4995040488665974,0.39086324939355127,0.7189779444068446,267,0
2.840979571504654,0.0073964497041420114,0.3890532544378698,4.808485503512586,0.3523689127375843,0.7394432026507558,357,4
4.30506156211852,0.0,0.34868421052631576,2.6556495507902156,0.4088134903786356,0.7098171665940237,730,0
2.2879113131891495,0.5310957551826259,0.21520236920039487,21.3092315317496,1.2324211065052662,0.44794416120059244,13,41
0.019881532058807386,0.0,0.3848684210526316,1.051422605063952,0.009900382888673577,0.9901966737943448,730,0
7.343660646014338,0.0,0.4342105263157895,1.9053147184351236,0.37708842580149937,0.7261697805774349,730,0
7.900841745853948,0.01085883514313919,0.4126357354392892,2.5311523705712715,0.4072035240311357,0.7106292607449965,3,2
3.6207653490563714,0.008771929824561403,0.4220272904483431,5.360802441885398,0.5041507317675767,0.6648269876682287,2,1
6.103188222464893,0.0,0.33107454017424975,5.329374262771341,0.6640790071990843,0.6009330059893987,1,0
0.03338612395199213,0.9868421052631579,0.013157894736842105,110.80373831775701,0.03326902573640675,0.9678021648692159,730,205
12.429600621758828,0.6187683284457478,0.1710654936461388,494.46661388550547,6.8955973080581785,0.12665286247304033,4,25
2.7007716826906463,0.05030181086519115,0.4768611670020121,2.7929775213076757,0.35227210192665553,0.739496140292509,13,50
2.119716985955905,0.0019646365422396855,0.47347740667976423,1.9735725129742674,0.24274799526434565,0.8046683670467635,6,1
3.537839301939889,0.0,0.4473684210526316,2.6198402873340307,0.26436440831945995,0.7909112226032666,730,0
3.1461619987627487,0.007049345417925478,0.48942598187311176,2.0751207815175796,0.18315735793603083,0.845196113004325,10,5
1.997966039543435,0.016025641025641024,0.38675213675213677,3.0454792596937224,0.3334943439081841,0.7499094424871844,38,3
1.293830896483315,0.991128010139417,0.008871989860583017,156.90242835265806,1.159483629773671,0.46307366548771056,242,406
3.2756349021211566,0.0009871668311944718,0.36031589338598224,3.5287546917579307,0.5137578584996302,0.6606076357490596,3,1
8.827659984595353,0.001953125,0.2919921875,13.04295196240517,0.8963495455769803,0.5273289422471644,3,1
0.7812468582614036,0.6705998033431662,0.1720747295968535,24.721518987341778,0.6184012070670741,0.6178937556604005,8,119
8.778592844836684,0.0,0.3980263157894737,2.452917183897854,0.4577343950709153,0.6859960246402448,730,0
0.010425268150380468,0.9957627118644068,0.00423728813559322,471.99999999999994,0.010419307953034453,0.9896881345486732,83,361
10.296013808551507,0.0066518847006651885,0.3215077605321508,3.174628277284214,0.5901640508679263,0.6288659333319669,107,1
1.2746591001334495,0.45045045045045046,0.38538538538538536,4.721364902506964,0.613383642116241,0.6198153829601999,10,74
7.4366970229359755,0.0,0.32748538011695905,4.9217891413440595,0.5746714788263457,0.6350530973897698,4,0
2.4836822557879277,0.4505376344086022,0.40860215053763443,6.947356270029299,0.8401775411419182,0.5434258258469192,93,17
5.005388277329288,0.04088397790055249,0.3834254143646409,3.7991147489153922,0.40615984583284825,0.711156703104201,83,7
2.040641401084028,0.004873294346978557,0.49707602339181284,2.9185241834698106,0.39393139215038026,0.7173954224944508,3,2
1.391540398680333,0.0,0.36,21.515882748526444,0.75519115686626,0.5697385131460053,730,0
0.13249097956163053,0.9052734375,0.091796875,23.97658536585366,0.12739038786019685,0.8870041919534317,4,328
8.866977976569732,0.03163265306122449,0.17755102040816326,12.96027777270819,1.6201613921360798,0.38165587929099004,30,9
2.5618163671953322,0.0,0.3525954946131244,4.447070117080695,0.5021616697620782,0.6657073070959041,2,0
13.058104838793328,0.0,0.4335548172757475,2.2399345770238166,0.4192850913086831,0.7045800777614932,241,0
15.451304408100444,0.012845849802371542,0.3695652173913043,3.336402948317682,0.9118333479699084,0.5230581426262157,3,4
1.1590808064551712,0.0009852216748768472,0.46206896551724136,4.128988416196344,0.2217820006658357,0.818476618132391,9,1
12.436840620355296,0.0,0.3684210526315789,2.343932679247303,0.407799572072285,0.7103283875331751,730,0
57.25134725042668,0.15933528836754643,0.2883675464320626,7.970747492871101,1.6565680265983262,0.3764255196884519,3,6
1.1531333070903202,0.07314629258517034,0.5280561122244489,2.6497141296169384,0.37308672424589806,0.7282861179429158,10,13
7.286758627390156,0.0,0.46747967479674796,3.3453846262432494,0.49642234701464194,0.668260536201559,17,0
10.446639625760056,0.012687427912341407,0.3633217993079585,4.507469029557384,0.7447380908770502,0.5731519276324832,161,2
5.453305282201839,0.18161925601750548,0.2899343544857768,8.714344630952034,1.2481365619689644,0.4448128360690773,108,58
3.082666720657279,0.0,0.3256578947368421,7.038392948652249,0.7323049801358229,0.5772655574318064,730,0
1.5615240073272074,0.012972972972972972,0.44756756756756755,5.3034113835386005,0.3124655945714047,0.7619247347406142,38,2
1.194970576753406,0.96,0.03609756097560975,76.76488643339471,1.0171524769116511,0.49574834398787937,3,155
0.8658477365744747,0.6385927505330491,0.34328358208955223,8.122689564837723,0.5459273344448116,0.6468609343524737,63,49
2.786689187815079,0.0,0.33575883575883575,3.7285792370846007,0.4191604265221887,0.7046419709226334,65,0
0.6501385875773745,0.0009718172983479105,0.42468415937803694,2.85993499943965,0.2377710430114865,0.8079038572166047,2,1
0.7372732176495622,0.005945303210463734,0.2699167657550535,13.823271428848656,0.45715712192882296,0.686267791544889,174,1
7.515531696621722,0.04266389177939646,0.3537981269510926,3.5018703099496276,0.5850894400463277,0.6308792265821749,9,11
2.928719385143981,0.0,0.38818973862536305,4.343086597284848,0.5079119085187447,0.6631687132057483,1,0
2.471818464722724,0.0009861932938856016,0.3905325443786982,4.968981090355352,0.37041003089117497,0.7297086108963329,8,1
1.02972311572313,0.8315677966101694,0.13665254237288135,90.2960775169698,0.8549403435761393,0.5391008953269624,83,371
7.342301459834697,0.0,0.4006734006734007,2.638919593961742,0.4328912172791945,0.6978896848141913,730,0
0.5637194642155168,0.005060728744939271,0.521255060728745,2.9017411648482954,0.13978842564508195,0.877355812271943,6,2
7.1421117251502935,0.5216216216216216,0.22702702702702704,7.032104013691823,1.4527340455985622,0.40770828855028235,661,184
1.770091860045595,0.006862745098039216,0.396078431372549,3.2053503082067607,0.3445881431580277,0.7437221613834142,3,2
2.383931525176665,0.16862745098039217,0.5303921568627451,3.4379537092511656,0.6500536422154016,0.606040903408071,2,98
11.163864942493241,0.003289473684210526,0.3092105263157895,4.181927607256469,0.7969433051040838,0.5565005847204941,730,1
0.2686984305679343,0.9332042594385286,0.06389157792836399,56.285256410256416,0.2548436214850675,0.7969120477470585,1,250
0.0006228746598642933,0.9990300678952473,0.0009699321047526673,1031.0,0.0006228625771760842,0.99937752513912,2,482
1.129855278326354,0.002982107355864811,0.426441351888668,3.241165359602142,0.2611799872231824,0.792908236834428,10,2
3.4020501845688202,0.0,0.4462962962962963,1.7932991311841306,0.23680560510387041,0.8085344987711445,282,0
2.1668189999751597,0.002635046113306983,0.3965744400527009,2.397741690890332,0.22406115792185405,0.8169526445049092,265,1
4.86087831206703,0.26732673267326734,0.35973597359735976,6.023847339101576,0.9389857693770106,0.5157335426558063,730,27
1.095052328424974,0.0,0.37748344370860926,8.601195307312034,0.4667096673454919,0.6817981924192528,730,0
1.6233356547731999,0.0,0.45454545454545453,2.876809049756579,0.25678098283583006,0.7956835866051828,14,0
1.76933608261472,0.019821605550049554,0.4122893954410307,2.9998931007681153,0.324639376811988,0.7549224471997065,2,3
3.8591346792728825,0.00935672514619883,0.3742690058479532,3.2752045149334426,0.38470176983819554,0.722177166074433,141,2
3.979025415655678,0.017189079878665317,0.6016177957532861,1.6783465792829395,0.2718206401759615,0.7862743915381386,40,2
6.0387945416303035,0.0,0.4901315789473684,3.340873931406609,0.31071276327754416,0.7629436654751255,730,0
10.026393648594489,0.0,0.40188383045525905,2.7432781775011845,0.5189336931786446,0.6583565856040222,241,0
16.818273448410643,0.0,0.1316831683168317,8.026338106849371,1.225321195113761,0.44937333190181517,6,0
0.2027715753772341,0.8754448398576512,0.09608540925266904,40.82905982905982,0.1938912195222472,0.8375972480978329,188,237
9.047564192496438,0.0009718172983479105,0.3624878522837707,3.988200288181335,0.4749816105024548,0.6779745543128151,2,1
0.4697742115804115,0.3624161073825503,0.4966442953020134,4.154178573917892,0.317105839696837,0.7592404268970318,730,11
4.888012757918618,0.0729483282674772,0.3839918946301925,4.709925814472083,0.6976433098493036,0.5890518898747747,16,15
10.359196064801392,0.22798434442270057,0.38454011741682975,4.858866736621197,1.1298593401933585,0.46951457362870513,2,59
6.4592732679077836,0.0,0.35818005808325265,3.721152062848438,0.4888219420739852,0.6716719922914101,1,0
8.971169100387481,0.3806881243063263,0.4528301886792453,5.409773081359289,0.9661996487419743,0.5085953507518048,124,53
4.170971962865591,0.0,0.3291384317521781,4.114424042103629,0.4287668775671003,0.6999042430930348,1,0
0.5493964984073194,0.8698830409356725,0.1111111111111111,43.3051948051948,0.4802024188696157,0.6755832764843532,340,227
7.6807227783934,0.4106029106029106,0.43451143451143454,7.199641643370061,1.0866347213452316,0.4792405636552,52,175
5.526237820760211,0.0,0.42829268292682926,4.881258741033651,0.7825358763446091,0.5609985264648187,5,0
3.9765817236736503,0.4861878453038674,0.35359116022099446,7.158152363933026,1.0344073064656532,0.49154365343746514,29,102
7.836944526047974,0.5461928934010152,0.43756345177664974,9.562752243043123,1.1609537353714674,0.46275863459339645,21,127
2.8111135779506915,0.6330365974282888,0.228486646884273,14.760426256674647,1.2279583084064174,0.44884143308555263,18,229
0.2923544781303131,0.015857284440039643,0.5708622398414271,1.139784052343834,0.09659183495205732,0.9119163285067864,4,4
7.844682421337362,0.0,0.3425720620842572,4.155257401489875,0.7198076496420038,0.5814603744832514,131,0
8.457521217432896,0.0,0.3274647887323944,2.7891925742604067,0.45611027941789184,0.686761170589201,170,0
0.0,1.0,0.0,0.0,0.0,1.0,4,619
3.7345453485050295,0.0,0.550561797752809,2.4916462221670135,0.4534317426767996,0.6880268062387919,730,0
0.6911967061735433,0.5331125827814569,0.18874172185430463,29.779762927332072,0.5794991956481222,0.6331120666317692,730,33
3.79293049784744,0.008465608465608466,0.4042328042328042,4.84402460456942,0.3526901366223709,0.7392676067683703,77,2
2.4700650764268084,0.6699604743083004,0.18774703557312253,28.952138456179963,1.3551405757010588,0.4246031045099413,4,215
3.260452902618778,0.0,0.41650485436893203,6.219234986736276,0.4535421545590795,0.6879745433343433,3,0
4.2101292877837775,0.6483050847457628,0.13983050847457626,38.320703396799296,1.7993960518616603,0.3572199079637116,324,197
5.3452460953685454,0.08993157380254155,0.4340175953079179,4.297171134351084,0.6425525852295533,0.6088085148642264,4,67
3.8261158458902367,0.0,0.22185430463576158,5.165801968367765,0.6106740932055342,0.6208580644702729,730,0
1.3195980624954131,0.31268151016456924,0.20813165537270087,37.4894976076555,0.9394519631686848,0.5156095737304036,1,18
2.0769149252990826,0.0,0.3855140186915888,2.9415729138896296,0.3858995389746071,0.7215530216135834,157,0
6.200708470291215,0.0019569471624266144,0.41682974559686886,2.4568826161168094,0.3550575553243373,0.7379760336162597,3,2
0.6502365473033183,0.015312131919905771,0.3027090694935218,9.238183889967743,0.3750116016415554,0.7272665909190523,171,4
1.9110902566322097,0.4332344213649852,0.49357072205736896,11.404519393323184,0.7227794152467534,0.5804573650868531,8,347
1.9010583870155413,0.0,0.4389438943894389,1.824602618807205,0.20877273992262244,0.8272853671931858,730,0
5.408170719771798,0.0029154518950437317,0.44412050534499514,3.9931720496131646,0.4202067180613267,0.7041228486547819,1,1
1.5797483789983893,0.0,0.3603515625,4.548281423047778,0.44968166569679086,0.6898066131776242,4,0
3.0376120390697534,0.0048449612403100775,0.4932170542635659,2.2634161482177984,0.320031976935923,0.7575574057843767,1,2
4.314756811276461,0.012409513960703205,0.44881075491209926,3.7633914406701376,0.49456112023862214,0.6690927433200856,35,2
4.04258446315581,0.0009794319294809011,0.4622918707149853,2.2236271716431175,0.26758648627033293,0.788900805452997,4,1
2.3168917210412237,0.014613778705636743,0.47286012526096033,3.4248441842268575,0.4758661039721914,0.6775682409864752,58,4
4.107897540026422,0.00995575221238938,0.4269911504424779,4.6903622219605285,0.5560555849316128,0.642650564468074,107,2
15.939460866041506,0.6271186440677966,0.2552966101694915,7.450117228037359,1.57892124597639,0.3877590296951453,83,250
4.316928281968431,0.0,0.477728285077951,4.069933400439191,0.44729227066070953,0.6909454436203725,131,0
1.7168294372938462,0.07947019867549669,0.46688741721854304,3.023920892098103,0.5999080033586051,0.625035938254419,730,4
0.668183269739258,0.28416912487708945,0.47000983284169123,5.771797336262529,0.4063106574855306,0.7110804392167446,7,16
0.07507515401950562,0.9425556858147714,0.05275498241500586,49.108044164037864,0.0739754948464078,0.9311199415616208,155,124
0.5819037791401835,0.17251461988304093,0.3157894736842105,8.730504093063335,0.4006396976230226,0.7139594870094469,4,18
3.8181428351747067,0.0010604453870625664,0.47720042417815484,2.1021297133819337,0.28889907240952306,0.7758559389220113,82,1
2.355730017376162,0.028712871287128714,0.49504950495049505,2.7873056579580067,0.32542202201632303,0.7544766748923722,4,6
3.805847071885443,0.0,0.4346978557504873,3.0536053774367344,0.38967639684515176,0.7195919872210563,2,0
0.06594761471373532,0.9183673469387755,0.08163265306122448,198.8036410923277,0.06543415689078619,0.9385845136768094,18,265
2.6668672619207237,0.0,0.4375,2.0236112140909355,0.2967893689638901,0.7711352544468967,730,0
1.9642222052989915,0.009813542688910697,0.4052993130520118,6.2469147603239605,0.4093259358057348,0.7095590697607389,3,8
6.045197806877177,0.0,0.45595353339787026,2.0725186482422924,0.28886459854168733,0.7758766911058546,1,0
0.6598762502799336,0.0009718172983479105,0.5034013605442177,2.0027362319944033,0.21690715382169592,0.8217553794958808,1,1
5.390547710216421,0.0,0.2993421052631579,3.0883649607053862,0.4631080908809261,0.6834765019978174,730,0
1.5411479143610436,0.0,0.42337662337662335,2.6366041017465034,0.2560974538940643,0.7961165727228177,647,0
4.246407582338485,0.7600391772771793,0.19882468168462292,9.420325094930384,1.388479296203601,0.4186764363373226,4,135
0.23081713173418758,0.01996007984031936,0.5658682634730539,1.5220370821303093,0.12404930567721476,0.8896406900919015,10,14
3.580348641441162,0.0,0.4846560846560847,4.1130721411404565,0.6249708087499397,0.6153956702577825,82,0
7.292718359902455,0.49940688018979834,0.4472123368920522,5.203963325708847,1.015440577145056,0.49616942882857695,105,199
7.782730456599996,0.0,0.36,2.828665131764199,0.4551446316025448,0.687216911832815,730,0
3.1181778052208853,0.0,0.37666666666666665,2.8649574221129206,0.45847914640023996,0.6856457306696225,730,0
0.5311270807312677,0.0,0.3344370860927152,3.3760827197921173,0.23889011435250035,0.807174089465267,730,0
0.4796663215719603,0.9572368421052632,0.039473684210526314,72.68692206076618,0.4463241460557557,0.6914079411085556,730,110
2.838858505578591,0.0,0.4235705950991832,2.8533155662866494,0.27775165502157745,0.7826246955501794,154,0
5.068885948030732,0.12673267326732673,0.3910891089108911,9.500011332472067,1.0278433788963497,0.4931347314131569,6,43
3.236780044674596,0.06428571428571428,0.24285714285714285,11.84065975409713,0.9595637989908702,0.5103176536099395,730,5
2.671735844216436,0.0,0.4310915104740904,2.702453455812614,0.32143602565163043,0.7567524878904955,91,0
8.212487864807313,0.0,0.3355263157894737,3.263231461339419,0.44257338757251224,0.6932056341915112,730,0
0.189889663119395,0.9912451361867705,0.008754863813229572,904.520984081042,0.18862178709910818,0.8413105084002799,2,695
38.64700269153792,0.002053388090349076,0.2669404517453799,7.110097568128259,1.2768172263179367,0.43920960735930376,346,1
4.360468412986903,0.0,0.4085750315258512,3.6399413387992974,0.3393600414844366,0.7466252307271181,224,0
2.763606701560129,0.10842207163601161,0.40658276863504356,4.891640245466271,0.7667221866932052,0.5660199478627207,1,36
9.88545381393911,0.3833167825223436,0.4339622641509434,4.500742117307024,0.9993516777383928,0.5001621331226582,9,26
0.25258927158233213,0.2554671968190855,0.3359840954274354,7.124397747721599,0.21565923532961556,0.8225989413298527,20,40
0.4570779976591172,0.0,0.5953947368421053,1.6248393480079157,0.17496028820354279,0.8510925943964893,730,0
1.8721306480381512,0.0,0.44802867383512546,2.281383729268349,0.2600906519154305,0.7935936977866842,268,0
2.200664548390539,0.0,0.4208566108007449,2.6075391949673175,0.25654673117526045,0.7958319218774221,272,0
0.0024934776825994804,0.9868421052631579,0.013157894736842105,173.71428571428575,0.0024929036587306936,0.9975132954561249,730,177
1.9831552911162487,0.0,0.44172380019588636,2.776282553170934,0.33806360763909804,0.7473486269942105,4,0
2.224287631007755,0.0,0.367487684729064,4.081165609232533,0.360351971223721,0.7351038710227603,7,0
1.5047879979063215,0.0,0.3225172074729597,4.442458302716554,0.41081426117473346,0.7088105270266666,7,0
10.32916120864961,0.002012072434607646,0.4647887323943662,2.9437514324930247,0.37247440636803636,0.7286110366504311,34,1
5.187088383637868,0.00392156862745098,0.24411764705882352,2.859319176577942,0.6026798701548981,0.6239549261346563,3,2
0.9967657742872162,0.014213197969543147,0.4883248730964467,1.9949689152934411,0.22355522031251468,0.8172904527713795,18,11
7.055091811807339,0.5234375,0.302734375,6.673342215675404,1.2333487007031452,0.44775811304574203,520,55
2.3140163411198733,0.003676470588235294,0.49754901960784315,2.6551717262747383,0.3237973733102777,0.7554026168668152,206,3
4.731384602148512,0.005859375,0.3681640625,4.430462955540325,0.49033911586017676,0.6709882263425876,3,1
0.28120735920241047,0.0,0.5234375,3.4977699453908584,0.19408904903733973,0.8374584800071553,3,0
5.1985915906814535,0.16258570029382957,0.4622918707149853,4.821097561332502,0.6757124724808931,0.5967610890426206,9,21
4.050955825663456,0.031486146095717885,0.1977329974811083,10.230882255129004,1.314004210086805,0.43215133129013933,200,9
8.407233673054222,0.0029154518950437317,0.15937803692905733,33.253306874725894,1.8317537931940648,0.3531380455474041,1,1
3.1154481359658353,0.0,0.47039473684210525,1.6145974558259617,0.19839378806356628,0.8344502532976724,730,0
5.4783675341571865,0.0,0.3291139240506329,2.8816222544891175,0.45610649765630396,0.6867629542272929,3,0
1.0539975726504232,0.9182083739045764,0.05939629990262902,68.61618052305931,0.8877461451059061,0.5297322431792851,1,235
2.745665645684611,0.5785123966942148,0.3565525383707202,13.625654643357676,0.9945723983521432,0.5013605927897982,35,157
25.863520950570894,0.07184241019698726,0.2966396292004635,5.704743019540469,1.141856859021076,0.4668846079924521,168,59
5.456219912327978,0.009473684210526316,0.48736842105263156,2.443779192580071,0.3745050945228583,0.7275345897114606,64,5
42.44017815718859,0.0,0.34777227722772275,3.5979093208353103,0.8168705953244201,0.5503969311702357,117,0
3.798569415678292,0.0,0.44509803921568625,3.232511072965012,0.3138581180207388,0.7611171908778475,4,0
1.763068334910624,0.0009718172983479105,0.4198250728862974,4.458502644987133,0.40149366767354455,0.7135244511378941,2,1
4.17114573363702,0.10619469026548672,0.3952802359882006,3.80057016560428,0.7442397977330718,0.5733156652540926,8,33
1.1597777711845398,0.0,0.41382667964946446,3.868779787139312,0.32995054475222996,0.7519076584808649,4,0
13.233680032150284,0.2336,0.3536,9.286877191036849,1.1620952179029762,0.46251432023882066,408,17
1.9981883932203879,0.0010121457489878543,0.4908906882591093,4.323563324486356,0.4599390383548663,0.684960107051354,41,1
8.84583443497582,0.04975124378109453,0.354228855721393,2.7781095058168264,0.5079714147931589,0.663142543810862,13,50
5.722603196482562,0.21357285429141717,0.5678642714570858,3.818494045890212,0.6188801540037482,0.6177109513183177,17,98
4.422817523608974,0.0,0.2730263157894737,3.594099312669422,0.5912805646486399,0.6284246928012995,730,0
3.4133512564858823,0.008840864440078585,0.3742632612966601,4.090386388567516,0.3851524607012997,0.7219421893050691,4,4
0.13721679188924574,0.0,0.4276315789473684,1.807773288567689,0.06364065653789812,0.9401671455987348,730,0
12.97706250301762,0.13486842105263158,0.5296052631578947,3.5036027068245943,0.8422274363407136,0.5428211415558646,730,10
2.719786030626486,0.0,0.4657534246575342,3.1414243066053027,0.34119472761467096,0.745603885409325,4,0
8.14499547240099,0.0,0.43521594684385384,3.564800125598078,0.5768430749811352,0.6341785152032098,408,0
3.8015833073330825,0.04565217391304348,0.44130434782608696,3.14535383611763,0.37773467012704737,0.7258291612185278,28,17
22.26830281595266,0.0009718172983479105,0.4713313896987366,2.6938786172053284,0.5886156587432709,0.6294788764647355,3,1
1.681549189475827,0.0,0.47713717693836977,2.08827410757384,0.29001124369968195,0.7751870418834912,5,0
13.207315015117402,0.0029702970297029703,0.3405940594059406,4.6201655192329145,0.6407631563148845,0.6094724861118753,12,1
4.5477556159581125,0.0,0.4152791380999021,3.068408780755892,0.4813776903132909,0.6750472931643204,3,0
4.7521908764224765,0.4751219512195122,0.48390243902439023,5.309600963956903,0.9192205486517467,0.5210448589155114,6,147
2.646792860302492,0.0,0.3167259786476868,3.8044285277547276,0.6214063178806565,0.6167485527668981,730,0
6.001228245538776,0.0009775171065493646,0.24633431085043989,5.929724356293053,0.7157245893045868,0.5828441267519034,2,1
1.0289385828208106,0.9046052631578947,0.09539473684210527,27.069712946690103,0.8033834061320827,0.5545132535874949,730,182
3.9192507365340203,0.0,0.41707080504364696,3.26350650618433,0.3551584257936695,0.7379211027775845,2,0
7.1295294698271015,0.0,0.36594202898550726,2.867740547386881,0.37821855921799535,0.725574324414411,730,0
5.9651356765687575,0.0,0.3277591973244147,2.3795256289508644,0.3455296283304969,0.7432017689872631,730,0
1.484076367310722,0.12302839116719243,0.43112513144058884,18.903315159613378,0.7141444956522052,0.5833813908549849,82,85
1.3876534683972876,0.44269662921348313,0.11797752808988764,18.44447680062124,0.9484913268567108,0.5132175782445957,82,342
1.7702265774312078,0.0,0.41118421052631576,2.1203920554501314,0.17646944923941957,0.850000822925316,730,0
2.8933106811709703,0.0019588638589618022,0.48677766895200786,3.0837950328886485,0.4560657629155961,0.686782167034558,4,2
5.568133957978089,0.6617790811339198,0.12903225806451613,74.92786290688186,2.679430377257437,0.2717811991173963,2,15
1.884955422128781,0.7609561752988048,0.2340637450199203,11.387769652058376,0.9807046808710524,0.5048708218128868,9,213
1.3845622578936443,0.14534883720930233,0.5276162790697675,2.967011094592768,0.4113354377416325,0.7085487781701022,267,40
0.31754415436362626,0.0,0.40832395950506184,2.8239665382625194,0.17813667602432212,0.8487979538796357,133,0
1.4215885038975782,0.0,0.3519736842105263,11.317346980890667,0.5480267128063909,0.6459836847305543,730,0
13.170282316862764,0.0048543689320388345,0.3446601941747573,3.4655493589706623,0.5016981349634009,0.6659127934685567,2,2
0.15642820231384694,0.0,0.26785714285714285,3.937934724451579,0.10661318951361182,0.9036581250577076,186,0
0.0969522290776708,0.0,0.5769603097773476,1.400376934267954,0.07499524698768491,0.9302366710942825,1,0
1.8175948844315812,0.858114674441205,0.1010689990281827,28.241537271699684,1.2198146028293106,0.45048807171798466,2,41
0.1584360825164495,0.7937915742793792,0.19955654101995565,16.74311782287242,0.14800516423442883,0.8710762208695035,131,323
1.106342738666345,0.6177339901477833,0.3448275862068966,6.303461671160407,0.6246977195582593,0.6154991097494068,13,598
1.0421120326069093,0.0,0.48344370860927155,2.0231059638366116,0.23160260646514133,0.8119502140955428,730,0
3.5957844085499295,0.5100200400801603,0.2725450901803607,11.061765725511343,1.167067605803423,0.4614530701866396,35,306
0.5345792390845778,0.001968503937007874,0.3937007874015748,1.7593723595310689,0.13155335740356466,0.8837409154921125,6,2
1.7189374079831492,0.009045226130653266,0.37386934673366834,3.561848986946776,0.30841436831780755,0.7642838723069608,23,5
7.666868475711453,0.02103960396039604,0.4628712871287129,2.1728119094563665,0.31211889604995524,0.7621260565718793,225,17
0.023250801137011026,0.0019569471624266144,0.7338551859099804,1.0533428002107146,0.01629107078795927,0.9839700738732966,3,2
85.88483520458965,0.030303030303030304,0.18686868686868688,281.16586026301695,8.083931854509336,0.1100844894057183,19,17
5.06813992149969,0.6877040261153428,0.05005440696409141,96.30938169826877,3.053176393220725,0.24672007901570317,71,56
12.431286420662376,0.0591016548463357,0.5295508274231678,2.6995313935017005,0.6030355892288461,0.6238164684048334,152,24
3.1619633091288155,0.12421052631578948,0.5094736842105263,5.598894200589116,0.5899416991382957,0.6289538795931777,79,40
2.8943290518931355,0.02926829268292683,0.26439024390243904,4.45313737548803,0.5578828826781321,0.6418967761433488,2,11
8.06891862298962,0.017526777020447908,0.4070107108081792,3.541632300508511,0.6209502226855812,0.6169220905150349,3,9
2.5926868720068255,0.8533333333333334,0.08,40.101077819607035,1.5747931032010845,0.3883807202826357,730,48
0.0,1.0,0.0,0.0,0.0,1.0,161,207
2.4577432820743548,0.01929260450160772,0.3140407288317256,10.435986176107772,0.7705637676001978,0.5647918579941285,23,10
1.1990323448713962,0.0,0.4196078431372549,2.1451951764062778,0.21937019929092413,0.8200954891152088,5,0
5.383472142568382,0.006,0.349,3.0949423247559893,0.39356462707253087,0.7175842300910764,8,1
7.842963701117449,0.00872093023255814,0.3875968992248062,4.941707675088032,0.671805974881637,0.5981555366021464,1,3
4.475976903055783,0.06692406692406692,0.5148005148005148,2.327318040733268,0.44732595561953925,0.6909293626064642,247,26
5.17965698819703,0.8951310861423221,0.056179775280898875,43.922077922077925,2.579611493520246,0.2793599254584425,253,191
5.1643636926724925,0.0,0.44854368932038835,3.0245595301655097,0.3519225061430971,0.7396873677714726,3,0
5.306718364987916,0.10068426197458455,0.46236559139784944,3.241107170635289,0.5011389306234303,0.6661608593314511,4,55
2.7273146329178792,0.11445198836081474,0.4510184287099903,8.630742033258604,0.653840663020217,0.6046531702599549,2,117
2.5439634902454293,0.0009765625,0.3505859375,2.8578670786773688,0.27772734448833175,0.782639586069477,5,1
2.0017491368706994,0.0,0.3711615487316422,7.710614696870104,0.39383705597847973,0.717443976475425,284,0
3.415094862575508,0.0,0.3564453125,3.713926305447667,0.4043948618612637,0.7120504547237423,4,0
2.4085996735263215,0.0,0.4901315789473684,3.9988156361230986,0.3871384464810859,0.7209085744374077,730,0
5.733045032066349,0.7794117647058824,0.09558823529411764,26.268418956591,2.3144565553343135,0.30170858579835413,730,117
0.0,1.0,0.0,0.0,0.0,1.0,2,505
2.3568069642654335,0.6177474402730375,0.36177474402730375,4.202712705303378,0.8709428286223113,0.5344898757469573,730,67
1.0934549463065324,0.0,0.45723684210526316,2.8306369992058924,0.35129968789531707,0.7400282919901542,730,0
6.428561740577316,0.0,0.34539473684210525,1.8298978918850333,0.2614141837654387,0.7927610239920618,730,0
0.0,1.0,0.0,0.0,0.0,1.0,2,485
3.0221909568403893,0.0,0.5730880929332043,2.51146946227693,0.3278470210990939,0.7530988013756839,1,0
1.7344413280624553,0.03636363636363636,0.301010101010101,5.76572042295611,0.5340410708775354,0.6518730293367949,40,6
0.6995581387766338,0.09353348729792148,0.4295612009237875,4.669003371183078,0.35896671042358097,0.7358531981171978,142,56
3.064284662304794,0.0,0.32517140058765914,5.850023036430236,0.43807736492972227,0.6953728807551806,10,0
3.5727422357809875,0.02077922077922078,0.38961038961038963,4.487179487179487,0.5667421059297252,0.6382671380409395,647,1
3.248594801777062,0.21414728682170542,0.5281007751937985,4.883951153817971,0.6718900292067763,0.5981254643132522,1,47
0.6294905051017508,0.0,0.39649122807017545,3.5608029942157193,0.2315398502310161,0.8119915890764046,129,0
3.425063229582977,0.0,0.35785953177257523,3.276694433926543,0.3362491645911237,0.748363423902299,730,0
2.9130184001319464,0.0,0.21023513139695713,7.511795036061915,0.7922004029607748,0.557973315008727,305,0
1.6121674023026336,0.12535612535612536,0.5356125356125356,2.3345516275359226,0.3959879624412876,0.7163385551342517,326,43
1.6431362756218897,0.0012330456226880395,0.3810110974106042,8.261856903048251,0.60599247821945,0.6226679225227079,217,1
3.8310334774800374,0.014677103718199608,0.3013698630136986,4.624039610722213,0.6339402175436838,0.6120174956604645,5,5
0.1540912246618964,0.9825517993456925,0.017448200654307525,613.6110283159464,0.1529718775535168,0.8673238432509675,80,140
3.6196150643798775,0.01038961038961039,0.2909090909090909,7.470940471997182,1.0542275713846694,0.48680098248605513,647,1
3.921671788505597,0.15579357351509251,0.31256085686465435,5.967594528503235,1.0028003134208388,0.4993009004936554,6,6
1.3465377102384208,0.0,0.4418604651162791,3.1184660651931155,0.2835629386862221,0.7790813912277179,730,0
4.757107727002522,0.35855263157894735,0.4342105263157895,4.915377101849385,0.9373672042266067,0.516164410039757,730,56
0.4719757586223266,0.8417910447761194,0.0955223880597015,46.72958500669344,0.4246324134241424,0.7019354540701999,9,128
5.6571982963731,0.15460526315789475,0.3618421052631579,5.749414396432902,1.0539920463430077,0.48685680247907076,730,6
2.3810447170985465,0.001937984496124031,0.5784883720930233,2.713488317277506,0.41274742675924725,0.7078406097641504,1,1
10.390918135899534,0.012770137524557957,0.26522593320235754,63.50649569801068,1.8368235669998465,0.35250694178967745,3,5
0.2420867332127305,0.0,0.451505016722408,3.4664839797639124,0.16401688849498416,0.8590940645998274,730,0
0.008735455708589834,0.0,0.35721200387221685,1.0658009428088588,0.005656976301271542,0.9943748450668761,1,0
4.185478538414481,0.01899441340782123,0.30726256983240224,7.026663623408507,0.8686606016341195,0.5351426573265968,129,15
2.0957650671672368,0.02857142857142857,0.42167487684729066,11.433454876937104,0.6126238503734566,0.620107410521317,5,20
11.612811657919599,0.013422818791946308,0.41498881431767337,3.5402335264301232,0.6178527334316557,0.6181032298773464,107,3
4.255963657513218,0.0,0.3275058275058275,5.5633472497798175,0.625008227310923,0.615381499732348,170,0
1.5435692442658075,0.8707482993197279,0.12050534499514091,19.416580548857507,1.0237136988730655,0.4941410440404019,2,625
0.0,1.0,0.0,0.0,0.0,1.0,388,304
2.1428427987927696,0.24582104228121926,0.39233038348082594,5.707767262250146,0.7225316715201604,0.5805408495725857,5,52
0.7358430163081306,0.0036900369003690036,0.33025830258302585,12.996185286103541,0.4217266731934089,0.7033700772834569,280,2
6.8703774254348104,0.003992015968063872,0.3722554890219561,4.1036337531162275,0.3867230102019015,0.7211245451637843,6,1
2.909482681454593,0.0,0.3881578947368421,2.608078832844462,0.3700083395367364,0.7299225640758847,730,0
13.157826801537757,0.5756578947368421,0.3355263157894737,6.088897119431221,1.3080505523819652,0.43326607338300077,730,144
0.8970335844626183,0.22134387351778656,0.2621870882740448,53.74702239161506,0.687802170551402,0.5924864995719858,260,5
5.606723154296431,0.0,0.31619786614936957,6.405941592231323,0.7729605775650265,0.5640283335421897,2,0
4.9244081023478685,0.7604166666666666,0.15856481481481483,36.24955391684695,1.996962611321123,0.3336711630043257,155,200
2.729436014272926,0.1875,0.47039473684210525,3.499661986734204,0.6263813239063084,0.6148619547586538,730,57
228.25673284667795,0.032586558044806514,0.16395112016293278,292.7916926470894,8.963593931795243,0.10036539092674762,23,23
5.668468934627574,0.0,0.5262135922330097,2.647749423037981,0.41797900431875823,0.7052290597775329,1,0
0.0015877285003116299,0.9980601357904947,0.0019398642095053346,859.1666666666666,0.0015876361063578168,0.9984148804866145,2,308
0.0,1.0,0.0,0.0,0.0,1.0,237,716
0.23222313066517086,0.002904162633107454,0.4365924491771539,3.401137404042538,0.1498391552425554,0.8696868561490697,1,1
0.9024806817809615,0.011627906976744186,0.46124031007751937,4.00237884347716,0.3564878142838369,0.7371979235419479,1,8
4.794186341470041,0.19656283566058003,0.30612244897959184,9.479659323404862,1.2925965189828696,0.436186651999131,93,78
19.542535348306917,0.0,0.2804284323271665,4.520036513920355,0.7424184420937859,0.5739149539753178,6,0
7.684264300205034,0.0,0.4724186704384724,2.366193225110318,0.42073243315048636,0.70386230135008,318,0
4.3376948103936055,0.0009699321047526673,0.483996120271581,4.304241282081761,0.2050479451487349,0.8298425004795751,2,1
1.2952812160248306,0.0,0.5195694716242661,2.3008052645250667,0.3197352327714588,0.7577277435413986,4,0
11.702260361236414,0.0029585798816568047,0.2692307692307692,14.270822502994823,0.9156210724160467,0.5220239087988137,9,1
3.038118775134122,0.0,0.369140625,3.605451137342317,0.4021886304710302,0.7131708090259403,6,0
0.6513488218397557,0.0137524557956778,0.27406679764243613,11.327434821898223,0.3768681337892791,0.7262859641089229,7,3
1.313186251251938,0.0019474196689386564,0.46543330087633883,2.2855197382625017,0.25728070112530366,0.7953673345220126,2,2
3.32131510311986,0.0,0.36623067776456597,7.88580801444495,0.6654990604961419,0.6004206329015317,188,0
6.408527594173813,0.0011173184357541898,0.49162011173184356,1.8868900908083823,0.29940872364596105,0.7695807960978885,136,1
5.505412130951549,0.000980392156862745,0.4598039215686274,3.7842789897251605,0.43618402491576796,0.6962895998363788,4,1
0.9145669326772838,0.8425742574257425,0.12871287128712872,44.753978345470664,0.7276020275251918,0.5788370145828727,7,102
4.027638873208049,0.0,0.2966666666666667,3.695368178702158,0.46128742262985445,0.684328068875264,730,0
0.3479489911519444,0.0,0.3596938775510204,2.3967031482232133,0.19823848109348613,0.834558408679566,642,0
4.255539308144288,0.03464203233256351,0.5046189376443418,3.5104813737449567,0.5478081326009429,0.6460749100210477,161,24
3.5306870265849777,0.0,0.4710467706013363,2.1951229842552316,0.29318162230168265,0.7732865846176654,131,0
3.83682958992013,0.048323471400394474,0.34714003944773175,3.2987859531473807,0.5032799427944049,0.6652120949216738,9,30
7.639875712481359,0.0,0.3980263157894737,2.6217381351236284,0.46654886042525007,0.6818729515155966,730,0
0.37766074332202687,0.34405458089668617,0.15886939571150097,22.07749256209783,0.33102946754752083,0.7512981676074709,3,115
4.78620839853947,0.0087890625,0.46484375,3.1093898034987295,0.4409616789662907,0.6939809813106027,4,5
4.929806405096773,0.0,0.44549763033175355,2.4514993435140067,0.4193195163687967,0.7045629884371711,223,0
3.952999520976823,0.000975609756097561,0.2575609756097561,7.106869352625764,0.6392594412392646,0.6100315635479943,3,1
3.3863029427387703,0.0,0.3352059925093633,3.9450192944711953,0.3670565562265939,0.7314986314540207,253,0
4.85187650853797,0.3536067892503536,0.5601131541725601,3.227506640106242,0.7518645375499402,0.5708203908268753,241,92
0.0,1.0,0.0,0.0,0.0,1.0,3,657
0.719396465405501,0.0068359375,0.453125,2.1677318885248025,0.21108760876579813,0.8257040966830512,4,3
3.189966758980037,0.0,0.27631578947368424,7.212789136327939,0.8868960643942232,0.5299708971098226,730,0
17.08908762631824,0.4035433070866142,0.4625984251968504,3.9606279437733147,1.0673844461278996,0.4837029715846738,3,345
4.010295585894079,0.012448132780082987,0.44813278008298757,6.757431399924518,0.8133669426617545,0.551460367162174,26,2
8.67573525650825,0.0,0.45,2.2052706596066525,0.3735671834842468,0.7280313711800823,443,0
6.272526728022818,0.0,0.4967105263157895,2.467319522809555,0.3687709348457182,0.7305824331466503,730,0
1.7233362021256313,0.03107658157602664,0.5538290788013318,1.5937111041593175,0.2246862690163565,0.8165356510473332,132,10
1.7587124814485289,0.0,0.3766990291262136,2.5254316865772863,0.25980673139224636,0.7937725486629787,2,0
4.028570037735822,0.004897159647404506,0.4397649363369246,3.969517968078826,0.5229474567633615,0.6566214714493475,2,1
5.817146969131674,0.20699708454810495,0.6355685131195336,2.345095842668658,0.5367584390770036,0.6507203569356109,2,212
0.00031158847642487705,0.9990291262135922,0.000970873786407767,1030.0,0.00031158545132340786,0.9996885116039291,2,304
5.07252009567619,0.075,0.5640625,3.4483924583980134,0.6249748022864242,0.6153941578619851,232,15
3.544872525951748,0.0,0.4473684210526316,2.158048022781697,0.3326371498165971,0.7503918078057663,730,0
11.526670167368207,0.004232804232804233,0.4973544973544973,3.922405499299055,0.7197984871570626,0.5814634723007951,82,3
4.642240683421027,0.0,0.43288590604026844,1.7400379573954843,0.23305441864914603,0.8109942147529342,730,0
5.480293504792828,0.09289617486338798,0.3570127504553734,11.102645742745873,0.9293309695939305,0.518314387608919,477,36
0.3038597460133879,0.7904255319148936,0.1127659574468085,50.500137400384716,0.2820238958634497,0.7800166621126003,87,408
0.33474199038258484,0.009153318077803204,0.39588100686498856,1.7576073196917013,0.13786295889732966,0.8788404545386302,147,1
2.7156417292953288,0.009765625,0.5087890625,2.4764220860069877,0.26140732409762635,0.7927653351112185,5,2
5.256165434863708,0.45695364238410596,0.38741721854304634,3.9687619108118413,1.016653405575165,0.49587102931789717,730,97
3.422548119034299,0.000970873786407767,0.3864077669902913,2.352673679382589,0.4049827003106769,0.711752536012632,3,1
4.277284417561188,0.2576204523107178,0.4139626352015733,5.493628012922628,0.8618739033709643,0.5370933005664227,5,258
3.0550418869843843,0.0,0.44258639910813824,3.6306410210913573,0.45908386231785614,0.6853615654493159,131,0
4.469283720922404,0.21574344023323616,0.6365403304178814,2.5451163512211092,0.5755011442501923,0.6347186758000846,2,138
0.0006228746598642949,0.9990300678952473,0.0009699321047526673,1031.0,0.0006228625771760857,0.99937752513912,2,363
2.3119128239699296,0.0,0.3256578947368421,2.4738287767937366,0.3121223486119057,0.7621240512044476,730,0
0.6233077599899303,0.065,0.339,9.07602154568593,0.41365499757101354,0.7073861739379349,29,13
4.24340215060271,0.0,0.36151603498542273,3.328245272328744,0.3792628530976398,0.7250249637000908,1,0
1.7611812490138428,0.6938775510204082,0.30385487528344673,5.905146463493118,0.8417571782669202,0.5429597407303131,585,303
2.4874833805774936,0.0009718172983479105,0.2915451895043732,3.737410223024906,0.42455914747395307,0.7019715550408793,3,1
4.9253922782429,0.0,0.341796875,6.617295144342082,0.8455268854728099,0.5418506811640448,6,0
1.3853251472919677,0.0448780487804878,0.6097560975609756,2.203310982065514,0.2979800297095379,0.7704278780188784,6,7
15.01131835712543,0.301556420233463,0.40077821011673154,4.752012321871321,0.9077646104099475,0.5241736818805525,2,70
2.46213937508584,0.000968054211035818,0.4317521781219748,3.0060405654833713,0.3265365566605776,0.7538427757448309,1,1
13.581392515440655,0.0,0.3509933774834437,2.905676779033617,0.698763416567102,0.5886634891283578,730,0
7.974782313801399,0.10568295114656032,0.36490528414755735,7.256461539702977,0.8265013666077485,0.5474947997751789,20,27
2.457351512918351,0.11403508771929824,0.6033138401559455,2.3586510053928205,0.38955377167242133,0.7196554896874792,2,40
1.869411303242189,0.022988505747126436,0.5080459770114942,3.3091144068464438,0.34774614038681373,0.741979494530767,597,4
49.07553381039952,0.19262295081967212,0.39617486338797814,4.432518657779296,1.0934224655578346,0.47768666690673445,293,47
1.9446660368988966,0.04639684106614018,0.3395853899308983,9.228977396148782,0.7640723814796961,0.5668701638881758,8,3
1.4523619926203417,0.0,0.46710526315789475,2.727508699332268,0.23250640920328808,0.8113548071903465,730,0
0.5485883261644338,0.35334645669291337,0.16338582677165353,63.79516878762479,0.48583609161464114,0.6730217455636789,10,16
3.178351369516025,0.0321285140562249,0.4508032128514056,2.8578449459096475,0.3468492889146694,0.7424735701541109,35,32
1.5711628718948785,0.0,0.40950639853747717,3.3338938879417266,0.31834958528631646,0.7585241510754691,268,0
0.026543687615565293,0.9970845481049563,0.0029154518950437317,961.1538461538461,0.02652023434709507,0.9741649180798048,2,275
3.6111769911266336,0.0,0.4224390243902439,3.6027280503878925,0.49575976308053726,0.6685565588022548,4,0
3.425383335532299,0.0,0.4472123368920522,2.9657021736087503,0.3460542944451908,0.7429120832099677,188,0
0.629210567507559,0.0,0.4370860927152318,2.9404062447540706,0.2116760514506882,0.8253030987966978,730,0
1.8737590601791212,0.024415055951169887,0.4526958290946083,2.5406078568607744,0.30204970730763037,0.7680198339491917,16,8
4.666089696064416,0.0,0.4002911208151383,3.2739897170479813,0.4321076576082126,0.698271526367031,325,0
7.792528407948776,0.23408423114593535,0.3712047012732615,5.327550982606297,0.9575054733467199,0.5108542548748607,2,97
4.496187633176351,0.010848126232741617,0.4181459566074951,2.016733686645616,0.2590988388372448,0.7942188247298219,3,2
5.432265026173289,0.07013301088270858,0.47762998790810157,5.0467334055709205,0.7028323312914971,0.5872568788035398,204,7
0.021665892608686524,0.8904109589041096,0.1095890410958904,56.96531791907514,0.021563686641863443,0.9788914906394641,284,138
1.0988198847105748,0.0,0.4491916859122402,4.436525361706918,0.36013246798598103,0.735222504820249,148,0
0.8699887601794709,0.0009718172983479105,0.39552964042759964,2.34774518671663,0.2395137142923162,0.8067679997965465,2,1
4.796474284244573,0.09169764560099132,0.3667905824039653,17.610605287211694,1.160914138312405,0.4627671142829226,217,74
1.474724169588299,0.0,0.3651315789473684,4.698051503582131,0.46630139225408296,0.6819880314392543,730,0
7.650941347302681,0.0029154518950437317,0.3401360544217687,5.3052381946416896,0.5033787605698521,0.6651683702255794,1,1
14.170815984065554,0.014814814814814815,0.35259259259259257,1.8072976412570851,0.3445689957181218,0.7437327524169999,357,4
6.377569763643467,0.054371002132196165,0.5159914712153518,5.443477538589327,0.7329731591371159,0.5770429823032697,70,8
7.1175394470797055,0.0,0.3664804469273743,2.339589973309555,0.44945501251212405,0.6899144791440261,136,0
0.33288168239298727,0.021297192642787996,0.5004840271055179,5.057922700281279,0.19093950753612365,0.8396732106644536,1,22
6.111524553094567,0.0,0.19767441860465115,15.061061919996217,1.3758533434014537,0.42090140065982495,154,0
3.389437436410076,0.0,0.259727626459144,5.261868677425811,0.6250826008760987,0.6153533361694291,2,0
5.1915063578935765,0.022593320235756387,0.4174852652259332,2.4997957615793718,0.33439252474815373,0.7494046777493263,8,9
0.4500599576944177,0.9979035639412998,0.0020964360587002098,565.2967942088935,0.4411173892375475,0.6939059978514799,22,349
5.526007567046933,0.0,0.3687150837988827,4.3785179857019,0.6810225951776859,0.5948760015889608,134,0
5.481661413272127,0.011764705882352941,0.353921568627451,5.454061878915067,0.6518681364546082,0.6053751978933938,6,2
7.987563636494653,0.07719714964370546,0.5463182897862233,4.799345788974224,0.4820849508081543,0.6747251562433839,182,33
3.081246860905867,0.32936507936507936,0.4417989417989418,7.773715132390245,0.8063885356594589,0.5535907587206479,260,72
1.8052363627925976,0.003033367037411527,0.3731041456016178,4.1760002124501705,0.40780414085830363,0.7103260822846597,20,2
0.8940198305782427,0.010816125860373648,0.3952802359882006,1.9969036740550543,0.31671136985661635,0.7594678855920377,3,3
3.0807752674671525,0.004975124378109453,0.41194029850746267,4.178519554978046,0.4413346956241814,0.6938013793992117,20,3
1.9336038838889278,0.0,0.45499021526418787,2.0130504577205084,0.19295258253929895,0.8382562849827749,5,0
0.7921719779136516,0.2532894736842105,0.4605263157894737,2.116940809220795,0.3779588820480728,0.7257110593268871,730,42
7.019488659211577,0.0,0.35318704284221525,3.293616058309276,0.490926424942046,0.6707239091552564,44,0
8.412302183771853,0.125,0.5526315789473685,2.75759991521089,0.5506547687356311,0.6448888689875035,730,36
1.6603623921268404,0.2565789473684211,0.4375,3.940329177451542,0.6230637409815452,0.6161187479890664,730,19
2.5007001540621476,0.0,0.4499514091350826,2.117888910345589,0.23019083345826954,0.812882012125578,2,0
4.685169134472353,0.006018054162487462,0.4172517552657974,6.113776199748024,0.48017204225626403,0.6755971410429252,29,2
2.673754798455543,0.0,0.46301369863013697,3.823615250869349,0.49403690464527344,0.6693275091738301,669,0
0.0454781674901674,0.0,0.6599326599326599,1.2704153056462901,0.024373855465172005,0.9762060937663196,730,0
1.3718351546116345,0.30761421319796955,0.601015228426396,3.0602779900220236,0.4887149093979066,0.6717202828340305,23,114
2.412713113263891,0.004052684903748734,0.4002026342451874,3.8110994954774777,0.4246938928257476,0.7019051636535012,25,2
4.238309534688871,0.014955134596211365,0.4317048853439681,4.077768344055123,0.6524839778259467,0.6051495889936721,16,11
1.0085490011705143,0.0,0.32663316582914576,3.369436898756152,0.2914585196743183,0.7743183267335457,835,0
2.2863920025087956,0.003181336161187699,0.4708377518557794,3.4431292841296326,0.45287261747659446,0.6882915872809543,85,2
1.9892204383532366,0.0009737098344693282,0.4430379746835443,3.1277523984171935,0.4324364796355753,0.6981112350995201,3,1
23.8301710910361,0.12462908011869436,0.410484668644906,116.25885036496351,3.175471592597535,0.23949390573578447,6,117
3.572025035244554,0.0,0.44623655913978494,2.760839533950706,0.3133627217960278,0.7614042818517772,101,0
4.8306909972512635,0.0034129692832764505,0.447098976109215,3.206387701669881,0.32846171980228617,0.7527503315254196,119,1
4.632958975078753,0.001953125,0.322265625,3.683703614621623,0.4481299375604558,0.6905457680714874,4,1
9.20160706644744,0.6294466403162056,0.1551383399209486,16.526666406297945,2.0258244793490947,0.3304884360692054,4,302
2.177736708635428,0.0,0.3815789473684211,4.795369030390739,0.42772448599636265,0.7004152480456566,730,0
2.5406440662034497,0.012948207171314742,0.4452191235059761,3.9913739756596094,0.3214015533865973,0.7567722297867119,16,10
2.9077546310993037,0.0,0.41142303969022265,4.256904032992612,0.40828814190951285,0.7100819571228438,1,0
2.0560216813542493,0.5556915544675642,0.30354957160342716,16.8237745562328,0.97978320121931,0.5051058112747494,160,36
8.902160552215832,0.0,0.40544871794871795,2.2421390324784873,0.5056701292800465,0.6641560993696285,409,0
7.110389666016594,0.0,0.3459669582118562,2.4213832915216744,0.314399996834385,0.7608034102315966,3,0
4.663806133403296,0.0,0.2536764705882353,5.451650633912111,0.6988534390441228,0.5886322957692337,463,0
4.173454737320501,0.8192534381139489,0.1100196463654224,17.770972346485085,1.7116243811280645,0.3687826407520312,10,316
0.0003111356956435252,0.9990319457889641,0.000968054211035818,1033.0,0.00031113268371047863,0.9996889640897271,1,534
0.2086985224097335,0.3018500486854917,0.4819863680623174,3.9233029679694384,0.1694053813317918,0.8551354525674729,5,212
5.127092544363251,0.001943634596695821,0.49271137026239065,2.4371594837665382,0.3445415190080356,0.7437479511512382,2,1
5.60277755627286,0.12251655629139073,0.44370860927152317,3.9344048482946636,0.7226364615518407,0.5805055345799124,730,19
5.547006752075042,0.048574445617740235,0.4952481520591341,4.69266162847784,0.392833989740958,0.7179606524292116,77,13
0.9026212250724575,0.0,0.40264026402640263,1.9721834354007013,0.22555667174993985,0.8159557391761628,730,0
2.9377305119337915,0.0010893246187363835,0.48366013071895425,2.1562554832128877,0.284872492553489,0.7782873443049992,114,1
4.303681137580252,0.0,0.44370860927152317,3.1497473890585534,0.5362200902490414,0.6509483936236552,730,0
4.067910410814069,0.007072135785007072,0.6237623762376238,2.214645206951689,0.4222698904166809,0.7031014343606973,241,5
2.7942241251958007,0.0020100502512562816,0.43618090452261304,2.2010158070508234,0.3048994421911525,0.7663425760385234,6,2
7.791555237960622,0.10214007782101167,0.2898832684824903,12.99752337746505,1.2892949006875707,0.4368157198531558,2,83
0.0033711796338049523,0.9980392156862745,0.00196078431372549,728.5714285714284,0.0033707169863754502,0.9966406065780956,4,308
1.0954084527815953,0.000998003992015968,0.4421157684630739,2.9486889341195277,0.29128951152371335,0.7744196720222768,25,1
2.7313590486658352,0.0,0.4219409282700422,3.02731986939885,0.25963558479637,0.793880398481802,241,0
257.8067758463161,0.043478260869565216,0.030632411067193676,520.903855994702,15.38502337272096,0.0610313441276426,14,29
0.2904176870154458,0.9962593516209476,0.003740648379052369,371.1880466472303,0.28553300763299605,0.7778874552908313,224,304
2.0407314435522923,0.0,0.08458646616541353,36.542759805491656,1.2401552699471339,0.4463976285106342,253,0
3.0531523937971694,0.0010141987829614604,0.4432048681541582,1.9767818788203677,0.24871103039018455,0.8008257920870052,6,1
7.3873784145825985,0.04079601990049751,0.42786069651741293,2.069422987265863,0.32444392858758886,0.7550338511245381,9,22
19.264034642127008,0.0,0.5361842105263158,1.8744210588028378,0.44140538791606826,0.6937673526014523,730,0
12.67689506856988,0.0,0.4395973154362416,1.7786040898035855,0.23358027009271726,0.8106485035828588,730,0
6.142986084433248,0.0,0.3693181818181818,2.8749000412568573,0.505380496917348,0.6642838817480073,680,0
5.48721933633605,0.9297520661157025,0.06198347107438017,36.233984897207066,2.5597221878545873,0.2809207986544284,730,50
0.2504067842689762,0.002026342451874367,0.44680851063829785,3.151825894503873,0.12767078858045797,0.8867836341303357,7,1
2.8755994375540754,0.0,0.302071973827699,9.018088341434549,0.6866222491328021,0.5929009892488745,71,0
3.1015137683371066,0.8368932038834952,0.10582524271844661,19.297399178472286,1.592319515403129,0.38575491719217764,2,374
4.7976768741395235,0.5171919770773639,0.41260744985673353,4.926966962487882,0.990821485930939,0.5023052077079551,324,103
3.457775463029856,0.9633333333333334,0.03666666666666667,36.30922187278077,2.086600633441197,0.32398101301661353,730,222
2.597653094658161,0.0,0.4291044776119403,3.006991873004263,0.31640638052233033,0.7596438415948843,227,0
5.684334633116912,0.0,0.39473684210526316,2.721820849824327,0.3927653047768449,0.717996059041853,730,0
2.716893399575824,0.0,0.3980263157894737,2.3510497039296605,0.326044368179003,0.7541225799052673,730,0
5.739382216890056,0.0010131712259371835,0.3839918946301925,3.492857018161504,0.435206210684495,0.6967639859383472,40,1
3.45843640636762,0.0,0.12828947368421054,27.566503042238622,1.6320216506042384,0.3799360844050914,730,0
2.0476244461778617,0.0,0.40808823529411764,3.3202888515184497,0.4341366040692014,0.6972836458971986,730,0
7.927204547616153,0.0,0.3775811209439528,3.0312287628781913,0.43170391613737624,0.6984684394088414,443,0
8.50872185681098,0.2631578947368421,0.3355263157894737,7.342429312628985,1.1764939868692212,0.45945451999086406,730,13
1.0838114793476195,0.0026560424966799467,0.4541832669322709,2.5965764126814093,0.20882153129182138,0.8272519756752994,265,1
5.675279850219745,0.11655239960822723,0.5857002938295789,2.771103670978862,0.42480605026112866,0.7018499113031749,4,95
3.9136466387011146,0.0,0.41147859922178986,2.8941651791917398,0.38744871816800486,0.7207473594558548,3,0
1.991124279587509,0.3785644051130777,0.40904621435594885,7.174613834788447,0.7501096072117028,0.5713927835601182,4,88
8.34097230313759,0.1364221364221364,0.45045045045045046,4.319722650231125,0.8120557179688893,0.5518594103281148,247,20
2.9805918183038553,0.0,0.4144271570014144,3.535399863834364,0.390781666943131,0.7190201192383778,241,0
6.75623037125226,0.0,0.38,2.531950807812877,0.38413863834729706,0.7224709810818011,730,0
1.5918701277332363,0.0,0.43333333333333335,4.7082170678624875,0.34781857272043565,0.7419396202425086,4,0
5.127745960072752,0.3594961240310077,0.24709302325581395,22.109357590000204,1.3250586756997542,0.4300966725921607,1,107
2.974088340435153,0.22279129321382843,0.32522407170294493,8.408352628999271,0.9087456597900064,0.5239042692099777,228,17
3.128825680016304,0.002955665024630542,0.4098522167487685,5.575274533766882,0.5724004919155877,0.6359702920098576,15,2
7.906992099819364,0.2733050847457627,0.4661016949152542,5.385962713668736,0.8923186082677697,0.5284522361249732,83,45
0.20532307034223343,0.9738372093023255,0.022286821705426358,159.61599999999996,0.2009420659963821,0.8326796340257537,1,341
2.6389479414073693,0.0,0.35333333333333333,3.5448403762087697,0.5527171308843585,0.6440323096264448,730,0
7.302586315007593,0.0,0.3256578947368421,5.103815692178856,0.8709448789545099,0.534489290009871,730,0
2.6798441371779615,0.0,0.6181818181818182,2.4969106168098008,0.391605681540368,0.7185943642405227,647,0
3.0464571177804163,0.0,0.5029239766081871,3.2866045498547916,0.44805463854237726,0.6905816765357746,3,0
2.5196594332015088,0.0839231547017189,0.4236602628918099,3.849557952130448,0.5086418380588487,0.662847850810427,7,53
3.366053770391523,0.002932551319648094,0.39002932551319647,3.173280290815867,0.3821173034536227,0.7235275887952555,3,1
1.8380096787531024,0.0,0.49221789883268485,1.7313371149892027,0.21543170735068246,0.8227529312854063,282,0
4.035735531711373,0.0,0.1611842105263158,8.54139502682744,1.230160431596937,0.448398234419367,730,0
1.3222040372575532,0.0012755102040816326,0.42857142857142855,2.954003824379951,0.26118729328540696,0.7929036435143498,224,1
0.5861840448898629,0.0,0.34044616876818623,6.753544437576024,0.29712964251440455,0.7709329640031682,2,0
0.013918689121741528,0.0,0.48496605237633367,1.1328425447752992,0.011004477262421505,0.9891153031367187,2,0
0.5394431738986355,0.03524804177545692,0.6057441253263708,2.496180351514504,0.2727913802888608,0.7856747111007691,265,12
0.059501062428906515,0.9872922776148583,0.01270772238514174,143.01809210526315,0.05914951885642649,0.9441537594047243,3,399
4.551654514434468,0.001059322033898305,0.4078389830508475,2.935488524400975,0.3570114945980957,0.7369134336597264,82,1
1.0609910385699037,0.0,0.37735849056603776,6.762495074215158,0.31030157641233436,0.7631830854833022,24,0
3.412431193679807,0.00199203187250996,0.41434262948207173,5.419895654882417,0.5579209416451482,0.6418810950342644,13,1
0.11005166940668837,0.042505592841163314,0.941834451901566,1.098209090321329,0.07244879820441631,0.9324454479078943,83,13
4.175008554451911,0.10059171597633136,0.45857988165680474,6.909528629661041,0.7342246685618765,0.5766265571745443,5,59
5.029393420050177,0.009861932938856016,0.388560157790927,4.1819234394362015,0.5440116879441202,0.647663491026754,6,3
4.033815154600299,0.059134107708553325,0.37697993664202745,9.232497350759449,0.7355392223753698,0.5761898014792982,78,23
37.04534526718237,0.0,0.29615004935834155,3.8252210759118377,0.905269973789069,0.5248600008172434,18,0
2.737731826269284,0.008737864077669903,0.2796116504854369,4.682345166643064,0.7451894064510521,0.5730037073933197,3,2
3.597095454749771,0.003968253968253968,0.375,3.5522634376619138,0.4366658338958769,0.6960560879270381,5,2
99.25197582301266,0.005082592121982211,0.4358322744599746,2.4726385943649603,0.4917504277182132,0.670353419324708,199,2
1.9913834365725667,0.017293997965412006,0.4303153611393693,2.8041966542014563,0.25599066784764934,0.7961842596439571,8,5
7.598006509889348,0.0,0.5077669902912622,2.8750984921743488,0.41408352338408055,0.7071718066602415,2,0
0.8476408140295341,0.7260406582768635,0.2207163601161665,12.614275184275183,0.6080645561753533,0.6218655813037856,1,275
5.907305761820387,0.0,0.3330078125,4.637575481371767,0.7518495948225211,0.5708252597457201,7,0
7.6586584026246936,0.0029154518950437317,0.4392614188532556,2.8722595223439416,0.3942778929128779,0.7172171380490255,1,1
0.0,1.0,0.0,0.0,0.0,1.0,3,597
3.2089366423966537,0.05737704918032787,0.41569086651053866,3.3793869451555656,0.45507837117694644,0.6872482058757741,158,45
6.431016290890537,0.730883813306852,0.26812313803376364,11.399584836736066,1.4150068182452722,0.41407750588737186,6,216
4.759786703522509,0.008036739380022962,0.3719862227324914,3.124415682861434,0.40918396799467266,0.7096305540738173,155,2
1.0266278461529732,0.03374233128834356,0.17075664621676892,7.425065779856746,0.48444533983942945,0.6736522882736583,8,15
3.5136998281689444,0.002002002002002002,0.4044044044044044,1.9831378509985578,0.18069460927201308,0.8469590630354237,6,1
0.6372414463828252,0.6122448979591837,0.2653061224489796,13.08296943231441,0.48016040093431395,0.6756024545507198,445,17
2.8697338720348107,0.002909796314258002,0.41416100872938894,6.4566098877994405,0.4212361930322857,0.703612816013674,2,2
2.7961147111399116,0.06578947368421052,0.29276315789473684,6.347677180577804,0.8267700970572823,0.5474142595233442,730,20
7.129694488819698,0.000968054211035818,0.36786060019361083,3.514744880613018,0.5890047589951093,0.6293247357121842,1,1
2.7935694376437414,0.0,0.38380281690140844,2.807016812540103,0.31445607297023886,0.7607709535247752,175,0
2.68523640003216,0.0,0.3125,8.047684826007153,0.5998147351167403,0.6250723774756513,730,0
1.3942929683849405,0.03611971104231166,0.49638802889576883,4.570658036677455,0.35501965155874926,0.7379966769114,18,13
1.1003647748715109,0.0,0.431758530183727,2.3784642577995285,0.1792776446450682,0.8479767292637638,265,0
5.3529450191416625,0.0,0.511137162954279,4.004163604314182,0.4951942197031519,0.668809434133938,175,0
0.9269081404453485,0.01787487586891758,0.4369414101290963,2.5609708383327248,0.2291083291839221,0.813597936207917,7,4
6.016293955278908,0.0,0.35833333333333334,3.478255502094052,0.47855116358716704,0.6763377721565369,186,0
3.235539508288996,0.0,0.58,3.127667455830958,0.4488132371986789,0.690220087948346,730,0
2.3300432646752873,0.01694915254237288,0.48370273794002605,2.0025286269350167,0.2520443551250242,0.7986937490726069,153,13
0.10525952603080271,0.0,0.5787709497206703,1.1874813012994785,0.056622775862990936,0.946411550880356,134,0
3.8120246605358568,0.0,0.4695898161244696,2.2041864489344842,0.3553690932823727,0.7378064063555149,241,0
0.0,1.0,0.0,0.0,0.0,1.0,3,566
4.094098255055842,0.0,0.4336,3.96304498743559,0.5425900798592643,0.6482603596745763,408,0
1.189096093897637,0.0035087719298245615,0.4608187134502924,4.486244494187306,0.24329637506879545,0.8043134525705239,175,2
0.5174281987967393,0.14124293785310735,0.8559322033898306,1.2020506902214925,0.2276586322976531,0.81455868406059,680,50
0.484957514133521,0.002638522427440633,0.4340369393139842,2.4326234485543883,0.17140542835909975,0.8536754020346279,265,1
8.19764710009957,0.006796116504854369,0.38058252427184464,3.19297386895301,0.6929524021149532,0.5906840610230569,1,5
0.6169978003814501,0.0,0.3422818791946309,1.3065501828524992,0.06664202410789133,0.9375216589992985,730,0
2.925559699789447,0.0,0.42524916943521596,2.1818562835166118,0.27416846560932523,0.7848255760448333,730,0
8.77486922961679,0.0011173184357541898,0.4033519553072626,2.4210720611701033,0.2961287045464308,0.771528318516749,134,1
3.1021297913154053,0.05627198124267292,0.5228604923798359,2.3312262133458987,0.34142340079249583,0.7454767819088386,158,34
0.7963513170334697,0.0,0.4088397790055249,3.222984025958934,0.2602283007956803,0.7935070172353867,282,0
2.750660936838402,0.02920443101711984,0.459214501510574,2.8388931249783895,0.42098643677134523,0.7037364848267814,17,17
2.251361504103845,0.0,0.43050847457627117,1.7965061085063074,0.24532697637443504,0.8030019576957498,730,0
4.201892628665891,0.0077348066298342545,0.4154696132596685,2.4823132137001487,0.31788108100624785,0.7587938050043677,105,2
3.1649278908914735,0.009615384615384616,0.47307692307692306,2.804758183554745,0.4841545938849941,0.6737842567884739,483,2
6.057231765524608,0.0,0.4648862512363996,4.068381537411484,0.4993705794383648,0.666946526571557,13,0
3.168492419850763,0.0,0.34539473684210525,4.508618002048723,0.5135237833325151,0.6607098025233371,730,0
8.870336600354419,0.0585480093676815,0.49765807962529274,3.2301685520559174,0.5621461169655032,0.6401449833274994,158,50
1.9683625626839234,0.04374364191251272,0.4587995930824008,3.991402492334123,0.39437621129019573,0.7171665666002109,16,18
0.6299341231228608,0.8176229508196722,0.16598360655737704,21.866005387147805,0.5081583484183787,0.6630603484366946,18,92
2.3734053147135157,0.0,0.12171052631578948,5.647350224469786,0.6685896583202757,0.5993085208299044,730,0
2.7651109836201906,0.0,0.45394736842105265,2.600849170813084,0.4140060476167327,0.7072105537918114,730,0
1.9704323023386163,0.06752730883813307,0.5531281032770605,3.1843285522025124,0.49041290560252565,0.6709550059858965,13,63
6.7166150574960755,0.0,0.3814133591481123,2.9021887680193617,0.45605724322568686,0.6867861855380375,1,0
3.2106600155704372,0.0,0.3815789473684211,3.5953659172214465,0.40424968201180933,0.7121240708186184,730,0
3.998884308933381,0.034280117531831536,0.4975514201762977,3.720535043850824,0.44517507538914425,0.6919576852864894,5,11
5.178168398865548,0.0,0.40594059405940597,2.9896415544394164,0.3324954167233569,0.7504716244796006,6,0
22.361177080863218,0.24057971014492754,0.3884057971014493,4.964704320754262,0.9886185919632431,0.5028616367368669,341,37
2.113331324051673,0.0,0.40131578947368424,2.5241451102537202,0.2357815025476217,0.8092045381310959,730,0
5.053701528564989,0.08615682478218781,0.38915779283639884,5.215767559055885,0.5647241355482826,0.6390902890045841,1,18
4.599785285399051,0.0,0.1342281879194631,35.34529343404997,1.9277903001925591,0.3415545163648607,730,0
5.983180748718183,0.001557632398753894,0.367601246105919,2.017347249558705,0.2987857879002457,0.7699499096126589,388,1
3.018888027407924,0.27241379310344827,0.367816091954023,15.396175284082162,0.9318944158860388,0.5176266320648599,161,78
4.1885261854369125,0.0,0.40084835630965004,5.2988602072074125,0.6365110473634097,0.6110560644311596,85,0
1.9410308014376227,0.0,0.45723684210526316,1.783277435254405,0.22618660897850626,0.8155365526565859,730,0
0.5113521252145516,0.8486842105263158,0.12828947368421054,33.92575513027439,0.4475085530276757,0.6908422046338544,730,100
1.0167779089643414,0.0,0.19463087248322147,30.823167818581393,0.7153172820556147,0.5829825248432247,182,0
4.268809715503195,0.0,0.5123287671232877,3.1346353548768806,0.431585848512598,0.6985260444136053,669,0
4.514230656855853,0.0,0.4203883495145631,2.5694838289848057,0.402339588939738,0.7130940379113639,3,0
12.04823919342385,0.00796812749003984,0.4442231075697211,2.459681835313862,0.4596708754865985,0.6850859442315297,9,3
0.3241116735853635,0.1894273127753304,0.27606461086637296,14.426627493428175,0.2723795563734143,0.7859290060037107,326,13
3.8017530420511307,0.024295432458697766,0.27405247813411077,8.911119382595302,1.1006056927227341,0.4760531705042815,2,2
3.807444616158701,0.05509964830011723,0.47010550996483,2.756459044234428,0.33289704793382663,0.7502454908652827,158,27
10.086140625036302,0.0,0.2565789473684211,3.8139721278791345,0.7136442399921415,0.5835516944897418,730,0
1.3482931336498576,0.014830508474576272,0.4311440677966102,3.287407053399491,0.33585297018393584,0.7485853775227286,16,4
3.7180282304115626,0.0048638132295719845,0.3754863813229572,4.691977684033269,0.41872485310226704,0.7048583083699008,2,3
2.9473197396378525,0.0787321063394683,0.5603271983640081,3.7906498163041142,0.4419291873756525,0.6935153326218642,19,50
0.06120541828255968,0.9932104752667313,0.006789524733268671,782.5662650602412,0.061057955325469065,0.942455588764951,2,372
0.8452901043417694,0.0,0.37748344370860926,2.8586003196886507,0.24991689413208124,0.8000531912918748,730,0
2.4400565476545997,0.0048828125,0.2822265625,10.705427819110975,0.7216891972105176,0.580824925671951,3,2
4.987926225904363,0.7470414201183432,0.20414201183431951,17.53195347673837,1.7244078475121456,0.3670522388610694,357,147
3.613848317264613,0.0,0.3717105263157895,4.706096392196359,0.5107841570223786,0.6619079206992157,730,0
0.0,1.0,0.0,0.0,0.0,1.0,357,304
2.8063002672451414,0.0058823529411764705,0.40098039215686276,3.5011594983609355,0.4026572932560086,0.7129325208716418,8,2
4.762586000788796,0.0048543689320388345,0.4320388349514563,4.765339919407253,0.46076915165550875,0.6845708638265581,2,2
3.001424657844981,0.0,0.4570815450643777,2.290167828233897,0.32484459698343593,0.7548055087192258,101,0
0.43655272643734117,0.7960526315789473,0.14144736842105263,28.199725148877693,0.3817293586750035,0.7237307318699088,730,87
1.58964849979391,0.0,0.38334946757018395,3.1685219069163972,0.2963102394123098,0.7714202739410252,1,0
1.9196693291791012,0.0019588638589618022,0.5925563173359452,2.120659912177046,0.3013150961898459,0.7684533922091012,9,2
2.278240924990006,0.0,0.3778213935230618,3.955507144147477,0.4095155906135899,0.7094635963300557,6,0
5.504372372548474,0.051759834368530024,0.5062111801242236,2.47049187223482,0.37867783199730987,0.7253326170852301,42,50
13.870744077429142,0.0050150451354062184,0.36810431293881646,2.1294692118825673,0.42888848711631317,0.6998446757858151,21,2
1.0355698404738907,0.001949317738791423,0.46393762183235865,2.608257404942673,0.26907386369883124,0.7879761994982775,3,1
0.6486343793189869,0.0018450184501845018,0.4077490774907749,2.9886043377037126,0.2310886819281222,0.8122891670434393,280,1
4.080864352945168,0.0,0.39397089397089397,3.440665720940559,0.33865568356986303,0.7470180811045061,65,0
10.044329119252248,0.027158098933074686,0.5033947623666344,3.1929351335731213,0.8781027926901587,0.532452219277955,2,28
3.888761692139111,0.42953020134228187,0.2785234899328859,29.774009109409832,1.6304392259798737,0.380164647076188,736,13
0.2521604734311532,0.42439516129032256,0.5735887096774194,2.703929889935479,0.19514537001295335,0.8367182981172924,11,275
4.083035651673248,0.048707753479125246,0.48807157057654077,2.586214637554161,0.32746809778146974,0.7533137720380998,4,43
0.0018759637570686701,0.9635108481262328,0.03648915187376726,27.405405405405407,0.0018752794834898817,0.9981282306072501,4,67
3.1865631145729885,0.0,0.44357976653696496,2.596391276790083,0.3512237751701051,0.7400698673127701,5,0
21.586402318090467,0.0,0.3872,3.406803323132919,0.8093233663149317,0.5526928014181958,408,0
4.799474486454693,0.09815354713313897,0.42662779397473277,5.416569720326315,0.7503394531308405,0.571317751086108,1,6
3.2130832919127954,0.0,0.4277400581959263,2.7153706636212833,0.3290435657609677,0.752420782705819,2,0
46.3038422594023,0.000975609756097561,0.47317073170731705,8.10016139532292,0.7854508057393326,0.5600826395135052,8,1
3.1181566089407453,0.2671300893743793,0.519364448857994,3.2078080694812474,0.6029999798749307,0.6238303259854202,4,177
17.95891794543888,0.003036437246963563,0.3724696356275304,5.829806176794566,0.7167601129020947,0.5824925640365394,42,2
5.346820318419987,0.0,0.417910447761194,3.9337424867330135,0.4608082753426624,0.6845525294997591,730,0
2.495213560513509,0.0009699321047526673,0.44131910766246363,2.101941075933914,0.23687136814627444,0.8084915099124022,1,1
2.298670586300801,0.11661807580174927,0.4363459669582119,12.283195696399996,0.6726917068054683,0.5978387983460592,2,30
4.651267425977919,0.27380952380952384,0.5264550264550265,6.546590352509831,0.8122889324291819,0.5517883942819237,255,67
2.8586053538400416,0.0,0.3684210526315789,1.97405795645651,0.2563385930153808,0.7959637676972624,730,0
2.694634743188612,0.33774834437086093,0.16556291390728478,19.603123139019388,1.3467376500893007,0.4261234739903486,730,27
11.942019647463395,0.8710725893824486,0.12026002166847237,10.703371132433682,2.2864429419616483,0.3042803473725027,108,232
7.062739323953407,0.007858546168958742,0.4862475442043222,7.00351970094417,0.40256056893567366,0.712981686601132,4,3
0.8684562142919614,0.07692307692307693,0.4076923076923077,5.930634427984766,0.44629230358322725,0.6914231635765977,191,7
0.00044001190696875766,0.998062015503876,0.001937984496124031,516.0,0.0004400033797714753,0.9995601901380542,1,758
4.071606260780967,0.0029585798816568047,0.40532544378698226,2.743945727846821,0.48949759774066376,0.6713673130569963,17,1
0.6112214653415611,0.0,0.19736842105263158,13.468121212121211,0.39618619501883706,0.7162368483284626,730,0
1.8746863853870792,0.02631578947368421,0.3717105263157895,6.609254716183065,0.4166304755189907,0.7059003863612664,730,8
9.536783377279603,0.017881705639614855,0.39752407152682256,2.812105516759875,0.4633287076888817,0.683373458571285,212,13
3.6064885281811017,0.043333333333333335,0.41333333333333333,5.967151511224853,0.5869139702483552,0.6301538827864109,730,13
0.7494684809594804,0.0,0.46381578947368424,2.888764673001677,0.2769028308013783,0.7831449471941452,730,0
2.7741677910467843,0.0,0.10262257696693272,18.528702145107687,1.3488186636515,0.42574593580816866,147,0
4.183019655196535,0.5705645161290323,0.3840725806451613,7.4720600500417005,1.021695629617811,0.49463429872925224,4,216
10.374960727330564,0.0,0.32298136645962733,3.422189720562419,0.5879085377859818,0.6297591934320715,472,0
2.7286345957626716,0.008832188420019628,0.40333660451422965,5.522963616088794,0.6775243557516697,0.5961165312273021,6,5
1.7461049743508503,0.0,0.4634146341463415,2.5525789889889716,0.24312296010147516,0.8044256538535582,82,0
7.464235505612823,0.000968054211035818,0.4724104549854792,2.701829109166189,0.4690912013891671,0.6806929338725899,1,1
6.868263018917363,0.6637069922308546,0.3362930077691454,8.012372312663105,1.256636202669214,0.44313744449245795,39,130
6.19753951285331,0.245136186770428,0.2918287937743191,14.266092760527837,1.209402256895605,0.4526111064107826,2,101
5.469606584222003,0.0,0.46710526315789475,1.7946471088342921,0.3391305344275228,0.74675319118722,730,0
2.2694252834744555,0.013921113689095127,0.3990719257540603,3.2802510548814436,0.37558982777154487,0.7269608860222525,161,3
7.792939524409362,0.0,0.44370860927152317,2.016866382552018,0.3744280862893369,0.727575352959926,730,0
0.21994174057266858,0.10855263157894737,0.28618421052631576,10.265859847745462,0.18822252944315304,0.8415931992710479,730,10
4.9360299289228955,0.0,0.34829268292682924,3.936746523785251,0.7300628815254502,0.57801367261187,4,0
7.815749153376648,0.013333333333333334,0.3622222222222222,3.202398638122632,0.4957994295021535,0.6685388296563461,510,6
5.7136182995557325,0.3813682678311499,0.5574963609898108,6.518815598829097,0.8878921505936135,0.5296912748355715,340,244
9.322664001159383,0.0,0.26973684210526316,5.7448268929766355,0.9173118037366007,0.5215635756537488,730,0
0.0746521119133816,0.000970873786407767,0.4436893203883495,2.1598022033049578,0.056977055005322665,0.9460943312482448,3,1
2.6578503152690702,0.0,0.40131578947368424,2.878701337742372,0.4749704583669663,0.6779796804250329,730,0
2.3687883474716522,0.001443001443001443,0.3665223665223665,3.724434839518965,0.32228602710853294,0.7562660267890136,319,1
8.694002500848363,0.3059210526315789,0.22039473684210525,11.411960853214506,1.610069118601489,0.3831316162752862,730,15
30.375261915680262,0.06802721088435375,0.23323615160349853,202.970073573275,5.246590724044132,0.16008732509892784,2,17
11.551927156720474,0.013157894736842105,0.3881578947368421,4.2763790184999815,1.0606324484051863,0.4852879031260251,730,3
0.2590393232418653,0.0,0.2591362126245847,1.770726196041764,0.13981286095216156,0.877337003518835,730,0
1.6316054716051431,0.0,0.4024663677130045,5.991382989533583,0.3785844186644611,0.7253817658615173,126,0
2.29111122115756,0.0,0.40131578947368424,2.190030904447809,0.25903956501742376,0.7942562154400296,730,0
1.2410784800723036,0.013902681231380337,0.4270109235352532,3.4139250484040065,0.2536498995221984,0.7976708651922108,16,10
1.9580880804722587,0.8542274052478134,0.14188532555879493,23.03314136694556,1.204195907749747,0.4536801817316208,2,308
1.066214607977069,0.0,0.42911877394636017,2.747091137159912,0.29152604071154026,0.7742778453379616,130,0
1.8035383987481248,0.0,0.40397350993377484,3.2890895556202864,0.35416846335340446,0.7384605586838457,730,0
6.124870393136017,0.03535353535353535,0.22348484848484848,11.103974745509364,1.369687049495491,0.4219966515042149,217,15
1.7777382251446685,0.0026560424966799467,0.4648074369189907,2.1761808166045844,0.22225897014777596,0.8181572190704365,265,1
7.91706816304975,0.0,0.33223684210526316,2.6226813105641082,0.5315545684283914,0.6529313552478594,730,0
2.398748303448139,0.0019398642095053346,0.3676042677012609,6.207767134226673,0.6184489948098175,0.6178755111881108,2,1
0.07621279279981197,0.0,0.1611842105263158,5.360764144011757,0.0646375655929663,0.9392867885917914,730,0
8.856459091227235,0.0,0.34698521046643915,3.91482094828979,0.8373771648791546,0.5442540699398376,147,0
8.095377630495536,0.05215123859191656,0.409387222946545,4.1542574018438625,0.5342867456121924,0.6517686494130485,232,16
0.023991050370891463,0.0,0.555045871559633,1.2288307705060721,0.018791664127675547,0.9815549490741411,161,0
3.1227490780005165,0.0,0.3255567338282078,2.493389740877842,0.319849889325292,0.7576619190468702,85,0
6.105812595991162,0.0,0.4152823920265781,3.14212344933064,0.45851441928646025,0.6856291489317079,730,0
0.0,1.0,0.0,0.0,0.0,1.0,4,207
3.557590684944705,0.02,0.38,7.849774853894547,0.8611310446940926,0.5373076779579303,730,4
1.2259388444163892,0.0,0.4973045822102426,2.083211800759391,0.23596417724342825,0.809084938230411,278,0
19.800675252664767,0.05973715651135006,0.43130227001194743,4.000655202414582,0.6380608650976682,0.6104779262523775,194,50
3.3097174614196465,0.0,0.43756050338818975,3.4949589127453713,0.4370808425811242,0.6958550767428725,1,0
0.13645463155497725,0.7783300198807157,0.20079522862823063,30.007077856420626,0.12885403659330086,0.8858541207132842,9,74
0.8138584445723045,0.038910505836575876,0.46108949416342415,3.068876576232327,0.3095388922261917,0.7636275684031183,3,39
0.14332385559473346,0.8665879574970484,0.07201889020070838,111.08196721311477,0.1394082450289269,0.8776485551713841,178,174
2.8847800865398012,0.0,0.33430232558139533,4.8991886710489005,0.6105216955667451,0.620916813944626,1,0
161.74561520872297,0.004761904761904762,0.34444444444444444,206.20103614918034,7.8147506353044704,0.11344620413819102,316,1
92.0359855156892,0.03414634146341464,0.21853658536585366,179.7888268663165,5.305088371585597,0.15860205933140967,2,35
5.414745442018311,0.0,0.41239109390125844,3.5805581062663707,0.4915703939470163,0.6704343315328114,1,0
4.345026525728403,0.18529411764705883,0.40588235294117647,5.567105351058855,0.8042403063572632,0.5542498948041941,443,60
1.0633090206338331,0.00975609756097561,0.4029268292682927,5.096177357567854,0.43643153597100803,0.6961696223997295,2,2
0.34995540682297555,0.7409224730127576,0.25417075564278707,23.315746132580436,0.29991720805763794,0.7692797616659139,3,70
5.0869202161131755,0.0,0.21161048689138576,15.31049987510061,1.3752887844045218,0.42100144056828737,253,0
3.282267670418009,0.0019550342130987292,0.3313782991202346,6.039080726630275,0.737172074775764,0.5756482127017158,4,2
4.797371130633419,0.0,0.43156843156843155,1.984052437365015,0.24535296744379753,0.8029851986883628,10,0
4.845785812467853,0.042443064182194616,0.40683229813664595,2.9449992361005015,0.487308720788095,0.6723553664568847,31,6
6.048739353413641,0.002290950744558992,0.22451317296678122,7.346619708791085,1.0847316196213508,0.4796780509241903,151,1
4.100304075160281,0.0009832841691248771,0.44346116027531957,2.363302184626759,0.3745272833483927,0.7275228452097129,5,1
0.22586450296871752,0.9467054263565892,0.03197674418604651,196.50345781466115,0.22121512690043227,0.8188565453967978,1,270
1.0630611288722631,0.019867549668874173,0.3609271523178808,5.407024867743909,0.37429111492926,0.7276478681530832,730,2
2.265064608922623,0.0,0.397887323943662,2.4119162214274144,0.3915695870113737,0.7186130031396171,175,0
4.664867870564181,0.014416775884665793,0.418086500655308,3.795117690853903,0.4594178931306593,0.6852047002485747,270,3
3.4453516921193836,0.0,0.4849939975990396,3.601475738103345,0.3966676838486523,0.7159899320104577,129,0
0.5237236557204856,0.0,0.26644736842105265,2.672135950776443,0.23433170648783191,0.8101549970270152,730,0
1.663642073707387,0.0,0.19736842105263158,8.00900489793435,0.7993349092112432,0.5557609063664308,730,0
0.5067090853165909,0.010650887573964497,0.45680473372781066,5.510952188188728,0.21882767847725412,0.8204605274876535,171,5
15.09121134238361,0.0,0.3921951219512195,4.180175122860245,0.4395473052708822,0.6946628265278355,3,0
5.225216149788394,0.0022471910112359553,0.47752808988764045,3.913792081432681,0.571020503618166,0.6365289298878866,133,1
19.85320772530706,0.0,0.4284199363732768,1.8765783284474133,0.24144206793423265,0.8055148329748534,20,0
68.31860511359652,0.0,0.36271186440677966,4.016143996252993,1.1861573992163477,0.4574236056189097,138,0
4.217608617812438,0.0009784735812133072,0.4931506849315068,3.1679548232983286,0.39922348509572714,0.7146821152244921,4,1
2.524484974613651,0.0,0.45952109464082097,3.068149497635436,0.39320938789599746,0.7177671990210919,129,0
3.9000991286940643,0.0,0.4134366925064599,2.3855992796991683,0.3987072952637648,0.7149458670775163,647,0
1.3183681887264114,0.8776699029126214,0.11165048543689321,20.939244510606624,0.9301326335608825,0.5180991101917748,3,627
6.224255909603586,0.0,0.23355263157894737,10.855244618596567,1.4825114167335174,0.4028178856537939,730,0
6.92049422326046,0.0,0.3181377303588749,4.359546819631502,0.537223326929462,0.6505235657576556,2,0
6.751320024240161,0.0,0.3459669582118562,3.1474036068579023,0.3496221907206939,0.7409481015320318,2,0
7.402100628335366,0.0,0.4309210526315789,1.8693370111576653,0.35031020042063143,0.7405705738492478,730,0
7.762168610745708,0.0,0.4890909090909091,3.8810731996044447,0.5709805115602138,0.6365451338456475,484,0
4.437114717244308,0.011988011988011988,0.34465534465534464,3.4632050901082,0.4929438031712239,0.6698175764391523,6,3
3.570798196984136,0.336734693877551,0.35034013605442177,5.670506295204929,0.8822565129700619,0.5312772159954298,445,123
0.2780146834328786,0.022571148184494603,0.5230618253189402,2.649007216171395,0.14821127653397612,0.8709198563339572,2,4
14.588204989203943,0.07120743034055728,0.4148606811145511,2.805458748014142,0.587136331068931,0.6300655970281415,12,15
1.9918750017001292,0.0,0.5072463768115942,2.1924601361064253,0.37159084028012435,0.7290804011171194,730,0
4.625944509761721,0.609511889862328,0.29912390488110135,6.325035858888466,1.2311895963130948,0.44819140500316035,224,209
6.199238113984836,0.000970873786407767,0.3407766990291262,5.507420786131476,0.5743194977283782,0.6351950804413736,2,1
1.737986219843221,0.007220216606498195,0.45306859205776173,4.034038666839452,0.4427868190043478,0.6931030882927595,477,1
6.311174621089785,0.011639185257032008,0.4209505334626576,3.041964456024578,0.41143507558951026,0.7084987593795858,1,6
4.174868268666092,0.0,0.37087378640776697,4.347317125520879,0.5301080179450446,0.6535486307319749,2,0
4.484148949581778,0.05039525691699605,0.34881422924901184,5.387045704630028,0.6139295823910677,0.619605719425801,12,51
0.006768868695744348,0.8916666666666667,0.10833333333333334,24.615384615384617,0.006755147302785565,0.9932901785296222,25,456
3.8390239541993374,0.049738219895287955,0.5602094240837696,2.01568983693336,0.3713955059220761,0.729184247492219,647,6
9.386560011969951,0.017006802721088437,0.3741496598639456,3.78984080994023,0.7635477516104099,0.5670387995373729,445,6
5.392468722029271,0.0,0.26146341463414635,4.980227964952094,0.967417254767706,0.5082805884601589,4,0
5.876574687570406,0.3076923076923077,0.2911392405063291,6.694299756532335,1.2655762815432083,0.441388801668971,2,14
0.0,1.0,0.0,0.0,0.0,1.0,70,758
1.9359654176567291,0.0,0.4414535666218035,2.0134041926387996,0.28653716625012443,0.7772803042408052,265,0
5.460116164675177,0.0,0.26181353767560667,2.820360691301567,0.4587230129100255,0.6855311057341085,232,0
17.117058635287297,0.002909796314258002,0.35402521823472355,2.1922444721751524,0.43260094780166297,0.6980310892119034,2,1
59.94983648110329,0.028712871287128714,0.31485148514851485,155.0927386736271,4.503141810432703,0.18171437961206596,14,29
2.4434613568509382,0.019569471624266144,0.2720156555772994,26.226835691801448,0.9007323924144737,0.5261129888620008,6,5
5.18002691210646,0.0,0.46688741721854304,2.347902116263194,0.3805692909687518,0.7243388698717871,730,0
3.2611016890238242,0.04827586206896552,0.41773399014778323,3.0725011556642454,0.3944390612115029,0.7171342425901278,13,30
2.2424006568562085,0.6791044776119403,0.3208955223880597,5.38714132269449,0.911904609932117,0.523038646805452,898,81
3.437758672101027,0.0,0.364613880742913,5.665313266667623,0.6756554432723831,0.596781399192129,2,0
4.097745635077251,0.0,0.45098039215686275,2.0464248771807223,0.2283295647758821,0.8141137595938738,730,0
8.071751931379593,0.0,0.2438095238095238,6.399585251702752,1.0079274663738629,0.4980259579823919,253,0
0.9630116695979137,0.40406976744186046,0.2703488372093023,20.932039783974002,0.6895789253648302,0.5918634430078905,1,113
3.201285845661175,0.0,0.421259842519685,2.938694718843219,0.3379325756169274,0.7474218194731488,233,0
3.2269743158219923,0.0,0.3848684210526316,3.017689797329506,0.4432877357128462,0.6928625354847179,730,0
13.720660979694172,0.10554089709762533,0.5171503957783641,2.57179734885998,0.46922760859676416,0.6806297364334748,655,16
96.12290675965286,0.0,0.15017064846416384,22.685238055396688,3.123064212251434,0.24253806114116802,730,0
6.774801520542805,0.7209302325581395,0.2693798449612403,6.062731754133402,1.3554488961525228,0.4245475253712517,1,470
2.073077465946398,0.0030120481927710845,0.4528112449799197,2.9464757784873146,0.3309555200922304,0.751339909489014,9,2
2.6229426521353787,0.0,0.23085714285714284,6.783129774838852,0.6642898179177166,0.600856887564904,149,0
4.134938733080886,0.011574074074074073,0.30324074074074076,5.929298240188043,0.9466389678195336,0.5137059395867939,161,3
2.146617730432776,0.0,0.3726235741444867,2.436151912134445,0.25341385888618473,0.7978210811300789,730,0
3.2079068115841727,0.0,0.39677047289504036,2.580526675286327,0.3113172296365028,0.7625919780503456,129,0
4.6926298782097895,0.030136986301369864,0.2684931506849315,5.027086151436505,0.8967262485388353,0.527224211069131,669,3
0.6518525430299728,0.014563106796116505,0.39223300970873787,3.7817425416370005,0.27263975738070506,0.7857683167608711,3,11
6.001734532472017,0.2722772277227723,0.48415841584158414,4.931040664878121,0.8352787974630209,0.5448763432467808,7,41
3.147546376102987,0.49368863955119213,0.1935483870967742,12.756628749130487,1.327489450928349,0.4296474897452864,320,69
0.7948224295949121,0.000980392156862745,0.47843137254901963,1.8105640504714144,0.11941988038946595,0.89331985032469,6,1
11.751091922356949,0.0,0.40131578947368424,2.3184497600397758,0.4811914908136948,0.6751321528661014,730,0
3.1209649872283114,0.0,0.44,2.236416119041561,0.25173741800723615,0.7988895958642813,730,0
7.043873307898107,0.003929273084479371,0.35363457760314343,3.0376409332639858,0.47152644890166673,0.6795664466285267,3,4
0.35592473414495873,0.9802414928649835,0.018660812294182216,140.88891877353416,0.34196822629253665,0.7451741258902275,106,187
2.9716019842245918,0.0,0.2348804500703235,4.298508841484538,0.45851188501307183,0.6856303402635883,318,0
3.847084469094429,0.002926829268292683,0.3882926829268293,2.7499647110842718,0.33638659463555615,0.7482864644214037,3,2
359.8874584981078,0.024975024975024976,0.006993006993006993,609.6453908936178,18.279355565215837,0.05186895363889746,23,24
2.568864601701908,0.0019723865877712033,0.41222879684418146,2.6751784693839076,0.3293607712639099,0.7522412437740545,4,2
10.903842854934688,0.0,0.3910891089108911,3.1039861711897014,0.5778226760191053,0.6337847815212229,629,0
1.2742100896804731,0.25460829493087556,0.4861751152073733,16.254340914649056,0.6405401999447792,0.6095553160072885,154,60
9.806462222381876,0.046357615894039736,0.47019867549668876,1.960961657024552,0.44575029555511636,0.691682376323524,730,6
7.766501981378107,0.0,0.4605263157894737,2.8940826579851167,0.3722321795434464,0.7287396512831441,730,0
5.268298486021348,0.0,0.3684210526315789,2.912951029175844,0.4022308912651606,0.7131493153012423,730,0
166.80517867947614,0.0010362694300518134,0.05181347150259067,398.9559181370979,11.909595584532884,0.07746176039767737,7,1
0.0,1.0,0.0,0.0,0.0,1.0,730,220
0.4796245072825435,0.0,0.3309265944645006,3.619813269701969,0.2738489419290476,0.7850224364010182,202,0
0.07600159317456247,0.9793915603532876,0.020608439646712464,482.92743764172326,0.07567409292940185,0.9296496090899454,3,266
4.012979994677458,0.0019569471624266144,0.3786692759295499,3.9207055684941454,0.4848496430432969,0.6734688624434958,4,1
1.3646587080912287,0.003289473684210526,0.35526315789473684,4.802382613585479,0.3281337725203344,0.7529362031825673,730,1
0.5058422436880811,0.0,0.4375,6.443093357577134,0.3203734287822176,0.7573614995587283,730,0
2.7050750636872145,0.09868421052631579,0.2138157894736842,6.614973183884026,0.8320865528953174,0.5458257408306727,730,14
0.0,1.0,0.0,0.0,0.0,1.0,241,304
7.5523511880767025,0.0,0.36046511627906974,4.040558101211177,0.6503697954817691,0.6059248071175977,571,0
3.2307569179591296,0.0,0.4144736842105263,2.550366253753928,0.3984268613303377,0.7150892389528973,730,0
24.98368928593004,0.0,0.5131578947368421,4.232317414590806,0.7382851021707827,0.5752796240105796,730,0
6.409405479580748,0.0029154518950437317,0.391642371234208,2.361876669732956,0.3897398006228831,0.7195591574421332,1,1
1.087789894515009,0.05214723926380368,0.41411042944785276,4.576114782103369,0.35770410736439856,0.7365375081181859,17,35
9.418386841475284,0.0,0.3717105263157895,2.493423726609114,0.44356838987567365,0.692727831264111,730,0
1.6283858857696394,0.04276315789473684,0.3684210526315789,5.545826922692669,0.6153483775329973,0.6190615064270076,730,4
0.0,1.0,0.0,0.0,0.0,1.0,10,212
4.761597233208668,0.0029585798816568047,0.4072978303747535,2.525126314514232,0.35389521031911075,0.738609600195204,3,1
9.109357422486028,0.12151616499442586,0.27424749163879597,7.681571945433813,1.0213484004312299,0.4947192674883074,77,43
22.552845018202973,0.0009689922480620155,0.5494186046511628,1.913963493822924,0.40863109381681806,0.7099090772520193,1,1
2.758074635991982,0.004995004995004995,0.4195804195804196,2.704162218936769,0.3447455534529057,0.743635104375172,7,2
4.733861651311838,0.0,0.3108108108108108,5.397323790559196,0.5899737475214539,0.6289412020537193,730,0
0.5343298591708977,0.948051948051948,0.04395604395604396,46.339788199697416,0.4861738754079613,0.6728687783759458,29,451
3.8522954208479003,0.5603532875368008,0.35132482826300293,5.9369942068721535,1.051688126605871,0.4874035127621031,4,286
2.523815911924523,0.0,0.6125786163522012,3.4938789662254064,0.4812249276231992,0.6751169125978851,133,0
1.210524055306372,0.825938566552901,0.17406143344709898,12.479903943377147,0.7860197416114861,0.5599042254133889,730,140
6.245467356503051,0.0,0.375,5.417028869469735,0.9041839503486828,0.5251593470351885,730,0
0.7909256858635537,0.0039447731755424065,0.4437869822485207,2.3798058117399585,0.2419404274888362,0.8051916000689083,3,2
4.281268634524408,0.0,0.4180602006688963,2.2829553110262744,0.3353793348274366,0.7488508874740257,730,0
2.053872839456009,0.0,0.47416413373860183,2.257525288937723,0.27619734270122825,0.7835778735312027,8,0
5.770424342951091,0.02131782945736434,0.3594961240310077,4.880135682040918,0.668415927949581,0.5993709261868301,1,15
0.3281405611213741,0.9539473684210527,0.04276315789473684,49.10899944102851,0.3099031674823627,0.7634152087150096,730,218
4.301439775956349,0.0,0.3920265780730897,2.8722092692635766,0.44057281924725167,0.6941683104381589,730,0
2.3100526891035114,0.0,0.4261744966442953,1.7283049206272962,0.16184636286652446,0.8606989976994766,730,0
5.616394129570482,0.005853658536585366,0.4321951219512195,3.4215058355346155,0.4899486870689606,0.6711640532850888,2,1
3.493577407703154,0.06025267249757046,0.48882410106899904,2.2279689476084092,0.4491918241522007,0.6900397748138106,2,24
0.29957017450337303,0.93359375,0.0478515625,57.99050054804531,0.2843686696437084,0.7785926452701513,6,176
8.182656713758346,0.01644736842105263,0.3980263157894737,2.848847456054914,0.5652713933773738,0.6388668471365262,730,3
3.214413246091306,0.0029469548133595285,0.4931237721021611,2.50528423658622,0.3850303320869858,0.7220058484157412,3,2
0.3735998172749605,0.0,0.4727095516569201,2.341338006470498,0.18566348884222764,0.8434096262645958,4,0
0.3913919055592046,0.012833168805528134,0.4175715695952616,4.769083474905699,0.2321882432046957,0.8115643088747408,6,3
7.698582270278928,0.003329633740288568,0.45615982241953384,3.262846597628421,0.5280174461621205,0.6544427895844204,132,1
5.89461191343269,0.0959079283887468,0.20460358056265984,12.081976625558148,1.5953272847254871,0.3853078591996431,240,22
3.599692628336022,0.0,0.3949416342412451,3.8939332507710636,0.5023292842648193,0.6656330342980438,2,0
0.6470557859135034,0.38275193798449614,0.5436046511627907,3.905862923203964,0.37971202721638553,0.7247889271629623,1,112
11.654130481976305,0.042467138523761376,0.2901921132457027,195.58834391166957,4.049060815885281,0.1980566359695678,6,24
1.2027908610184634,0.02453385672227674,0.43179587831207067,2.898144400769516,0.26492045481379156,0.7905635458691429,3,6
3.3440772927575666,0.01643835616438356,0.4383561643835616,3.141436358420197,0.4245996813059234,0.7019515819934096,669,3
0.27682439976708983,0.819078947368421,0.09868421052631579,43.42857142857143,0.2626712576602638,0.7919717772407404,730,15
6.742890853818693,0.7350993377483444,0.23841059602649006,13.16680305681804,1.857494857978496,0.349956885209389,730,122
0.9447815860661737,0.0,0.40194174757281553,2.525133569720987,0.23469437786201328,0.8099170271849718,2,0
0.198851432162179,0.000992063492063492,0.38392857142857145,2.3855907924565907,0.11069142356472561,0.9003400753654284,5,1
5.3731381931499955,0.0,0.27631578947368424,4.162456079626178,0.5857520451829401,0.6306156142366098,730,0
2.9143419601904847,0.006930693069306931,0.3306930693069307,3.1412911734291376,0.48511766321482735,0.6733473210703754,4,3
3.179809129828822,0.0019474196689386564,0.4780915287244401,7.988245492535064,0.3431270831758177,0.7445311858618059,3,1
3.2261392704930723,0.0,0.4307116104868914,3.0769097618354486,0.3963179293896815,0.7161692756012173,253,0
8.345800311653468,0.005819592628516004,0.35984481086323955,4.071632910741157,0.4369897331555173,0.6958991960256237,1,2
5.31375696515356,0.0,0.41650485436893203,4.207457537186421,0.5777487260584958,0.6338144873665545,3,0
1.6730471784332328,0.0029182879377431907,0.43093385214007784,2.9711949071815247,0.22980465375885883,0.813137270983267,2,1
3.800453462162937,0.004524886877828055,0.5260180995475113,2.341370479034497,0.3470278451196031,0.7423751510580018,129,1
2.448301603792561,0.004149377593360996,0.5283540802213001,2.512956236114819,0.36834645892429896,0.7308090677459947,307,1
6.052660171080616,0.0029154518950437317,0.4382896015549077,3.7252086057739424,0.5595559009937436,0.6412081794328779,1,2
4.584140591473743,0.003009027081243731,0.3550651955867603,2.665716116100605,0.30599219549830126,0.765701359814367,6,1
6.085347674895183,0.0,0.35977011494252875,3.942769431603409,0.5732744360553159,0.6356170144779753,129,0
2.6045772285407724,0.0,0.480276134122288,3.699330519055829,0.5060677958783891,0.6639807336274437,5,0
4.517210843830548,0.0,0.40064102564102566,2.9196350395078445,0.3932245251016301,0.7177594005726062,409,0
3.6256523102277303,0.0019455252918287938,0.39299610894941633,3.1921279538079257,0.3689117329658677,0.730507289782236,3,2
3.6044564863762534,0.11228813559322035,0.336864406779661,7.887671485130283,0.7699041803497174,0.5650023380375365,83,57
6.031527667412038,0.0,0.5503355704697986,2.756667797170262,0.36698611698684025,0.7315363247464691,730,0
50.093575434623794,0.8276923076923077,0.12615384615384614,14.932747894389287,2.7428395279424307,0.26717682992669867,199,123
1.4169460942991903,0.0,0.4407894736842105,3.274071222329163,0.32073835641619797,0.7571522362033036,730,0
3.2797100892911315,0.16927592954990214,0.449119373776908,4.873814411098528,0.7595912977155895,0.568313790422959,5,130
4.240214469738492,0.0,0.3382187147688839,8.166209234342663,0.7649520281035894,0.5665876375543661,142,0
4.519493730056074,0.05889281507656066,0.5159010600706714,2.3121472126831564,0.38771437200264,0.7206093848814716,158,50
50.94666072699993,0.10306122448979592,0.3295918367346939,4.766812523049628,0.8161299249129553,0.5506213989882518,36,50
2.772628894117449,0.0027397260273972603,0.44931506849315067,1.918767840152236,0.20283191292597685,0.8313713572559167,669,1
10.710204592013401,0.005296610169491525,0.3315677966101695,3.1229851045384778,0.4883391978954811,0.6718898497157132,78,2
5.705278283760226,0.017094017094017096,0.39636752136752135,7.263878230403235,0.8085719199140531,0.55292244062239,11,3
4.057068020210947,0.0,0.3519736842105263,5.617328823245162,0.558612188227679,0.6415964199132274,730,0
1.5710015399663795,0.10613437195715676,0.5735150925024343,3.508820693176016,0.4861495618995807,0.6728797865551368,2,17
1.4966069583144774,0.0,0.3175182481751825,3.022944260903828,0.3244766191995243,0.7550152154474206,270,0
8.831684240049752,0.0,0.34700665188470065,3.250260776223011,0.4957711155112549,0.6685514846689627,131,0
5.842702189994177,0.9742574257425742,0.023762376237623763,94.71916462957991,3.4354630361901126,0.2254556044861013,6,135
0.0,1.0,0.0,0.0,0.0,1.0,730,175
0.5403927725451856,0.5032894736842105,0.16447368421052633,6.5125303152789,0.4343487992537053,0.6971804909100925,730,9
3.251752942903029,0.5354251012145749,0.3248987854251012,6.813422624171961,1.0055435983462366,0.49861793123051323,12,165
0.6147049943119643,0.0009794319294809011,0.5572967678746327,2.20157070829854,0.31906022622098634,0.7581154977774812,5,1
6.486791007502035,0.0,0.42948717948717946,3.6976889949250897,0.6171227654916954,0.6183822411874489,409,0
0.9013681848581011,0.02056807051909892,0.49853085210577863,1.7785194408051364,0.20904958935920198,0.8270959345265577,7,21
0.4012059023763272,0.6641318124207858,0.18377693282636248,88.87850127319025,0.36323850158344195,0.7335473571487824,242,117
7.687022298880021,0.007246376811594203,0.3753623188405797,3.3584674106353547,0.5147010107837104,0.6601962980684863,339,5
1.678500053222243,0.005296610169491525,0.3421610169491525,7.2577383528986115,0.6358847786315158,0.6112899961307426,78,2
0.5418326924213911,0.21878025169409487,0.3281703775411423,8.8189965359258,0.37806962158215207,0.7256527423134885,1,36
0.45846385788777205,0.1044921875,0.326171875,3.4758995247793614,0.26445417803725635,0.7908550719902289,2,72
6.06191447321877,0.0,0.38764044943820225,2.638530256894695,0.4107639565944711,0.7088358015709167,253,0
6.227668366021614,0.0009699321047526673,0.45489815712900095,4.575068454508756,0.5676256645082489,0.6379073924601073,2,1
3.8231713618663643,0.0,0.40195121951219515,2.4052366436206714,0.3477235608939188,0.7419919255078685,6,0
6.863500608220768,0.0,0.3087971274685817,4.669494702552163,0.5536251421043668,0.6436559070133945,268,0
3.9844088361323724,0.0,0.34868421052631576,2.6145258337121544,0.31496565926641024,0.7604761333142931,730,0
0.5399061125671326,0.9671052631578947,0.02631578947368421,138.37241379310345,0.510676596827655,0.6619550485523836,730,149
3.2721422881620654,0.0,0.3908754623921085,3.0195041673040577,0.29760225409774577,0.7706521754582834,217,0
6.022150437341073,0.0,0.25263157894736843,6.938192857986574,0.6422379614092105,0.6089251518348147,79,0
6.4587871336726375,0.0,0.4318936877076412,2.648818695428865,0.5326520963207878,0.6524637929250563,730,0
4.140491199826921,0.0,0.47361647361647363,2.6751460060286356,0.28238055492543823,0.7797997218213771,133,0
3.101708909220834,0.0,0.4777376654632972,5.6492578108574065,0.699515866487145,0.588402862085056,130,0
6.645520180522045,0.17087967644084934,0.4256825075834176,5.031941249728542,0.8471807077008738,0.5413655501224175,6,17
7.928683521332792,0.0,0.2876712328767123,2.8384077075290626,0.5345769030947174,0.6516454131320115,669,0
2.418336443051712,0.048323471400394474,0.40335305719921105,3.99619607403946,0.39597103006598494,0.7163472439343759,9,30
4.798187062346705,0.0,0.4019933554817276,2.9806205599665687,0.4844605139497236,0.6736454022204248,730,0
2.6220725884932654,0.0,0.5032894736842105,2.431585745817926,0.4653325862392382,0.6824389284663971,730,0
3.365769549322738,0.0087890625,0.4267578125,2.666758435697657,0.29268480909356726,0.7735837792518052,4,8
3.017101833597693,0.0039100684261974585,0.34017595307917886,3.720100952536025,0.4992826068158191,0.6669856606445952,4,2
3.7571136838981616,0.0,0.4510184287099903,3.5858350136745005,0.4882037376800403,0.6719510068956682,2,0
0.00183214399583977,0.9980237154150198,0.001976284584980237,632.5,0.0018319991737706972,0.9981713509098515,10,475
2.7569808557594313,0.3644859813084112,0.49666221628838453,5.202842738387321,0.7702442654307123,0.5648937943356044,278,145
5.2485977110013184,0.26427879961277834,0.44336882865440463,6.528904688455465,1.0011303170542503,0.4997175803483118,1,72
1.9255636793977156,0.020642201834862386,0.1720183486238532,19.42574257425742,1.0884532544435563,0.4788232620827504,129,3
0.0,1.0,0.0,0.0,0.0,1.0,184,711
12.886858146767333,0.10210526315789474,0.3778947368421053,7.051616213231355,1.1488156904454845,0.4653726256962893,79,28
5.144358576578841,0.7429406037000974,0.15579357351509251,56.06095936277447,2.1602667013458468,0.316428989861563,2,141
2.930077488587584,0.0,0.437403400309119,2.636119184885893,0.33515549489710106,0.7489764329487847,386,0
4.199530362510298,0.42330097087378643,0.16213592233009708,31.79902194852881,1.9270251500831341,0.3416438017184778,2,12
7.135182708694946,0.025490196078431372,0.3029411764705882,3.9132056876717556,0.621260480444573,0.6168040312225371,5,5
3.825444817469557,0.0,0.5262636273538157,2.8747260324134687,0.31623845985416366,0.7597407540505979,4,0
0.886380792817562,0.0,0.3588850174216028,3.7105115233277117,0.26913162673491137,0.7879403356866105,436,0
2.970967301102192,0.0,0.45728155339805826,3.5956701701447034,0.30386616012003903,0.7669498838039758,2,0
7.724590659177473,0.028106508875739646,0.492603550295858,3.09957863531136,0.6156656105286828,0.6189399548293765,340,5
1.734809986583144,0.010834236186348862,0.5027085590465872,1.820620681084487,0.20415670479122416,0.8304566972231237,79,5
1.036197422250618,0.008293838862559242,0.35545023696682465,4.036895498064779,0.4222332525670594,0.7031195468078463,171,2
1.3140951122336648,0.07221664994984955,0.5145436308926781,3.320910400779514,0.3367041350403776,0.7481087054240265,28,50
2.8183176598575095,0.0,0.312,3.6304298850622225,0.3782455473506348,0.7255601165715889,278,0
4.177863812032668,0.0,0.30697674418604654,5.264325725014354,0.7601226360106996,0.5681422302860044,154,0
0.5425777811513339,0.0,0.33867735470941884,7.983736074840501,0.2841690372699623,0.7787136825272767,16,0
1.6830624143915367,0.0,0.4875444839857651,2.1232055007049375,0.24221769134138985,0.8050118807438374,188,0
6.3089306377677925,0.0,0.33024691358024694,3.214089183111952,0.534544684122282,0.6516590949399255,224,0
4.027212385491754,0.0,0.37712519319938176,3.3270550096528337,0.41370717831840015,0.7073600639062303,386,0
1.8215688585647962,0.8351431391905232,0.16386969397828233,10.765171299288948,1.0328851126370773,0.49191171393979605,3,320
0.8101643297044092,0.7762962962962963,0.14074074074074075,20.3625704365644,0.642843953203254,0.608700539117046,270,95
2.1006928015827455,0.8457446808510638,0.11702127659574468,38.363402724235414,1.3843843543863155,0.4193954712713993,227,165
7.023729796405216,0.7309753483386924,0.25937834941050375,11.938570572178891,1.5531675124125288,0.39167034483181407,64,304
2.8278027644599044,0.03303303303303303,0.43243243243243246,4.646648318602584,0.6960878191425711,0.5895921123385777,9,6
1.2964429144434744,0.42870999030067897,0.4801163918525703,8.040285759897827,0.5852669431610571,0.6308085867267111,2,245
4.589553247379758,0.0,0.27210216110019647,4.490989868053206,0.6023097874242104,0.6240990399288192,3,0
3.4311188049830648,0.618421052631579,0.09539473684210527,18.74055292500382,1.652110741609015,0.3770581613772688,730,65
9.846548483556,0.0,0.48,2.2682907439958306,0.3156943376395527,0.760054954552795,730,0
5.395040023387701,0.014749262536873156,0.42379547689282204,4.187666809732906,0.6387933409535514,0.6102050667463282,12,9
1.649890214070073,0.004073319755600814,0.48879837067209775,1.8977098137123107,0.21187402447728404,0.8251682764067235,21,2
5.751218581907482,0.030136986301369864,0.19726027397260273,5.462887875386822,1.1011245127733442,0.47593562110227666,669,5
0.0,1.0,0.0,0.0,0.0,1.0,8,342
5.52232555994884,0.0,0.45394736842105265,1.4069745433897984,0.16067530188819326,0.8615673981975789,730,0
6.440545893689145,0.0,0.3870588235294118,2.6983945445967774,0.4296618963354511,0.6994660783526704,129,0
5.246096516224261,0.003988035892323031,0.48953140578265203,1.8363969718054998,0.2548223720810583,0.7969255428093392,12,1
1.8607924300232788,0.0009775171065493646,0.44086021505376344,2.3652184582805416,0.23000419943547615,0.8130053543385957,6,1
8.451527220447302,0.13313896987366375,0.6472303206997084,2.8583991396123647,0.5357883312852686,0.6511313959281884,2,109
4.777478886540134,0.14388489208633093,0.5971223021582733,2.6277585603793385,0.46586661421240916,0.6821903100216843,737,39
5.14657209506404,0.0,0.33527696793002915,3.397891701703608,0.47887470494967377,0.6761898061093892,2,0
4.113275094696292,0.03501945525291829,0.4688715953307393,3.5374543914471164,0.5152915997757461,0.6599389847788992,1,4
5.854661193429131,0.0019455252918287938,0.5029182879377432,5.267979964793205,0.6113671526424094,0.6205910294001863,2,2
4.762041408185575,0.00390625,0.3291015625,3.8675150021531524,0.414919974369794,0.7067537515295877,3,2
1.5377283761014477,0.9768211920529801,0.023178807947019868,101.53708014632524,1.2823603291065258,0.4381429116372126,730,130
5.239036520305286,0.0,0.37666666666666665,4.235705130209148,0.5497491941445791,0.6452657009136074,730,0
5.455971840006197,0.007804878048780488,0.4917073170731707,2.4731846086155582,0.35246873314469557,0.7393886272511807,4,8
4.6895516348580335,0.009868421052631578,0.48026315789473684,2.9011787231824706,0.36096582503395197,0.7347723077286331,730,3
2.5726372366965973,0.0,0.2787524366471735,8.641411316127472,0.8095438458556203,0.5526254598860866,3,0
3.5157140671583043,0.0,0.2808219178082192,3.5155594755609907,0.4796985648180783,0.675813320210218,730,0
1.5829126482077356,0.016898608349900597,0.3956262425447316,9.268596890627128,0.38938231409997653,0.719744299212407,11,9
0.7586478740473994,0.030832476875642344,0.539568345323741,3.312064223117764,0.2334766295279381,0.8107166168058721,34,5
0.0003210806495339711,0.9989690721649485,0.0010309278350515464,970.0,0.0003210773394583066,0.9996790257181101,60,285
4.584525791826101,0.05263157894736842,0.5013850415512465,5.762313370239893,0.6028315767644868,0.6238958693455636,669,5
6.61221724491954,0.0031645569620253164,0.37130801687763715,3.338248162008868,0.5798328825302895,0.6329783428728117,70,2
12.07568522287933,0.0,0.32675222112537017,11.056447031117914,1.3559357330017678,0.4244597957372421,18,0
2.239772758733049,0.006376195536663124,0.28055260361317746,6.039922206066932,0.50667013625012,0.6637152857418762,78,2
3.425730834563926,0.0,0.3310546875,3.7898555304541333,0.44815635810027205,0.6905331695755734,2,0
13.268501486192033,0.2673860911270983,0.2865707434052758,6.40467298491737,1.3176346058661847,0.43147439957484734,160,138
5.649076355727747,0.0,0.47810858143607704,1.54161076766113,0.21576633765834313,0.822526474886675,459,0
0.780979381145442,0.0029154518950437317,0.4655004859086492,2.8218970736629667,0.20383503609314294,0.8306785979957375,1,1
21.269169091334124,0.0,0.35738831615120276,2.8549892318736543,0.5568641819711381,0.642316787540134,730,0
4.8378034647382755,0.0,0.33666666666666667,4.070496187776936,0.5173936898582876,0.6590247519042945,730,0
5.878976200585401,0.02642559109874826,0.36300417246175243,5.238686050127257,0.7129409115661323,0.5837912990738867,315,15
4.160556927408302,0.013930348258706468,0.4835820895522388,2.344523197569812,0.30835053748709246,0.7643211596187887,8,7
1.1252087272159572,0.0,0.4088669950738916,2.742177165619138,0.30941304261669744,0.763700961769577,4,0
1.461865097958992,0.0,0.4092140921409214,3.1762488350256732,0.2994436219718547,0.7695601279588716,278,0
5.163620322616903,0.0,0.4439102564102564,2.9041275674256846,0.30601120499489026,0.7656902147358778,409,0
8.316952535596497,0.2908912830558276,0.2801175318315377,8.330944452300335,1.1388394807183688,0.4675432677463628,3,123
0.4731977338646571,0.568359375,0.419921875,7.442297929191717,0.34654352188622123,0.7426421677029886,2,285
6.5962718494436,0.9725130890052356,0.024869109947643978,77.55741031870801,3.443022267524021,0.2250720207525031,246,211
1.2265851013404345,0.0,0.4007220216606498,2.697431159535718,0.27879907856212127,0.7819836726222837,730,0
34.896393181295906,0.0081799591002045,0.39059304703476483,2.9436311731018048,0.5820489419583971,0.63209169670953,527,2
1.1137002459738992,0.8392857142857143,0.15029761904761904,23.881228668941976,0.8256912679771184,0.5477377350377584,351,88
5.357551147573268,0.03313840155945419,0.47173489278752434,6.485262485776148,0.8287396050238621,0.5468247077128029,2,33
7.969256699672462,0.002926829268292683,0.40487804878048783,2.5847034843909076,0.4136617776247203,0.7073827812478823,2,1
4.617579205347937,0.0,0.40773809523809523,2.3721532939126293,0.3080996425536927,0.7644677572480519,443,0
1.3761531158232523,0.11538461538461539,0.5192307692307693,2.303175077137454,0.46933798139180904,0.6805786093222503,982,3
6.056499417368716,0.0,0.5920155793573515,2.2052840244378005,0.36527273793945136,0.7324543823450674,2,0
2.923898838902498,0.28695652173913044,0.5329192546583851,5.621226790674028,0.6763402781281369,0.5965375962430711,227,135
0.004056412539589704,0.9980638915779284,0.001936108422071636,959.2142857142857,0.004055862858272997,0.9959605207157229,1,613
2.1034865680227326,0.0029154518950437317,0.3051506316812439,3.7710625599488434,0.26833877929587996,0.7884328826996454,1,1
4.05888338162173,0.0,0.3743257820927724,5.228523614726664,0.8405231107395417,0.5433237942870435,106,0
4.177048601867459,0.03484995159728945,0.3601161665053243,4.195348948108821,0.5027686420277508,0.6654384261376766,1,35
2.444693316802114,0.0,0.4520547945205479,4.2595904201769725,0.47594091262868915,0.6775338981687106,669,0
3.335446211725641,0.021547502448579822,0.3751224289911851,3.2765635108655684,0.35418076760059986,0.7384538489435545,8,8
0.9762783057489336,0.6188166828322017,0.27740058195926287,11.939103910573708,0.6376619004410231,0.6106266499395874,2,257
0.34713882355121006,0.43926247288503256,0.45878524945770066,4.678484393256551,0.2620130124139132,0.7923848567038557,63,136
5.9059597566205335,0.0,0.4276315789473684,2.6326687020842643,0.4165949528190031,0.705918087601551,730,0
2.721559284315439,0.004906771344455349,0.4337585868498528,2.61695727449375,0.21950299705464188,0.8200061848271074,2,1
1.4568821404363095,0.0009718172983479105,0.5383867832847424,3.1112018599184124,0.18806756822137616,0.8417029693833601,2,1
4.913418653521827,0.0068762278978389,0.2642436149312377,3.8585438788296313,0.5538839611988257,0.6435486979532868,9,3
7.451026104576032,0.0,0.3618421052631579,2.80787137144997,0.5098101384839498,0.6623349350429802,730,0
1.5997310860310314,0.22395326192794549,0.3622200584225901,4.985067654180316,0.5905018691181128,0.6287323639264071,3,230
1.1188332695747778,0.05906735751295337,0.45181347150259066,21.35140997830803,0.4737802422887249,0.6785272127458011,19,38
2.4886010628876347,0.0,0.36010709504685406,4.268552252685298,0.6252871648521408,0.6152758857792212,184,0
6.9805379223512025,0.044715447154471545,0.34959349593495936,2.4699928658742643,0.44702831364605716,0.6910714811656408,46,22
0.004078648237630735,0.9932104752667313,0.006789524733268671,436.1923076923076,0.0040776199338646785,0.9959389395272716,2,448
16.171921096877746,0.9396636993076162,0.03956478733926805,71.2688077278325,4.529786731574057,0.18083880057980997,17,195
1.1286012855692746,0.0,0.4142300194931774,2.4692488000892956,0.18881701961378328,0.8411723448616801,2,0
4.5265946836541655,0.008946322067594433,0.4363817097415507,3.5675025520394126,0.37108375111079256,0.7293500482299812,5,3
2.8741843634994515,0.39473684210526316,0.17434210526315788,16.333014453034103,1.2648957634289753,0.44152142281640105,730,26
0.4896741464230003,0.05693950177935943,0.4306049822064057,13.890004679822166,0.3044572408503874,0.7666023604944621,171,11
1.778303460813811,0.000975609756097561,0.4712195121951219,2.250715678231825,0.28917980637392,0.7756869872269433,3,1
0.3674483956822193,0.02047082906857728,0.47082906857727735,3.5118248422120972,0.1866966298548166,0.8426753517639486,29,13
2.1989374614669583,0.23245109321058688,0.57307249712313,4.518865249359974,0.5665533054084834,0.6383440617995741,162,78
4.490891694055285,0.03758654797230465,0.42235410484668645,3.0889751350907484,0.46428141241800364,0.6829288356181996,10,17
3.2355923821642607,0.8050682261208577,0.09551656920077972,37.64605902363707,1.82138875366944,0.3544353817599296,6,130
11.642291390719812,0.013157894736842105,0.1875,10.216371536051897,1.4356932255845685,0.4105607346179645,730,2
0.5437795640098216,0.004935834155972359,0.5014807502467917,2.107015235081597,0.1810888362559706,0.8466763627789262,8,4
5.104352448290891,0.00392156862745098,0.3911764705882353,3.1076452204503062,0.4171311791058402,0.7056509762426967,4,1
1.2588825211880825,0.5216110019646365,0.14734774066797643,16.539709721207057,0.8561595394124114,0.5387467934553521,5,26
7.104071375651157,0.0,0.4360086767895879,2.0026056845383344,0.29193295782989176,0.7740339728461898,323,0
1.6349273632843169,0.5504032258064516,0.1280241935483871,19.805134337011072,1.0504400631994422,0.48770018590040204,21,204
4.644302180431193,0.0,0.42787996127783157,2.153450449765235,0.2434973081097057,0.8041834859458951,1,0
78.42588720541652,0.0,0.3125,2.352932083856632,0.2546119898818084,0.7970591769127009,83,0
0.48540017209948466,0.9919354838709677,0.0013440860215053765,741.2009029345373,0.4768816807854542,0.67710231158678,114,157
0.3296972051834491,0.06407766990291262,0.3029126213592233,9.876901119486197,0.27075858216642557,0.7869315336790182,2,6
1.542830480420561,0.5960591133004927,0.31822660098522165,7.944106253458771,0.772587441846185,0.5641470634354039,12,97
2.8993808529209937,0.04950495049504951,0.401980198019802,2.348818671850953,0.34001605365368354,0.7462597162723559,13,50
3.4363560669150206,0.29615004935834155,0.21421520236920039,12.690912490650708,1.2531422600959434,0.4438246167187943,5,10
4.649246043159884,0.4522417153996101,0.43567251461988304,5.6342149089373015,0.9271130504285677,0.518910916916686,3,172
8.954967658334551,0.0029154518950437317,0.3498542274052478,4.077939233817702,0.45269303143648504,0.6883766758426295,1,1
5.546799194613718,0.0,0.4243421052631579,3.3409759108160775,0.38153901880344343,0.7238304429983484,730,0
1.0592253146038013,0.6619385342789598,0.2033096926713948,16.342931528247853,0.7284811122305633,0.578542625038884,161,78
6.0878471595042365,0.38529411764705884,0.48627450980392156,6.506867668795975,0.9125932826345384,0.5228503148471434,4,53
0.22578432505061377,0.01098901098901099,0.43156843156843155,2.880734960429465,0.14646782671924435,0.8722442764587824,9,3
15.799275000902174,0.0,0.3125,3.3206871142737393,0.4514986116972668,0.6889431322505226,409,0
0.02425489874037865,0.9802631578947368,0.019736842105263157,84.98924731182797,0.02418092420252225,0.976389987714963,730,279
3.8226522184579164,0.0,0.46710526315789475,5.297485685835201,0.7131069853592004,0.5837347045726524,730,0
9.72279773770819,0.0,0.35,2.1347970689679965,0.29064284944453533,0.7748076862862397,730,0
0.7824014852771555,0.8571428571428571,0.10631229235880399,36.227265086569176,0.6532853811989897,0.6048562525090397,730,77
1.9674065928347124,0.1425260718424102,0.5121668597914253,12.509173737587764,0.577589958298926,0.6338782740974555,145,13
5.131286896934032,0.0,0.19078947368421054,9.75791799656273,1.4472164701382781,0.40862752118675294,730,0
5.685904268642422,0.001445086705202312,0.4031791907514451,3.308635144400207,0.5358391920833773,0.6511098330831709,339,1
6.064311523432082,0.0,0.42703232125367285,3.625112267782954,0.3809681540386647,0.7241296601051104,5,0
2.48368379986372,0.0,0.38499025341130605,3.3831863285556776,0.321782450078313,0.7565541515101459,2,0
7.596762059233335,0.05440158259149357,0.466864490603363,2.7982021065385383,0.5139796827304077,0.6605108452951866,5,10
40.752303837279726,0.24540901502504173,0.3606010016694491,9.677539263890562,1.3801281376344363,0.42014544687240274,224,70
1.7693816412351293,0.38146341463414635,0.4146341463414634,5.196418273648456,0.6967380771745049,0.5893661570118419,2,255
3.4934487205996843,0.0,0.4046610169491525,2.8807439001079325,0.29178063312736807,0.7741252456920843,83,0
4.124893400226174,0.002912621359223301,0.29902912621359223,4.511777298071954,0.6452653804157689,0.6078046811799406,2,2
21.783958828617102,0.0,0.6245810055865921,1.8050659627766752,0.272677539818297,0.78574498937317,136,0
6.0499769915848365,0.0,0.42105263157894735,2.809737960246433,0.4495892044992802,0.68985061208801,730,0
8.265433930683754,0.0,0.43106796116504853,2.5851768816622664,0.3741798884327093,0.7277067641708307,3,0
0.09721704598411074,0.0,0.5296052631578947,1.351231220552938,0.0709596436389101,0.9337420004008711,730,0
1.3049191506198632,0.002066115702479339,0.45867768595041325,1.871344354296246,0.1939390280031793,0.8375637084855704,39,1
0.9856345333708211,0.49661181026137463,0.30396902226524686,33.523251923720316,0.6873193188456869,0.5926560484615981,1,217
2.287190580542731,0.46963562753036436,0.30364372469635625,13.304146660846795,0.9564650357979422,0.511125924410988,278,55
5.851039337937478,0.002386634844868735,0.4618138424821002,7.962281700868546,0.7501757129620897,0.5713712015278438,155,2
3.128883493273059,0.04741379310344827,0.46336206896551724,2.8732292985810846,0.42239829297512815,0.7030379640771165,86,6
2.629465675849859,0.38634146341463416,0.48390243902439023,7.11403536683345,0.761524380441483,0.567690127427799,3,61
3.4872770258809527,0.0,0.2993421052631579,2.967232163606786,0.4642819924269327,0.6829285651069015,730,0
0.2545424815757392,0.0728862973760933,0.532555879494655,5.59621076063036,0.18389292758099293,0.844670980544892,2,14
6.170252983821246,0.029745042492917848,0.40226628895184136,5.408881087275565,0.6586718307517074,0.6028920136340662,324,5
1.7457983494294613,0.0,0.4059701492537313,3.294758732992613,0.2875308037752245,0.7766804468427917,20,0
8.526625810568465,0.022435897435897436,0.5112179487179487,4.391817312402323,0.7541996421926987,0.5700605426814641,408,7
4.557095054234264,0.05102040816326531,0.4153061224489796,2.329897629646468,0.3521592376649988,0.7395578657783447,25,50
19.381830573146665,0.019736842105263157,0.34868421052631576,3.6630968265939545,0.8184803709280137,0.5499097026214675,730,6
5.6471144293442554,0.16221562809099901,0.47378832838773494,3.256064458046214,0.5801151940565299,0.632865251699,7,25
2.807256152390724,0.005905511811023622,0.45570866141732286,4.116218088559025,0.47113984357333943,0.6797450319685723,7,4
0.5979496366237839,0.3389162561576355,0.3842364532019704,6.887605963168664,0.40625385301494077,0.7111091627276597,8,25
4.1750039988353205,0.0029182879377431907,0.4280155642023346,2.7524489927270386,0.3384582229602121,0.7471282874921129,2,1
3.620656250762369,0.0059665871121718375,0.23627684964200477,7.627785100909916,0.7655012004710072,0.5664113962274373,171,1
1.497198477315661,0.0,0.4797630799605133,1.8539447995033822,0.14667783912139687,0.8720845261701545,16,0
4.0735621953792975,0.10836501901140684,0.4600760456273764,4.4586929071496355,0.669010582921559,0.5991573751734554,253,6
0.9115090499944125,0.0,0.4918032786885246,2.002839033876772,0.2555854746834323,0.796441198280131,280,0
4.891756890525889,0.009162303664921465,0.4096858638743455,5.275842822219499,0.48551841356818454,0.6731656712339369,161,1
14.426935860971927,0.0,0.3233301064859632,3.1097740537037724,0.5350582195506496,0.651441090157952,1,0
18.450935917211844,0.0,0.42452830188679247,2.496132491668685,0.5807366870334717,0.63261643017641,443,0
1.175363627742855,0.122568093385214,0.5233463035019456,3.8181032387023572,0.3718612266545782,0.728936703341781,2,122
5.118770853344814,0.0,0.5266666666666666,2.2529001021237494,0.2802251931122948,0.7811125772091294,730,0
5.723507363782249,0.008244994110718492,0.3710247349823322,5.344238313717666,0.9064595578657879,0.5245325010300579,167,1
2.7392216262851328,0.02733485193621868,0.224373576309795,6.030979050183569,0.5885148577255401,0.6295188207630713,129,4
0.8351694649487195,0.0009794319294809011,0.3388834476003918,6.170342802512974,0.3430868366108645,0.7445534962753358,4,1
3.099849396076993,0.03431952662721893,0.47928994082840237,3.2187685003019846,0.6252172648274175,0.6153023485793393,184,2
3.3189047629455426,0.0,0.44336882865440463,2.892640200063811,0.31987846698868955,0.7576455143491398,1,0
1.2518820343797685,0.02528977871443625,0.4267650158061117,10.801456594934855,0.45897762769328254,0.6854114696611562,16,11
6.119438713631554,0.010826771653543307,0.2263779527559055,19.19060849766396,1.3620380860793075,0.4233631988804537,7,4
1.5343540452698061,0.011278195488721804,0.2631578947368421,8.760089665415164,0.6505818335123804,0.6058469684426582,217,4
3.3716831534714458,0.0,0.27864077669902915,3.159561182444307,0.4500733718338276,0.6896202767556204,2,0
4.656239303310251,0.0,0.35977011494252875,3.0840083328290286,0.3814652436608806,0.723869098110642,129,0
17.0581607231143,0.0,0.322463768115942,4.655988621152875,1.0574736273726177,0.48603296134443985,730,0
35.4620147845021,0.0,0.5431372549019607,1.7697932502193219,0.2936438268637366,0.7730102979151255,5,0
2.6379430010885945,0.0,0.4592274678111588,1.8747845715733422,0.24273016589489663,0.8046799115718695,101,0
3.4073760321683917,0.25098425196850394,0.562007874015748,3.8543525235539473,0.6039834202494317,0.6234478407791101,4,101
6.76968314510603,0.0,0.44952380952380955,2.4769242249570156,0.5011815211898148,0.6661419594396649,253,0
6.06458389331214,0.0,0.4241960183767228,3.908169843537652,0.4558126556523852,0.6869015708287517,223,0
7.954025515386956,0.0,0.2993421052631579,5.341337801217469,0.5008188985152946,0.6663029103573146,730,0
2.6870675313709613,0.0,0.43537414965986393,3.690908593888816,0.44956084205181085,0.6898641098669093,2,0
2.583609622296927,0.0,0.42134831460674155,3.2227395246263177,0.33116124190945445,0.7512237950720172,253,0
8.02705349339603,0.009174311926605505,0.44724770642201833,2.8971355887405843,0.4544999848214969,0.6875214922210705,160,3
1.455128635066181,0.0009699321047526673,0.44034917555771097,2.4558952184714986,0.22739038454008975,0.8147367069155473,1,1
386.54865574243644,0.0,0.08244422890397672,423.1768591989436,12.730090939305512,0.07283272954422117,2,0
3.153899536256775,0.08345120226308345,0.5304101838755304,3.2791586394214067,0.433829778500714,0.6974328577871017,241,59
4.106217416805146,0.1282608695652174,0.3978260869565217,5.14368911667848,0.7824460653096222,0.561026793159261,112,93
2.3531895763415824,0.0009775171065493646,0.32453567937438904,3.4526282757384017,0.42178506240931807,0.7033411916041848,3,1
0.3993052770987839,0.0,0.3787375415282392,4.182111400570649,0.2600296144838691,0.7936321404712525,730,0
1.354629231001133,0.0,0.15789473684210525,32.28453350031309,0.8880898991251767,0.5296357977781343,730,0
1.9257615070732388,0.005819592628516004,0.43452958292919497,2.8920433857613324,0.2774697982685577,0.7827973713001815,1,5
0.8625409429975285,0.0,0.4970691676436108,2.7448947277017846,0.2617591644941588,0.7925442732178621,175,0
2.5348727459103686,0.0079155672823219,0.4050131926121372,2.984977197056105,0.30043852272639354,0.7689713758275027,133,1
7.915253724484013,0.018306636155606407,0.40389016018306634,5.170610500842198,0.7035630823241027,0.5870049723287852,154,6
3.301527658710103,0.0009765625,0.1982421875,6.821407063240801,0.8459757231129736,0.5417189335045226,3,1
11.42065414852855,0.0,0.4144736842105263,2.3309770581984126,0.41817270233696835,0.7051327376081398,730,0
4.466280572944677,0.0,0.13017031630170317,6.143862671141339,0.9529883088058387,0.5120358352843666,206,0
3.342881935725553,0.0,0.5252525252525253,1.7759301276912507,0.2720032872934815,0.7861614902959573,35,0
2.380783835924128,0.0,0.3684210526315789,3.7843860406906553,0.5996787549369338,0.6251255115527394,730,0
3.2266018244026107,0.09649122807017543,0.5360623781676414,3.8047894694499877,0.5299655608692506,0.6536094834918046,2,22
0.38857684091381445,0.8948393378773125,0.0827653359298929,56.310153276411896,0.35497675311417565,0.7380200418211427,2,197
4.702207691318764,0.01639344262295082,0.38979963570127507,3.161275391367307,0.4908965447308023,0.6707373516520967,477,2
4.108894365275619,0.0,0.3802133850630456,3.7147968672171645,0.469583242688909,0.6804650263773364,2,0
0.19177611480717613,0.0,0.47843530591775324,2.8831035158802774,0.11882615312026414,0.8937939082056019,4,0
5.442287617118336,0.001941747572815534,0.4475728155339806,3.4893394220294494,0.5104926330274524,0.6620356684532241,1,1
0.0,1.0,0.0,0.0,0.0,1.0,107,347
9.773151520948431,0.18572825024437928,0.34506353861192574,7.969715272138133,1.1938929317597256,0.4558107579105505,6,60
2.2957713360279595,0.0,0.24539282250242483,5.034232317300036,0.5526115459376835,0.6440761068771136,2,0
2.5842418421771,0.028056112224448898,0.35771543086172347,3.8091778220262213,0.4823240209779259,0.6746163361370041,32,19
18.48516051815248,0.0,0.3028391167192429,2.8446212972698595,0.5719016572310345,0.6361721138213816,443,0
2.0216807412942344,0.0,0.4301369863013699,2.824525667006163,0.32510352129827363,0.7546580202430128,669,0
5.1109661466597345,0.0,0.38127090301003347,2.1063775937538693,0.26388677644279107,0.7912101136262377,730,0
3.595472242049328,0.0,0.4473684210526316,2.7428097763927135,0.3885187062865435,0.7201919538227912,730,0
6.288799383837958,0.0,0.42433234421364985,3.278019476066383,0.365070477990335,0.7325629087460788,18,0
2.474314262859341,0.0992063492063492,0.42658730158730157,6.680036052275798,0.7139733365095886,0.583439647921504,5,24
3.492809379858107,0.0,0.34833659491193736,4.063354335632962,0.4671150518934383,0.6816098019779797,4,0
7.489198996568706,0.43258426966292135,0.47191011235955055,4.034359414657254,0.9411220479376502,0.5151659582984245,253,191
3.626428147507932,0.2291220556745182,0.2880085653104925,8.270078822181326,1.0460678119818922,0.4887423545514678,98,95
8.97547076708,0.9407894736842105,0.05921052631578947,23.95289236026361,2.84365423669368,0.2601690834866047,730,286
4.737614013700962,0.0,0.44243070362473347,2.8480940165583597,0.4359935742073617,0.6963819462437212,23,0
7.2610123963712985,0.0,0.350293542074364,3.1899180197020494,0.4481824889047744,0.6905207096905832,5,0
4.597427795614541,0.0068762278978389,0.43320235756385067,5.418927374967542,0.8187316966219186,0.549833712062853,3,7
7.716592861298034,0.001953125,0.4404296875,3.033323127739029,0.41758308495251134,0.7054260244883634,5,2
4.867426569719441,0.041176470588235294,0.31470588235294117,4.929738494158734,0.5695535027250131,0.6371238688352,3,13
3.3546379015446286,0.0,0.2621359223300971,11.233197241843525,0.979978569428529,0.5050559715343913,2,0
4.8816967097064525,0.5009746588693957,0.44834307992202727,5.709638887197336,0.9458115681679478,0.5139243780637692,3,302
0.934615552020313,0.9959473150962512,0.004052684903748734,362.25,0.8840957924516474,0.5307585760800236,27,271
1.0848678896489499,0.570869990224829,0.3841642228739003,12.07551339406026,0.6287503688762667,0.6139676276420039,4,173
8.283013985067328,0.0,0.40878378378378377,2.020189328497794,0.37151834194985384,0.7291189402383964,730,0
3.1595835915635266,0.0,0.27960526315789475,6.171596835567721,0.7572220169458577,0.5690800538329536,730,0
2.49515101266216,0.0,0.36081474296799226,3.719725668154002,0.3498444493476627,0.7408261007283236,2,0
2.496579239692972,0.0,0.4432379072063179,3.7812757544407236,0.4536124867826386,0.687941256072556,7,0
2.6543788613298664,0.20329138431752178,0.5324298160696999,6.399521033488305,0.5972939324092292,0.6260588484748582,1,127
7.887628989770473,0.25,0.38666666666666666,7.13051199517973,1.0795063420929385,0.48088336147777305,730,44
0.008260232167033291,0.9834469328140214,0.016553067185978577,429.47272727272724,0.00825581084671616,0.9918117894705878,3,499
4.943892230884442,0.0,0.40524193548387094,3.1135155468364286,0.5670925454067272,0.6381244062012034,253,0
7.900761281275119,0.0,0.41271820448877805,3.3757016630199996,0.5174168191692018,0.6590147066825767,226,0
1.4492913419731321,0.0,0.4225352112676056,2.3955206888700293,0.3292210499914971,0.7523203157265654,730,0
1.0841726509870175,0.20576671035386632,0.3722149410222805,9.900307193837783,0.5836575856397643,0.6314496322107541,270,24
4.0156368981177115,0.004887585532746823,0.2727272727272727,4.610918001185823,0.8966077178115636,0.5272571605655326,6,4
1.8259951737329996,0.0053475935828877,0.4959893048128342,8.494431788885555,0.4385986333020617,0.6951209161826241,265,2
2.5882315766704322,0.004054054054054054,0.48783783783783785,1.6870669627195116,0.20180738879218688,0.8320800898095636,282,1
3.955202702638585,0.004842615012106538,0.3813559322033898,3.3466987650243776,0.49656831541756474,0.6681953571367606,175,4
7.030066358355052,0.6138613861386139,0.3,7.965922689091374,1.344692625204033,0.42649513597245226,7,82
5.98943765317464,0.0,0.42135922330097086,3.0708574605025225,0.38134734213523624,0.7239308821879923,2,0
18.544883409898073,0.006993006993006993,0.3146853146853147,5.376155341253897,1.1588171693819123,0.4632166235208833,5,3
1.7805740196834656,0.0029615004935834156,0.32082922013820336,2.8975497886228037,0.43074768758313003,0.6989352550967499,6,3
4.105435070794425,0.05296610169491525,0.298728813559322,5.118684395814282,0.544151795009925,0.6476047259288861,24,24
8.509117289363457,0.301,0.381,6.478268898454073,1.1107449667803797,0.4737663790454741,31,156
2.647569850200006,0.005964214711729622,0.3320079522862823,4.9374137221029395,0.5472399758584129,0.6463121529969501,11,1
1.5541965563795548,0.002909796314258002,0.44713870029097963,3.1293455473137386,0.27713956969188375,0.7829997783572354,1,1
0.0,1.0,0.0,0.0,0.0,1.0,730,136
1.767778791171341,0.994131455399061,0.005868544600938967,180.5641070037226,1.5567255429690467,0.3911252823948912,175,308
1.6610011178179225,0.0,0.41118421052631576,2.741357842445092,0.27117511778173015,0.7866736738405127,730,0
6.850462591179912,0.06814814814814815,0.2874074074074074,5.21670036825565,0.7043581956009342,0.5867311241152645,318,38
4.514028955404267,0.0,0.4729064039408867,3.0851137870415366,0.49010160824249016,0.6710951753011368,409,0
0.10676923136544045,0.48542713567839196,0.3005025125628141,11.704070577310015,0.10025894924416838,0.9088769518184405,17,85
3.5567491730114544,0.027237354085603113,0.4717898832684825,5.429971435044714,0.6611799143322765,0.6019817548793066,2,18
4.14566082690849,0.0009852216748768472,0.387192118226601,3.8314231772567378,0.4228748442865199,0.702802501580127,9,1
8.82089883669773,0.5537806176783813,0.17784877529286475,14.06496288546804,1.8195450947596443,0.35466714182319053,62,127
1.1133780464417902,0.0,0.46079380445304935,1.9869765504398325,0.19393886366576665,0.8375638237704119,1,0
4.166114100963526,0.32209737827715357,0.5393258426966292,4.283422459893049,0.7628309513556268,0.5672693681892722,225,193
5.428406054274684,0.0,0.4220716360116166,6.483594220939613,0.6459849542907409,0.6075389677124372,1,0
4.274253787728582,0.43731778425655976,0.3391642371234208,11.503329955117994,1.1191537650887062,0.4718864749100171,1,279
4.149655972082281,0.0009737098344693282,0.28432327166504384,7.0448853778002976,0.48197025678204874,0.674777375202793,2,1
3.357455629618138,0.009727626459143969,0.42120622568093385,3.4488142653851352,0.3510050642521777,0.7401896754202993,1,2
4.863485698351702,0.0,0.32526621490803487,5.51518915409342,0.5472394177713316,0.6463123861208345,1,0
4.888389917666377,0.002824858757062147,0.3827683615819209,3.729840483205715,0.3197083221366537,0.7577431946333151,318,2
5.949981279611119,0.0,0.4440789473684211,2.3510176843510173,0.37222278884023263,0.7287446383580135,730,0
4.318154587809486,0.008806262230919765,0.48336594911937375,2.8398990907170982,0.5561532611574962,0.6426102267434642,8,2
5.077143787096292,0.0029211295034079843,0.3875365141187926,2.4376213116145897,0.3549468943393327,0.7380363054653861,2,1
4.43798212591272,0.08507853403141362,0.27225130890052357,5.855710951381537,0.8488302158983487,0.5408825490847459,266,41
4.483688439966279,0.004849660523763337,0.4510184287099903,2.7305347414412515,0.4070029725322582,0.7107305524737071,2,2
5.409555863770517,0.06713780918727916,0.4617196702002356,3.774217016730157,0.5694403474065062,0.6371698049260017,158,45
0.5779897833350753,0.05172413793103448,0.2778904665314402,8.535759026232634,0.37472822496162245,0.7274165044715777,37,20
3.8351731230594597,0.0,0.3928944618599791,2.9966511439982186,0.42288786303184495,0.7027960712724272,70,0
3.56335644010552,0.006782945736434108,0.44573643410852715,2.478489634501896,0.3734590300410586,0.7280887002287253,1,1
53.46087478279706,0.0,0.5230263157894737,2.0207528958731085,0.4017662056793804,0.7133857243443387,730,0
4.741571243134926,0.6275510204081632,0.22448979591836735,14.553242554042566,1.5593261059762056,0.3907278551431684,445,275
7.719867642583137,0.0,0.3638132295719844,3.382629837486061,0.4698132259232083,0.6803585532929786,2,0
11.099173123977195,0.4827586206896552,0.48073022312373226,4.668556606077223,1.0601196436208986,0.48540870094437055,538,229
3.318004796100392,0.8061440677966102,0.13347457627118645,54.469258178512256,1.9263556692428336,0.3417219617254318,83,371
0.03439140594968613,0.0,0.3190789473684211,1.2903981264637001,0.028080649464720088,0.9726863359607628,730,0
12.096318588315835,0.10863874345549739,0.2591623036649215,19.99370320755615,1.3904734924790858,0.4183271653696235,253,21
4.330010174869031,0.0,0.34868421052631576,5.006652362617444,0.5612408621034481,0.640516158828118,730,0
0.00842050273811724,0.9823529411764705,0.01764705882352941,142.5806451612903,0.008412832214627434,0.9916573530741852,4,249
6.374912304281111,0.0,0.43796992481203006,4.635074558594822,0.7237756245230359,0.5801219055274073,253,0
5.325210004859531,0.6009708737864078,0.3796116504854369,7.657047673396364,1.114780701880265,0.4728622684663681,1,201
12.171156925198655,0.4620829120323559,0.37917087967644086,7.133522244780114,1.3926582192407915,0.41794519248859013,13,287
1.654018704958721,0.09073724007561437,0.4914933837429111,4.5319773454030585,0.4898697162166255,0.6711996284744948,282,16
2.265019566404919,0.019627085377821395,0.35034347399411186,3.4843677068483028,0.4011392462596763,0.7137049387985437,9,14
3.305023536346786,0.1263681592039801,0.5412935323383085,3.350013701487532,0.5634537613407543,0.6396095776714501,16,40
3.1661354766163408,0.6473577235772358,0.18292682926829268,31.248160678803497,1.4826710207163696,0.40279198961747736,44,166
4.548937350046813,0.018645731108930325,0.2855740922473013,11.11930255465582,0.8119033219187255,0.551905826267289,2,6
4.227540128110404,0.0,0.3881578947368421,2.952211210938928,0.46444229181338176,0.6828538110311779,730,0
0.4287907897616293,0.039473684210526314,0.5526315789473685,3.011272826714472,0.20589218317122665,0.8292615326274226,730,12
3.4101399617289725,0.7401315789473685,0.24013157894736842,13.203438395415475,1.3495483400362,0.4256137160321599,730,218
2.1739473998354506,0.5170068027210885,0.3624878522837707,5.524687476884385,0.8437403346423911,0.542375724613064,2,177
5.240359928904379,0.048562933597621406,0.46085232903865214,4.228891267011892,0.7387243795810515,0.5751342833537261,13,44
2.631004583170496,0.0,0.44931506849315067,6.470688371945715,0.5898823528896122,0.6289773568355541,669,0
0.004922886700705526,0.9602510460251046,0.0397489539748954,56.23529411764705,0.004918513545356621,0.9951055598249413,10,194
5.865675102893381,0.0,0.3133159268929504,3.413485302081873,0.5587621628686747,0.6415346893971596,265,0
3.0589396143513046,0.5694849368318756,0.27988338192419826,5.495696998178935,1.0247053360833829,0.49389902924561524,2,124
0.0,1.0,0.0,0.0,0.0,1.0,9,187
1.677075611189986,0.0010030090270812437,0.5105315947843531,1.817787465106497,0.22191106332080243,0.8183901676790518,20,1
3.773597193850979,0.0,0.42105263157894735,3.7790110599928823,0.4446805517277501,0.6921945469564609,730,0
13.251838139633165,0.5728444003964321,0.34985133795837464,7.494745504439135,1.3021237064211564,0.43438152224868215,19,574
1.2397851322423694,0.1836734693877551,0.5247813411078717,5.005403041277527,0.4393236959910044,0.694770747390134,2,185
26.173393520574027,0.015503875968992248,0.6482558139534884,1.7188525458062285,0.3088812805516489,0.7640112322322571,1,5
24.414884136714377,0.41025641025641024,0.3994082840236686,4.049903249938356,1.0979127785396066,0.4766642399195058,8,140
3.1294232264929622,0.003367003367003367,0.39730639730639733,4.953221694432559,0.4320974332487052,0.6982765116277777,141,2
0.0414046696029521,0.9539473684210527,0.046052631578947366,66.15544041450778,0.04114346275062086,0.960482427040436,730,128
0.02675205813715227,0.9614604462474645,0.038539553752535496,115.3216374269006,0.02665958776175147,0.9740326900176594,41,93
0.5988262852921516,0.30985915492957744,0.45271629778672035,5.370521128046,0.3860513847523422,0.7214739734765885,35,66
3.574287248369169,0.0,0.4407894736842105,2.2859079233620916,0.33381771033794794,0.7497276368797287,730,0
6.058083020242122,0.0,0.4440789473684211,2.2895865587167834,0.5328745972759904,0.6523690860146417,730,0
2.628795957957254,0.14978902953586498,0.15611814345991562,21.140028727020965,1.3008610650475154,0.4346198973901751,76,80
9.485319559223415,0.0034129692832764505,0.3822525597269625,4.271736318473405,1.079874974589378,0.48079813076140604,730,1
9.736666003708336,0.0,0.3026315789473684,5.268704409606879,0.7219328797904733,0.580742729136853,730,0
0.18762216820834615,0.9862610402355251,0.012757605495583905,217.06508875739647,0.18456124085751976,0.8441944287119226,9,307
0.0,1.0,0.0,0.0,0.0,1.0,274,110
2.65287792505921,0.0,0.4431818181818182,1.7875617072537022,0.24975207801657193,0.8001587015458757,946,0
5.235223184696981,0.6365403304178814,0.3459669582118562,8.861905132798505,1.1650384645610636,0.46188555832551387,1,171
0.0,1.0,0.0,0.0,0.0,1.0,9,736
6.526997848649548,0.0,0.4605263157894737,2.436544791221587,0.43479565118076363,0.6969633614215732,730,0
3.9722807989870255,0.03650586701434159,0.455019556714472,3.5648738285962223,0.7998181742064923,0.555611680297029,264,6
2.4155372001415674,0.16470588235294117,0.4892156862745098,8.026078193447544,0.7139208507727565,0.5834575147091123,3,21
31.632714580435252,0.0,0.40093603744149764,2.7703822692058773,0.5662606302435165,0.6384633442803984,307,0
2.4584299869486483,0.6719840478564307,0.24426719840478564,14.024598325794912,1.1269470745093757,0.47015744396492354,7,141
3.7962817762822096,0.001483679525222552,0.3798219584569733,3.031186224616036,0.4468624056637651,0.6911507245509211,346,1
5.507967612990809,0.0,0.3333333333333333,3.101110857430778,0.4057094413699573,0.7113845653803346,730,0
7.7122407298797375,0.38953488372093026,0.37693798449612403,6.9128671996342295,1.1400861232410873,0.46727091453942715,1,74
0.3081955919493168,0.0,0.5227934044616876,1.619087323713112,0.10641635390877341,0.9038188892157791,2,0
9.178943793294671,0.0,0.4322469982847341,3.647033823087637,0.43505144787428696,0.6968391282983477,445,0
5.9113379545695075,0.31328806983511154,0.29582929194956353,7.661200034080105,1.1341492993036772,0.46857077915133516,2,118
0.8926219854944881,0.0,0.4547169811320755,2.799858297959615,0.2211722489899901,0.8188852971618723,281,0
1.751585924749355,0.0,0.4200848656294201,3.1735837315160538,0.23352805433986706,0.8106828186693804,241,0
1.7148317121305143,0.3576158940397351,0.3973509933774834,8.662894697830705,0.7327718497091085,0.5771100218230556,730,71
1.361269092645033,0.001936108422071636,0.3233301064859632,6.104862688606941,0.529158456053947,0.6539544649810453,1,1
1.771469586690702,0.0,0.41268292682926827,3.8307683187405446,0.37020213513742123,0.729819326912454,2,0
3.7075175525288695,0.21671525753158405,0.5500485908649174,2.839151254071951,0.6269645766758544,0.6146415320505367,2,197
0.8298994657611154,0.7836691410392365,0.1728525980911983,20.136402576387347,0.6220106950672261,0.6165187461717409,77,83
472.2435159551402,0.0041841004184100415,0.5596234309623431,2.076509674569641,0.48921412892627825,0.6714951064297241,12,2
18.155528384955236,0.0,0.4159378036929057,3.5906409631447214,0.616100453916195,0.6187734169474197,2,0
12.920637562345647,0.29931305201177627,0.5996074582924436,3.1723459102996543,0.774946375017744,0.5633973026311869,4,61
0.0,1.0,0.0,0.0,0.0,1.0,99,758
5.010807255098862,0.0,0.37623762376237624,6.591429902906638,0.8158897760819628,0.5506942178823433,14,0
2.3784876815966034,0.0,0.6046738072054528,1.9623022348687689,0.33284917234195754,0.7502724394860776,5,0
1.980059828528265,0.001122334455667789,0.6026936026936027,2.327799442219448,0.3028809902449997,0.7675298108478468,133,1
3.339064266669744,0.2790152403282532,0.6014067995310668,2.6034677743392147,0.6176975251666745,0.6181625331329897,175,207
1.5239221256068698,0.0311284046692607,0.28891050583657585,6.726077903222724,0.5018104299729208,0.6658630011099544,3,12
3.384975075739747,0.022044088176352707,0.3587174348697395,5.394117613503477,0.7500355513888065,0.5714169630476434,6,7
3.109487227478272,0.0019398642095053346,0.31910766246362754,4.02274082801294,0.4090104707915524,0.7097179337767597,2,1
4.0447823531312235,0.08551992225461613,0.35082604470359574,6.452639599658144,0.8470394981708269,0.5414069385036578,2,16
0.24870032450692853,0.08756756756756756,0.3924324324324324,9.42743137349166,0.2030412795729154,0.8312266727497531,47,3
2.1486716259434058,0.18082191780821918,0.4520547945205479,3.3931982069771975,0.5637328518324779,0.6394954220141496,669,16
2.704480687554663,0.004028197381671702,0.39274924471299094,2.105714628227304,0.24593775821541397,0.802608311214778,31,1
1.869735812253795,0.0,0.4259438528557599,2.079562470434388,0.20400428555595967,0.8305618277249247,1,0
0.1479708767696542,0.9212062256809338,0.07684824902723736,66.3225806451613,0.143136537676156,0.8747861406239945,2,224
0.5387580802695356,0.6885406464250735,0.29187071498530853,10.10470181282429,0.41258907003735007,0.7079199614460837,9,148
6.534482520198414,0.09004237288135593,0.2944915254237288,19.964567483106727,1.5421571517312225,0.39336671193556805,52,50
0.7841557962175127,0.001059322033898305,0.4099576271186441,7.2679602559434,0.4321527401334166,0.6982495455804818,87,1
3.8795364183837875,0.0341130604288499,0.5087719298245614,2.6160176615084834,0.40995833529143383,0.7092408158240388,2,17
2.880706037194227,0.001998001998001998,0.18181818181818182,14.37809330628803,0.8888574027808273,0.5294205896791218,29,1
12.965772403027536,0.23563777994157742,0.44790652385589097,4.153407143310921,0.8674158554630871,0.5354993624342004,2,67
0.008749262775652964,0.9962546816479401,0.003745318352059925,464.3478260869565,0.008745495988991039,0.991330324622251,253,191
14.006180335385205,0.036786060019361085,0.3552758954501452,4.2670472838437234,1.0461775393392885,0.48871614548310427,1,22
1.6387165203529828,0.016722408026755852,0.3612040133779264,9.992948357085716,0.769785611515203,0.5650401910228264,730,2
0.14310614787668463,0.009157509157509158,0.5476190476190477,2.028308097432521,0.10299206066046689,0.9066248395307618,282,2
6.338123681361408,0.0,0.3143976493633692,4.536020348781503,0.5917310737813969,0.6282468291734417,7,0
4.196877437974467,0.0,0.4557823129251701,1.8719911913194958,0.23181044603091855,0.8118132162478024,2,0
8.052164512380848,0.008064516129032258,0.3951612903225806,2.743270063285178,0.4290570863954197,0.6997621085399385,34,1
6.795604418167366,0.0012642225031605564,0.35651074589127685,3.2958065577499576,0.5052812197808656,0.6643276929646256,133,1
6.981845710727229,0.0,0.3355263157894737,4.19173211940267,0.5182420623558988,0.6586564980608375,730,0
5.255096472906262,0.0,0.4144736842105263,2.9055537868575954,0.49056044309168007,0.6708885940417331,730,0
6.361959801477751,0.0049261083743842365,0.3133004926108374,5.158669134559617,0.7522403574120295,0.5706979614811232,5,4
3.1034501744759546,0.0019940179461615153,0.42273180458624127,2.89215358591083,0.3166892213606559,0.7594806608704583,7,1
2.742021535850284,0.051130776794493606,0.3667649950835792,11.871996673394253,0.9329724193402896,0.517337955779676,7,15
10.758379758273684,0.01466275659824047,0.3519061583577713,2.9109600148382238,0.5302523577827317,0.6534869852767003,4,1
0.22582602701258717,0.0,0.4407894736842105,1.9331395348837206,0.13097358099020623,0.8841939518379074,730,0
3.9334429316753825,0.0,0.36327739387956565,3.421371325141583,0.46791123772846555,0.6812401011027481,16,0
2.972055297933746,0.01171875,0.3759765625,4.326147941253766,0.40209818055852686,0.7132168159591001,3,4
1.988417764632193,0.0,0.1875,7.169948153567226,0.648040267210046,0.6067812904188875,730,0
7.5120584652704245,0.0,0.3872,2.8501228206530604,0.5238616325157677,0.656227559420263,408,0
0.2249788437084517,0.012609117361784675,0.4655674102812803,5.425074353694806,0.17349169230679348,0.8521577157774745,1,8
0.4347908273363229,0.0010660980810234541,0.4594882729211087,2.949685534591195,0.15232115364616872,0.8678136271609742,82,1
7.938355440247888,0.01929260450160772,0.3386923901393355,4.1900610654088135,0.6362309717263682,0.6111606596377477,86,18
0.6632145736591044,0.6330275229357798,0.2672018348623853,33.53094900321063,0.5073632799034434,0.6634100839076142,161,155
6.390968720772737,0.06995412844036697,0.41628440366972475,4.721059224182795,0.9404970583989946,0.515331881422716,161,27
3.817861928867297,0.0,0.4109311740890688,2.258834598256288,0.27448244744155964,0.784632226208713,540,0
13.332418676355692,0.0,0.40131578947368424,2.957516499633342,0.5430684055354076,0.6480594096883372,730,0
2.9543326759797557,0.0,0.5165562913907285,1.7797177998304723,0.2366311983540168,0.8086485294330451,730,0
11.997914718386422,0.0,0.4243421052631579,2.9802685056708254,0.5354427014005657,0.6512779663401587,730,0
0.5422966757849167,0.48685491723466406,0.3427458617332035,10.055041265258733,0.41387463942207936,0.7072762832840326,2,115
25.29577571880517,0.029143897996357013,0.31876138433515483,2.6742829130194514,0.4698621129249997,0.6803359248508132,471,6
6.776436713868142,0.0,0.3969022265246854,2.6987998083344107,0.416410425248166,0.7060100534241637,1,0
101.12972223184585,0.0,0.4605263157894737,3.2034025382717393,0.6936977485204979,0.5904241183962923,730,0
9.681956526570815,0.0,0.42921348314606744,3.3337946877582803,0.40660257376643033,0.7109328666464195,582,0
4.017732898026387,0.0,0.43687150837988825,2.887691655051209,0.39318472950999034,0.7177799029937108,134,0
1.7265488478212936,0.027870680044593088,0.44481605351170567,3.886392674616695,0.33963927044038444,0.7464696072034873,100,10
0.8624513392717149,0.0,0.4798657718120805,3.9750665809532553,0.3503605691463153,0.7405429504152289,730,0
3.860231932126823,0.30746847720659554,0.44034917555771097,6.122514322399525,0.8455169728073904,0.5418535915596623,2,90
0.32768362703845266,0.8768267223382046,0.1022964509394572,36.37671746190358,0.30241114646825584,0.7678066966116627,253,160
3.1459745362103004,0.0,0.39858490566037735,2.8746883713415836,0.3323093872095902,0.7505764123560038,587,0
8.557109658115538,0.005836575875486381,0.3667315175097276,3.399730473895664,0.5221106819027355,0.6569824467363544,2,4
3.1775962102947557,0.24951076320939333,0.5156555772994129,5.018800061016569,0.6824364114748472,0.5943761043089801,8,21
1.6115238335615376,0.0,0.24013157894736842,4.568696672236916,0.40568001706072937,0.7113994563933516,730,0
1.701539496283616,0.0021208907741251328,0.4411452810180276,3.4851603992792115,0.37167523997596746,0.7290355405245345,82,1
7.597839820623745,0.0,0.3026315789473684,4.785564745951206,0.5921280024276405,0.6280902028450117,730,0
3.993278138154624,0.0,0.13959085439229843,36.28661692489875,1.627814660672183,0.3805443416409758,157,0
3.6720775012154943,0.2288135593220339,0.5201271186440678,5.795294174442213,0.7418703542477537,0.574095539063159,83,112
0.18068530044895476,0.9476744186046512,0.040697674418604654,174.97577854671277,0.17672608808791543,0.8498154414379637,1,174
3.6513805771740784,0.625,0.2900390625,24.38744185456988,1.4370099660354414,0.4103389046154836,2,90
2.70132989920399,0.0,0.4298160696999032,2.752953061541353,0.2578319355989483,0.7950187713462887,1,0
9.321406922788105,0.0,0.3611111111111111,2.278429287468113,0.3844121327464752,0.7223282549656246,730,0
8.90610484827581,0.0,0.15789473684210525,9.911767744601715,1.2633892860396574,0.44181529274168296,730,0
3.04273989411882,0.002926829268292683,0.46731707317073173,2.3685374405551682,0.26009468657638746,0.7935911568018342,2,1
6.200088785352933,0.014736842105263158,0.4305263157894737,3.595503447743032,0.5460420257299186,0.6468129477449872,79,7
8.139730932414848,0.007820136852394917,0.40175953079178883,3.461419063177642,0.541292059384585,0.648806301123283,2,2
4.204781042434958,0.0,0.36627906976744184,3.703356922608445,0.4762987483486556,0.6773696727160208,1,0
0.0015556784782176424,0.9990319457889641,0.000968054211035818,1033.0,0.0015556031828070514,0.9984468129598961,1,707
2.0361215886758113,0.0,0.3960591133004926,2.278884890310176,0.26157713700494745,0.7926586259909991,4,0
6.78589594723277,0.0,0.4934210526315789,3.6384141426007774,0.39359993588394165,0.717566049086902,730,0
2.8088032389998427,0.05304518664047151,0.32711198428290766,6.1822260269564,0.6931382652407715,0.5906192190735208,10,17
6.618791139689743,0.0,0.536986301369863,1.6403943952919988,0.22690362381263168,0.8150599448817966,669,0
0.0005431238634582196,0.9970443349753695,0.002955665024630542,338.33333333333337,0.0005431078110106034,0.9994571869949724,4,481
2.3044682272559447,0.0009737098344693282,0.3748782862706913,10.45264021887825,0.6600721989657943,0.6023834388787358,2,1
4.9873720480577814,0.0,0.38932038834951455,4.4397763328176865,0.6427564628577757,0.608732957446643,2,0
5.232010625141449,0.0,0.38341463414634147,2.8049906989201276,0.44681824618862054,0.6911718197045953,3,0
1.5899720490884601,0.0057670126874279125,0.33217993079584773,7.607092062139712,0.5935618152364959,0.6275250764913647,144,2
0.9057131389313748,0.0,0.3978599221789883,4.554955845554324,0.28266501113310727,0.7796267858874542,2,0
4.810425720914767,0.0027397260273972603,0.5123287671232877,1.8419214151512888,0.28037618456640506,0.7810204626218087,669,1
2.3592740951430673,0.0,0.3993541442411195,5.370112401396202,0.6347442750740401,0.6117164716510223,71,0
3.691829807272292,0.0,0.4769736842105263,2.8854317297334013,0.47459647891591467,0.6781516260876834,730,0
0.1660837928202342,0.8027210884353742,0.19436345966958213,95.3312745648512,0.16052697000997632,0.8616775187839053,1,254
3.276165996476808,0.0024271844660194173,0.42475728155339804,3.487645529846791,0.38090008368422623,0.724165355491913,209,2
2.9240022698372736,0.0009881422924901185,0.3922924901185771,3.057578875382748,0.32418971992520756,0.7551787972319266,3,1
3.9402292151416667,0.0471976401179941,0.5172074729596854,2.9332096817355513,0.3720645290852337,0.7288286948622656,3,2
16.746704037478597,0.0,0.5229268292682927,5.831184067187455,0.8009528000272295,0.5552616370539419,3,0
3.412134400530536,0.017119838872104734,0.29204431017119836,8.42051370735792,0.7899785172735209,0.5586659227191122,28,17
3.1560896030257752,0.10149253731343283,0.46766169154228854,3.831098362008237,0.55334928744479,0.6437702119431027,9,17
5.572183627760073,0.013725490196078431,0.45294117647058824,8.557217905439147,0.7549792580042844,0.5698073042396942,5,13
0.0446659246561317,0.997020854021847,0.0029791459781529296,678.4,0.044581808037193596,0.9573209032608327,20,317
2.712634520116683,0.0,0.4544235924932976,2.5337998413675016,0.2701354734596218,0.7873175900490197,278,0
3.8743448402693024,0.0,0.4278656126482213,2.433533711716759,0.2511310962896598,0.7992767528243753,19,0
3.863976250575464,0.0,0.4036786060019361,5.073718957467055,0.620329828275326,0.6171582986066466,1,0
5.057872718980655,0.0,0.43546099290780144,3.6779601931508643,0.36391621363888244,0.7331828671000499,325,0
0.0,1.0,0.0,0.0,0.0,1.0,8,717
13.409565607433441,0.0029411764705882353,0.30392156862745096,5.517244010668051,0.8168038930899545,0.5504171384723511,3,2
2.9664639912550865,0.06824925816023739,0.49950544015825915,3.00224855520466,0.5380575456022756,0.6501707318164212,7,28
4.727312745506896,0.2080078125,0.4169921875,5.538766124429562,0.9226433446610608,0.5201172660425422,2,208
0.49224465721296456,0.8610301263362488,0.10592808551992225,49.421171680615245,0.4360422443223234,0.6963583445777431,2,92
0.6102133353209553,0.7174677608440797,0.13599062133645956,23.47940052543587,0.510065826893986,0.662222786709155,174,47
2.447967828342727,0.07191448007774538,0.39261418853255586,4.741581388981365,0.5936726275367407,0.6274814430022868,2,44
0.29155243781494966,0.5821656050955414,0.2751592356687898,7.546440187929165,0.24786772478987976,0.801366987970126,224,258
8.953884415178925,0.185546875,0.5517578125,2.8037057009926247,0.6337214945340778,0.6120994327036082,7,79
7.495156577476971,0.0,0.3684210526315789,3.0772453701716276,0.4591102817601329,0.6853491559210277,730,0
7.188432575332213,0.0,0.42341220423412207,2.68452038443431,0.4301281639757859,0.6992380299818579,221,0
124.38758252598961,0.0049504950495049506,0.3712871287128713,4.049374840113055,1.0269380792360996,0.49335498219899937,199,2
6.108624416669947,0.010238907849829351,0.3492605233219568,5.104619275854574,0.5375813570639097,0.6503720895195758,129,1
1.3506564866935467,0.6498237367802585,0.2009400705052879,6.330216552539191,0.8058222003787268,0.5537643738072744,178,228
2.3512921271401006,0.48534583821805394,0.2473622508792497,14.179477814520508,1.0748115990731792,0.4819714717455316,175,40
19.69451682784065,0.6109253065774805,0.21070234113712374,19.068683444876157,2.0733795434679045,0.3253747172637297,86,143
2.9452076422110913,0.03538928210313448,0.5015166835187057,2.3392528147389964,0.29194082207256083,0.77402926118224,17,16
7.600383994788161,0.001936108422071636,0.398838334946757,5.644799963917529,0.5651420713738468,0.6389196343832368,1,1
0.004610997406119897,0.6938976377952756,0.3061023622047244,3.2668810289389065,0.004596926106718426,0.9954241089264192,10,4
3.42549667387408,0.0,0.345595353339787,3.421838228661277,0.3614193986838414,0.7345275092794731,1,0
9.311202864611703,0.0,0.37666666666666665,3.828046420028569,0.7256745613869195,0.5794835378440666,730,0
0.003348121514800526,0.9941916747337851,0.005808325266214908,573.8888888888889,0.0033475382070780922,0.9966636304175721,1,451
2.8967414402166933,0.0,0.3688286544046467,2.5870730046934294,0.2707685736960169,0.7869253463606758,1,0
4.241314242388737,0.0,0.21470588235294116,8.573409994435888,0.9126358893557776,0.5228386676027628,443,0
5.697524987963271,0.000968054211035818,0.2962245885769603,3.940197650612916,0.45824217187252764,0.6857571528849017,1,1
3.2596776393370797,0.037937743190661476,0.5116731517509727,5.182568507951068,0.5003618926599799,0.6665058642799223,2,9
2.5242030512613316,0.0,0.5100671140939598,2.062665247684453,0.2782386070086986,0.7823265503927898,730,0
3.449965367030358,0.0,0.4300341296928328,2.052756853519632,0.35871079728738137,0.7359917960440626,730,0
9.063021845118056,0.0,0.2986577181208054,7.096168164515149,0.6567471013834346,0.6035924246766264,730,0
3.463510630662493,0.10863239573229874,0.38991270611057227,10.343464949574456,0.7393630331291849,0.5749231074555835,2,77
3.290460233523484,0.17268292682926828,0.5092682926829268,15.74548079636192,0.8984556740469462,0.5267439285892284,3,44
7.110601736094848,0.0,0.33495145631067963,5.957356400555459,0.9296213805330396,0.5182363805088849,2,0
3.3647469312026903,0.16803953871499178,0.36902800658978585,4.770294325882471,0.7902806791673243,0.5585716316086866,412,18
3.8303663206829386,0.0,0.46756152125279643,2.101885740974136,0.31191027393131454,0.7622472511045791,134,0
7.3288094624943,0.004892367906066536,0.3336594911937378,5.543529906600324,0.63645978053474,0.6110752075270885,9,4
4.051485495840813,0.574826560951437,0.3260654112983152,8.583743158562704,1.157927958674196,0.46340749976398077,8,571
3.5229185560597998,0.31218905472636815,0.208955223880597,16.589569234248057,1.3869078956999006,0.4189520684068017,224,42
0.014212510958574546,0.9567010309278351,0.04329896907216495,136.23595505617976,0.01418647804010919,0.9860119629404603,21,77
1.0544296346128779,0.0,0.48510131108462456,2.445538697449693,0.22889704118341814,0.8137378205720212,188,0
5.915717410442013,0.4261931187569367,0.3274139844617092,5.949337925871975,1.097795657229767,0.476690852397199,85,118
5.1194216943391275,0.014925373134328358,0.37910447761194027,6.415751403798554,0.45131704295091174,0.6890293233012239,6,5
7.505219568702754,0.22308438409311349,0.3976721629485936,4.315852676931733,0.8885108861283778,0.5295177313222126,2,39
3.987306374280652,0.0,0.4502923976608187,4.044956767722033,0.47994353973159487,0.6757014528955352,6,0
5.171194619208705,0.008105369807497468,0.3890577507598784,4.698375888360554,0.5936276626070451,0.6274991476767424,29,4
5.977211926523246,0.0027397260273972603,0.3863013698630137,3.531380879510309,0.6522531281559013,0.6052341393452899,669,1
0.6095720216185324,0.35017221584385766,0.3283582089552239,5.4714732569862745,0.4221057144683636,0.7031826043775076,161,17
1.9043158315437057,0.0,0.4418604651162791,1.9990941328028624,0.22948248863781798,0.8133503398718035,730,0
3.042202938749772,0.23638132295719844,0.32490272373540857,5.896135314396307,0.7810299789307089,0.5614728622369276,2,130
1.0175464434838182,0.011776251226692836,0.5063788027477919,2.366441372273815,0.20908924243451052,0.8270688092356957,4,3
1.6578432834014092,0.1872146118721461,0.591324200913242,3.412470597944951,0.4401754057708103,0.6943598647727082,510,40
2.5478701660770886,0.0,0.5098684210526315,1.7148805672002922,0.24608968891779823,0.8025104524125212,730,0
0.5874282296399628,0.9224242424242424,0.07393939393939394,44.52582883577487,0.5146148996559197,0.6602338325254647,206,331
17.131899624520873,0.0,0.3026315789473684,3.1373219618565487,0.765129309406499,0.5665307321514232,730,0
10.283096630609014,0.008869179600886918,0.4844789356984479,3.808711847458551,0.6838874265215331,0.5938639271544036,131,8
4.508651512325161,0.25722543352601157,0.3829479768786127,10.54882834652814,1.0772877256112463,0.48139696185117925,331,51
3.3774174697211454,0.11241970021413276,0.5492505353319058,2.6146741396625415,0.5220819534570444,0.6569948469126381,85,86
2.8113980544818284,0.001001001001001001,0.34434434434434436,4.832943673117041,0.4678357880299276,0.6812751182079853,19,1
2.1597865382267645,0.0019550342130987292,0.4291300097751711,5.692582398835384,0.3771100915365058,0.7261583559265429,6,2
3.037527365315526,0.004887585532746823,0.3812316715542522,2.67775247076616,0.25839666968114705,0.7946619886187241,5,1
1.099979197265723,0.0,0.3125,3.899393540501152,0.44404980069598304,0.692496892778929,730,0
0.2523752023959189,0.05477980665950591,0.4715359828141783,1.7102342786683113,0.17687675564450236,0.8497066453252891,46,50
6.504473498945284,0.0011173184357541898,0.3553072625698324,2.8716586708144853,0.5135489665561348,0.6606988092862021,136,1
4.45773084371484,0.05206286836935167,0.33595284872298625,7.64120511029699,0.9104875291479735,0.5234266043317086,14,21
1.6394095127758321,0.07381889763779527,0.5423228346456693,4.2549314329985615,0.4363844222107007,0.696192456933588,4,21
24.389224180090633,0.0,0.3424657534246575,3.3089313438954417,0.6238631341832194,0.6158154458645224,730,0
50.010379580022196,0.08292201382033564,0.26554787759131293,323.20315937816173,8.4513633673257,0.10580484117848005,4,12
4.283902018204968,0.0,0.4657534246575342,2.8665856562658005,0.3866968637987538,0.7211381420886565,669,0
3.7627803408775597,0.04276315789473684,0.39144736842105265,5.237930515867046,0.8362712185831516,0.5445818623523326,730,13
1.3391707335152503,0.0033112582781456954,0.5761589403973509,1.5559410414351154,0.18156861369728455,0.8463325687628649,730,1
6.160121022871175,0.007744433688286544,0.4269119070667957,5.869343834544732,0.8058033671934837,0.5537701491575824,1,7
2.803540338597716,0.05269320843091335,0.4718969555035129,2.404359428402626,0.34631083909077287,0.742770518489881,158,13
7.678657228018245,0.4722222222222222,0.4166666666666667,4.887656563725021,1.1274641496396802,0.47004317331004897,733,16
1.32580092484924,0.0029239766081871343,0.40350877192982454,3.230240830845975,0.36603146404737014,0.7320475598981685,2,1
0.463456903922605,0.005868544600938967,0.2852112676056338,9.596840257460503,0.35085413895192946,0.7402723737263429,171,5
1.7786602126629685,0.09158679446219382,0.23003194888178913,7.684939319052717,0.8615788266591663,0.5371784346057609,79,10
8.114926416348968,0.0009784735812133072,0.37181996086105673,2.733810870201626,0.4165055726478693,0.7059626303698214,2,1
1.9591295604729202,0.0,0.4925883694412771,2.432921663698079,0.24616165021222,0.8024641103581555,104,0
4.837810887239764,0.0,0.42905027932960893,2.6334225251925227,0.4215273817007151,0.7034686864797498,134,0
7.3499347736516665,0.012300123001230012,0.2902829028290283,7.974852308421286,0.9881950643933408,0.5029687568936454,204,3
4.466825202403603,0.019328585961342827,0.3051881993896236,2.8160916142604133,0.48239549012692917,0.6745838115807918,12,5
4.583846456859594,0.0,0.34868421052631576,2.612057286310766,0.41384093147897416,0.7072931457387726,730,0
0.7141796480483122,0.0,0.4201388888888889,3.0536431091108143,0.2632718155772904,0.7915952748007915,730,0
2.5474445331488993,0.0,0.4309210526315789,2.2018124618490864,0.38571499485858135,0.7216491152295387,730,0
5.931665758625604,0.0,0.13157894736842105,16.511458023321882,1.7285197663217575,0.3664990858204676,730,0
1.9032621484595333,0.0009832841691248771,0.3638151425762045,3.500248298160781,0.2962123853761149,0.7714785102210201,3,1
8.739586570457902,0.0,0.33910891089108913,3.3529385896407455,0.5045078258974426,0.6646691913373715,200,0
6.266171051286964,0.0,0.3678516228748068,2.421904751444544,0.38023916766154536,0.7245121160372798,386,0
5.286513355129606,0.0,0.43410852713178294,2.3797852069980943,0.4391225340168442,0.6948678631338111,647,0
4.5203142985327815,0.0039447731755424065,0.5118343195266272,4.016372819999465,0.5164146932744437,0.6594502179615969,7,1
5.635879475010708,0.0,0.43843498273878023,2.4094909380171248,0.3613566917442532,0.7345613431544814,130,0
3.98659520610502,0.05149330587023687,0.47167868177136973,3.478017674910453,0.45448539912671454,0.6875283867410484,19,50
0.4603240872543017,0.9767441860465116,0.01744186046511628,155.73855686588047,0.4390400063274025,0.6949077131997993,1,628
18.653643166554023,0.0020964360587002098,0.2830188679245283,4.025124042791178,0.8995760619351628,0.5264332500491009,546,1
7.687901756385913,0.0,0.4276315789473684,2.454551526080278,0.38992717968102014,0.7194621521319512,730,0
5.173741781458644,0.1864594894561598,0.31076581576026635,7.2159216352426006,0.9348304415501499,0.5168411549276735,108,50
31.97803043019634,0.0,0.35570469798657717,6.6888734282277635,0.5201030588071387,0.6578501333881428,730,0
6.806427676873319,0.0010660980810234541,0.4541577825159915,2.7755478848043538,0.5878712884977025,0.6297739667212623,92,1
22.984427047536773,0.0,0.3344947735191638,3.1639440728039054,0.7033433377165841,0.5870807005594946,730,0
0.6445880683574419,0.0,0.3838383838383838,2.6509232826220503,0.22510483303407594,0.8162566770089505,730,0
4.826642207407356,0.08308895405669599,0.3782991202346041,3.663037430601158,0.5253662795315981,0.6555802454916435,3,36
9.594844621308976,0.03766105054509415,0.44697720515361744,10.210813913826438,0.8657694264630413,0.5359719083272313,9,24
3.473335891377147,0.36336633663366336,0.3178217821782178,7.403711093375899,0.9977443829041294,0.5005645409680972,13,179
4.1702168395392745,0.040776699029126215,0.5281553398058253,4.3218232471753595,0.5733978567247967,0.6355671553294292,2,4
11.634903567305969,0.0,0.3117134559535334,30.151671674210505,1.673068463835877,0.3741019033103967,1,0
8.18655039818381,0.006345177664974619,0.38071065989847713,3.433692615169049,0.5037318558792264,0.6650121802569008,224,1
16.282584743741392,0.006578947368421052,0.3848684210526316,3.3652933621942314,0.713436170331067,0.5836225575924324,730,2
0.004069709385306941,0.941468253968254,0.05853174603174603,44.307692307692314,0.004066038655964751,0.9959504270641326,7,303
0.000573539334676401,0.9967105263157895,0.003289473684210526,304.0,0.0005735204688715039,0.9994268082683192,730,284
4.637115778029051,0.04121687929342493,0.39548577036310106,3.1065608770757485,0.5740022519043354,0.6353231062980575,3,20
6.540607581222976,0.034378159757330634,0.544994944388271,2.583148578308862,0.5777545167364245,0.6338121611392968,16,16
2.835961098988851,0.5636540330417882,0.33819241982507287,8.63472128842196,0.9801083386879046,0.5050228719619646,2,87
3.2401720486645944,0.0,0.2702702702702703,5.96572081255354,0.5322753175338509,0.6526242304871611,730,0
9.025499285175933,0.0,0.43333333333333335,3.6846632098886785,0.619698758508864,0.6173987568655208,730,0
1.2959764776931935,0.7236024844720497,0.13043478260869565,26.155191580819686,0.9132786768590556,0.5226630140684239,18,51
0.11082313508719516,0.0,0.31681243926141883,2.0125684547093434,0.07052468552778873,0.9341213832047051,2,0
3.1923888774847367,0.006782945736434108,0.34689922480620156,5.3224878206642,0.4174548492981797,0.7054898436413174,1,1
6.403501066331221,0.03289473684210526,0.48026315789473684,3.235146016729699,0.6303413639884761,0.613368477355929,730,5
6.222767337949751,0.0019474196689386564,0.33690360272638753,4.644876811398656,0.620991818882487,0.6169062597054936,2,2
1.9744084466630847,0.003929273084479371,0.4302554027504912,4.247312931913448,0.30146443507742593,0.7683652146364712,5,4
3.337014526999327,0.0,0.34210526315789475,6.952250081320244,0.5603502097381203,0.6408817672846879,730,0
3.139055063320491,0.0,0.4288389513108614,2.7555372454822233,0.34702494302974163,0.7423767504637221,253,0
1.0030355508312259,0.7477919528949951,0.1491658488714426,35.274152600521475,0.7799380580375276,0.5618173034080471,8,55
4.079831793644718,0.003076923076923077,0.3302564102564103,6.672602997295,0.7033919102711478,0.5870639598381203,32,2
10.245041046608469,0.41423948220064727,0.47249190938511326,5.594011320450152,1.002218526994253,0.4994459828024908,285,46
3.1925355475846082,0.0,0.45514950166112955,2.12016350738385,0.27526036425020606,0.7841535956368828,730,0
4.026191587858482,0.4385447394296952,0.30973451327433627,7.136687751007356,1.0179611735441059,0.4955496731603213,6,36
20.14740092623728,0.022340425531914895,0.3446808510638298,9.168712889780489,1.086566279033757,0.47925628342037524,30,4
3.411841061281031,0.0009861932938856016,0.29092702169625245,4.2422390613541925,0.46776981434985665,0.6813057403302346,6,1
4.306139233580998,0.0039100684261974585,0.5620723362658846,1.897264410701107,0.33988413056519995,0.7463331919441216,5,3
0.30470698629891135,0.17361784675072744,0.5082444228903976,16.500037656273534,0.24229723489401,0.8049603363122013,2,29
5.849965972232922,0.05744431418522861,0.324736225087925,4.584353362275107,0.9074233783857173,0.5242674548984064,158,45
3.602225606476558,0.14666666666666667,0.23666666666666666,11.411071483950998,1.1436847094327096,0.46648651063272895,730,25
14.979687004937224,0.47706422018348627,0.44036697247706424,3.9344101123595503,1.0650919005467432,0.48423995064589864,814,50
8.82047404822096,0.029440628066732092,0.35328753680078506,5.462139348562164,0.613567826494036,0.6197446327203997,4,22
6.027953474498582,0.0,0.3068731848983543,3.0556904931842177,0.5151504521746892,0.6600004630330302,1,0
0.08258938283456001,0.9797211660329531,0.020278833967046894,180.0088888888889,0.08188881314039315,0.92430940023985,242,420
1.91752034737577,0.37217598097502974,0.28180737217598095,21.241864363073752,0.9975470816176064,0.5006139826202262,188,23
33.58190365905045,0.0,0.33676975945017185,1.4599918538458543,0.18209584869909298,0.8459550899366655,323,0
3.0472844819327536,0.013605442176870748,0.3741496598639456,6.230431684033266,0.6954431346080392,0.5898163020555596,2,2
0.5751132498302193,0.2138157894736842,0.47368421052631576,3.1062469733656175,0.34247684221035585,0.7448918063670461,730,6
3.394861817483698,0.012732615083251714,0.4495592556317336,2.652624536747365,0.30379542623698286,0.7669914925888351,3,2
1.1895056721832091,0.0,0.4143272023233301,3.801010425488421,0.35823783585623803,0.7362480808595621,1,0
2.0218445881887193,0.0,0.4521640091116173,2.464527695247073,0.31528256200753324,0.7602929050269523,129,0
8.24766361011127,0.08333333333333333,0.4370748299319728,3.123715080420849,0.6437021437259325,0.6083827315167984,445,25
5.286999668277605,0.5497536945812808,0.2571428571428571,15.499749266690939,1.3667030004894405,0.42252872447163725,5,84
5.8696522868346195,0.0,0.2730263157894737,7.968287025657297,0.7020756049204722,0.5875179675386535,730,0
3.3161730754671392,0.03421309872922776,0.3675464320625611,3.6239082196308017,0.44701487476171564,0.6910778993648375,2,33
4.12983823938421,0.0,0.4281496062992126,2.5578364015942303,0.36315697171666583,0.7335912303193293,3,0
3.8623665041850965,0.06622516556291391,0.40728476821192056,3.866593388698909,0.6568354605504433,0.6035602350445677,730,10
3.547211229144519,0.19436345966958213,0.47230320699708456,4.515441911163594,0.6457142069547569,0.6076389179688789,2,62
3.050406487305027,0.0,0.4122905027932961,2.6191015754457343,0.32009663538972183,0.7575203005534347,134,0
6.256655720281408,0.04421768707482993,0.24149659863945577,8.47339032092099,1.3592430192698073,0.4238647701115178,445,9
29.287068601520755,0.0,0.4228855721393035,3.453537672740094,0.7213053986380646,0.5809544319045431,200,0
1.6643587555875685,0.0,0.6129032258064516,2.038289419109782,0.280871299188234,0.7807185629295939,739,0
3.348306746305181,0.0,0.4144736842105263,2.6892097570994236,0.3358658928594963,0.7485781359829793,730,0
7.512071092229296,0.0,0.4112734864300626,2.9662315961983317,0.4192685343329699,0.7045882972879277,63,0
6.376659936926244,0.0009950248756218905,0.41492537313432837,2.7705510109377505,0.4031638404146848,0.7126751496849182,8,1
2.8865652659929752,0.0010604453870625664,0.49204665959703076,2.388988439514014,0.34447150370237795,0.7437866829056775,82,1
6.5030406704642685,0.10756972111553785,0.4123505976095618,4.768466411422212,0.7683525606028766,0.5654980925630997,5,50
3.0438072620504784,0.008839779005524863,0.23977900552486187,3.4816221514334726,0.6017268992672804,0.624326157260302,116,3
2.5407993152072645,0.39600470035252644,0.2444183313748531,14.742621633893336,1.0831464238976187,0.48004306779788203,176,99
7.886093842900472,0.0020222446916076846,0.43377148634984836,2.1433286199650428,0.36519608976281653,0.7324955055897763,18,1
7.5892242148189695,0.0009689922480620155,0.43507751937984496,2.7821732076715286,0.48975810557664345,0.6712499138327749,1,1
0.049690202163634956,0.9867549668874173,0.013245033112582781,87.79069767441861,0.049408801045099954,0.9529174893560126,730,103
3.994998112239779,0.0,0.47652916073968704,2.283935071801447,0.31448048249039134,0.7607568262294909,318,0
3.3313943763492664,0.09037900874635568,0.5578231292517006,4.524596514727706,0.6123689809578873,0.6202054317653227,2,12
1.5627945433054464,0.0,0.4986301369863014,2.080753798950636,0.28274587386253197,0.7795776391693676,669,0
1.8445964175870833,0.0,0.476,1.6389699353038183,0.20765466819622688,0.8280512851356893,730,0
2.723631757481288,0.003125,0.403125,2.5892470211818908,0.3366304959660055,0.7481499210275634,15,1
6.644563394721877,0.0,0.442350332594235,2.5919117139266037,0.35610920011973307,0.7374037429373006,131,0
8.902964624989192,0.0,0.4438573315719947,5.638165017659392,0.9588948091139322,0.5104919342005559,277,0
6.944049081551406,0.5427631578947368,0.33881578947368424,6.50098409960415,1.2712447658283768,0.44028720067749993,730,135
6.140781472925809,0.07864077669902912,0.38155339805825245,5.084340399943032,0.6018741267706347,0.6242687757345778,3,34
9.049152544162919,0.1572265625,0.396484375,6.588432088310019,0.9667787063014506,0.5084456104777091,2,42
4.7231691839046315,0.0,0.40789473684210525,2.3179741568988277,0.35421875440219264,0.7384331347865882,730,0
0.3104330756807846,0.013888888888888888,0.35185185185185186,1.8962190352020865,0.2025480874401132,0.8315675775832956,161,3
2.002997813802246,0.0,0.46710526315789475,1.8531367391114433,0.17937487602356747,0.8479068193920192,730,0
5.627853356092159,0.21465076660988075,0.5025553662691652,5.533785833033788,0.796427622259158,0.5566603338810925,445,17
3.1287737188721234,0.0,0.3859822309970385,2.5582225948148043,0.3276578797583242,0.7532060896456485,14,0
5.690874923153451,0.0,0.4510184287099903,6.2056106054522155,0.5373967228190544,0.6504501962033232,2,0
3.53095449886403,0.004849660523763337,0.48884578079534435,3.5202210096495135,0.36185328203640726,0.734293490488696,1,5
0.26537781834820706,0.0,0.3872216844143272,1.93421219098707,0.19194326209289803,0.8389661083734217,1,0
4.1144645304961776,0.057392996108949414,0.2538910505836576,7.863573681044996,1.0476247123389295,0.48837074194994223,1,6
2.0634693911027355,0.025341130604288498,0.530214424951267,2.067812369329382,0.24260365308965937,0.8047618381883556,2,6
0.0,1.0,0.0,0.0,0.0,1.0,3,498
0.995117909248299,0.0009746588693957114,0.38011695906432746,6.454250784580073,0.32300641427718524,0.7558542341205069,3,1
0.3595440025418031,0.8041338582677166,0.1309055118110236,40.4128862590401,0.32991050573710956,0.7519302958252405,7,137
2.43214644679813,0.5405714285714286,0.2754285714285714,6.600638128157404,0.9711493558529506,0.5073182288448571,148,91
1.7516445768665485,0.11122244488977956,0.4248496993987976,5.654712386655424,0.5623166628215257,0.6400751037206578,32,50
0.7409154604600925,0.0,0.49756572541382665,2.036855741883213,0.2240122050567052,0.8169853175227715,4,0
5.285922910933435,0.04525386313465784,0.44150110375275936,3.538956602399784,0.5364844150265373,0.6508364095464831,122,32
3.102529337038007,0.0,0.4140127388535032,3.689578957395248,0.4095599069340564,0.7094412909168982,86,0
3.8447309453185414,0.0010070493454179255,0.36555891238670696,3.560211188901948,0.5837070728095893,0.631429900875508,20,1
1.2682238877684775,0.40953716690042075,0.37166900420757365,8.601803512102515,0.6618822196204898,0.6017273596129825,319,41
5.146961189897864,0.1378640776699029,0.3864077669902913,4.39470154525036,0.7232477746225828,0.580299603299366,3,80
5.293239625156743,0.5427631578947368,0.27631578947368424,26.556112050305725,1.717465388073442,0.3679899675590547,730,29
9.887866899774265,0.02077922077922078,0.32727272727272727,3.502751354348846,0.7171829768130723,0.5823491226636223,647,5
7.109369004367491,0.0029154518950437317,0.4305150631681244,2.389033907284118,0.2873908842143573,0.7767648600450201,1,1
3.5834327292014883,0.2677595628415301,0.5610200364298725,3.616899558448746,0.6623898802804088,0.6015436040980483,254,25
1.801810755225202,0.04321728691476591,0.5678271308523409,3.0628100010122488,0.35805307407752013,0.7363482466834121,130,6
9.006091021292677,0.0266798418972332,0.45553359683794464,1.739364327887714,0.31093829120576966,0.7628124120779354,6,4
1.6912725930636432,0.00851063829787234,0.4723404255319149,2.9922568837169057,0.3344327351647081,0.7493820959634737,64,5
0.8643110023678987,0.0,0.4421168687982359,2.1653078510437203,0.19772197889626086,0.8349183012584707,126,0
2.0918310664590276,0.007782101167315175,0.5447470817120622,4.885104300321434,0.5307067039950741,0.6532930164805877,730,1
5.544754458546763,0.013333333333333334,0.31666666666666665,7.611166203017087,1.1555503869817014,0.46391863815359236,730,3
0.0006984235892184359,0.9951028403525954,0.004897159647404506,204.2,0.0006983893879751463,0.9993020980193621,9,538
5.3473643218148545,0.0,0.3916849015317287,2.034445582533724,0.360773395516051,0.7348762132586861,396,0
1.5427325968914867,0.0,0.3815789473684211,3.5592019392131267,0.3544983706773487,0.7382806961221566,730,0
3.45511047323003,0.0696999031945789,0.5072604065827686,2.3632762311286504,0.39747216390613593,0.7155777594917212,1,72
5.972877118799792,0.04617117117117117,0.40765765765765766,9.064340839993946,0.713833008509098,0.5834874197398745,105,41
4.076131235905522,0.001951219512195122,0.3697560975609756,3.111677362300098,0.34446027995231016,0.7437928921451449,5,1
6.5989625100410585,0.7877846790890269,0.11180124223602485,51.35686247143182,2.373647972199445,0.296415040407447,33,252
6.477289730239098,0.30303030303030304,0.47474747474747475,6.661482432170038,0.7987257995046821,0.5559491059033964,142,25
1.1754100921457133,0.1678048780487805,0.5053658536585366,3.0756140360177913,0.41383556583142045,0.7072958299870888,4,148
0.39564371836698026,0.0019569471624266144,0.4755381604696673,2.3079324384460578,0.15997368250826038,0.8620885241444939,4,1
3.7182257331911357,0.0,0.4246737841043891,2.487183659456376,0.2605985973558338,0.7932739272418263,184,0
5.812029096613628,0.000968054211035818,0.3862536302032914,2.898992830258187,0.47867934067280776,0.6762791448381189,1,1
1.9028375848839192,0.002912621359223301,0.2407766990291262,6.513224542996702,0.7597276937209272,0.568269740578731,2,2
11.361786131231566,0.0,0.3224043715846995,2.7274080139679358,0.4070039597568874,0.7107300537894631,258,0
42.07525654002374,0.004930966469428008,0.3244575936883629,3.5633038354184214,0.5581930780268033,0.641768991341135,10,3
6.09913059323533,0.0039100684261974585,0.3724340175953079,5.270674996256735,0.5152458299032454,0.6599589190513423,3,1
4.567089827245658,0.0,0.3801498127340824,3.676173446580241,0.4763471523089898,0.6773474642708605,253,0
0.030236996965665574,0.9941916747337851,0.005808325266214908,499.0898876404494,0.03018498411791157,0.9706994524446915,1,696
1.9722783743834054,0.0,0.4473684210526316,2.407266274495725,0.26602389080478794,0.7898745096858469,730,0
2.2806071057559953,0.0,0.36983240223463687,4.677427855741999,0.45359446916987956,0.6879497832508135,134,0
7.45579501481426,0.0,0.3720430107526882,7.330760546365903,0.6421825816797465,0.6089456867683528,569,0
3.83574067845142,0.0029211295034079843,0.3330087633885102,4.616642046592788,0.6185930458467045,0.617820521696909,1,1
3.760309330973536,0.0,0.4552486187845304,2.500401282738695,0.3512193252300263,0.7400723045681454,119,0
1.0239282085026,0.0,0.32793959007551243,10.833428345904228,0.5160950919343126,0.6595892337624735,106,0
4.945759379452375,0.0,0.40202702702702703,2.5381998166040596,0.4691393903899398,0.6806706065750368,730,0
14.126409512254623,0.547918683446273,0.2971926427879961,10.26461903490084,1.6065904828452242,0.383642926106463,1,275
0.012664897383890053,0.9436997319034852,0.05630026809651475,41.65482233502537,0.012631540634493335,0.9875260248889951,278,217
2.081117004990592,0.006109979633401222,0.35234215885947046,5.403008397512919,0.3681462057642859,0.7309160349871899,10,4
1.6479751962616724,0.000980392156862745,0.3941176470588235,4.228876454762181,0.3924281765941481,0.7181698968818488,3,1
4.236029762021465,0.0,0.35150925024342744,2.776154373140202,0.37757061137311415,0.7259156022523122,2,0
6.6108819622785235,0.0068560235063663075,0.34084231145935356,3.5007460388373937,0.4544017247463907,0.6875679415014264,2,2
6.849575876994808,0.01837270341207349,0.42782152230971127,5.7719347107211085,0.476260490686266,0.6773872269216744,647,1
6.210050228503116,0.0,0.3754152823920266,2.585195324939518,0.4145671231263419,0.7069300449948921,730,0
0.8826548830715746,0.9282945736434108,0.06686046511627906,54.96314765870443,0.739048817740635,0.5750269859009455,1,672
23.38588138026212,0.47686832740213525,0.5160142348754448,3.434230007767285,0.9762748108941077,0.506002502530293,447,268
2.804021495838321,0.7224080267558528,0.24414715719063546,33.79829702151131,1.4232403531874416,0.41267057916258143,730,58
5.206238632411369,0.04395604395604396,0.47741147741147744,2.7790406991892915,0.5658541992004236,0.6386290629808528,144,24
21.22074248286365,0.0,0.3355263157894737,2.7415314695572173,0.49423648301769296,0.6692381101420071,730,0
6.193016437833911,0.002912621359223301,0.38349514563106796,3.0812065424632107,0.4204816094517244,0.7039865869055346,2,1
1.52357367600378,0.0,0.46206896551724136,2.505998664214979,0.29401463034336334,0.7727887896712982,730,0
4.203822062132258,0.0029940119760479044,0.406187624750499,2.427172945713438,0.23544228855403293,0.8094267205070375,20,3
0.027537263288880662,0.9889001009081736,0.011099899091826439,312.69417475728153,0.027480140091515858,0.9732548211695183,40,395
0.0,1.0,0.0,0.0,0.0,1.0,730,289
2.616331799413119,0.5633958103638368,0.3241455347298787,20.963561772164166,1.1061656592057367,0.474796460396716,124,144
1.192129353397777,0.0,0.43944636678200694,2.076048246518341,0.14218724541565866,0.8755131910408308,730,0
4.182548098427038,0.0,0.17315436241610738,7.143975761046459,0.7476739154590887,0.5721891201524939,278,0
18.063919261145646,0.0009794319294809011,0.5239960822722821,2.4937838706118636,0.3808426566971894,0.724195472344315,8,1
1.5065257932983531,0.0,0.4172297297297297,3.2334709095261234,0.4525777389122387,0.6884313129766458,332,0
1.7528134287791128,0.003875968992248062,0.3856589147286822,2.8769634911274324,0.23925553808916605,0.8069360751390474,1,2
1.6115827873451307,0.004608294930875576,0.4539170506912442,3.9519533481223683,0.36059997819561906,0.7349698780137904,142,1
5.502863628709185,0.01794616151545364,0.4097706879361914,3.462165226145238,0.45883501006686395,0.685478476386556,9,4
5.9554227949426295,0.0019398642095053346,0.39864209505334625,2.2653502569216397,0.3631980440428435,0.7335691276626944,2,1
6.251487362205382,0.0,0.3635477582846004,2.892965312508694,0.5270700426422686,0.654848809861867,2,0
0.0,1.0,0.0,0.0,0.0,1.0,18,436
5.6647717159831705,0.0,0.39,2.3048142171127792,0.5065505527107884,0.6637679686225367,730,0
0.46833510161311676,0.9891838741396264,0.010816125860373648,180.36538461538464,0.44773152692286117,0.6907358038444392,5,399
15.683486306883056,0.0,0.3190789473684211,2.767953241617315,0.503038080653605,0.6653191378658511,730,0
4.328267679058741,0.0,0.3860294117647059,3.311844521069366,0.4699568115859557,0.680292095739253,730,0
4.456227755861056,0.0,0.4094955489614243,4.895422927582174,0.5470818344971223,0.6463782184638275,11,0
2.4113708783357977,0.020118343195266272,0.6011834319526628,1.7433887848668472,0.3010699630451661,0.7685981756580491,184,7
1.767838231676642,0.0,0.5121713729308666,2.4445105623326393,0.30770023708902056,0.764701245467409,4,0
1.6054650317712886,0.00682261208576998,0.4600389863547758,5.020218617475402,0.35820920584052063,0.7362636004084181,4,2
4.585886279555593,0.0,0.43386243386243384,6.211604500506797,0.6331339406350583,0.6123196482042014,82,0
0.41260332462604693,0.0,0.47549019607843135,2.7326054735611547,0.17128204140612183,0.8537653311917102,6,0
1.3389826818881336,0.013779527559055118,0.4389763779527559,3.1056746380868594,0.2711615011477755,0.7866821006591732,3,2
4.277184567725049,0.0,0.3983926521239954,2.2057155267124866,0.3372300666496956,0.7478144748161445,141,0
1.6079813254702495,0.13758723828514458,0.3070787637088734,11.483958409192054,0.8097712832616988,0.5525560103913952,5,8
3.7582893241387603,0.0,0.42219679633867274,2.7673136638808775,0.3437306270821414,0.7441967756375851,154,0
9.166209722914438,0.1873170731707317,0.5160975609756098,3.704460996350902,0.6372564490280639,0.6107778659803949,3,29
96.24479098402212,0.0,0.5296052631578947,1.8962290898780838,0.5726524375086652,0.6358684068707267,730,0
2.82546645464615,0.0,0.41148325358851673,3.2100095722488287,0.32345831916043466,0.7555961419581181,189,0
6.289290620836315,0.05638665132336018,0.3924050632911392,4.829084664282189,0.4842468133721137,0.673742393105136,129,37
6.9128373403521755,0.0,0.37748344370860926,2.4986638406159747,0.32535866320265394,0.7545127426741655,730,0
2.812014414008311,0.42117930204572807,0.4296028880866426,7.666135602128639,0.87931002515161,0.5321101822565582,171,27
2.4114280590089665,0.006789524733268671,0.3937924345295829,5.096347992475003,0.34341242504299174,0.7443730468459812,2,2
0.15991018023466905,0.0,0.5208333333333334,1.7856376357470918,0.07542761976735642,0.9298626719446973,409,0
0.11290649854469752,0.4812286689419795,0.34812286689419797,5.294402820625827,0.10479142219771412,0.9051482297090457,730,6
1.9335201045330996,0.009501187648456057,0.42161520190023755,3.894573973410178,0.28421808494589285,0.778683941397798,171,1
3.197505449427624,0.07911392405063292,0.3401898734177215,4.3189514777960465,0.6317718807370144,0.6128307588854484,199,50
8.240916223554292,0.016018306636155607,0.2334096109839817,5.025850714990909,0.688848709861232,0.5921193498037886,597,1
6.636503461866498,0.0,0.34539473684210525,2.090048356708874,0.32760031443301363,0.7532387489883022,730,0
0.9807266319334245,0.05128205128205128,0.5446153846153846,2.2351625958735464,0.2301360698476978,0.8129182002799165,17,39
4.21354266932876,0.0,0.4988738738738739,3.4798777762308473,0.48519764384124314,0.6733110600779358,133,0
3.4910448768347453,0.0029154518950437317,0.446064139941691,2.4794016026388213,0.28680827991471103,0.7771165414526858,1,1
11.510071722550508,0.0,0.2821917808219178,3.483192244720385,0.6577472169004567,0.6032282785971025,669,0
4.022782800408958,0.0,0.3782771535580524,2.4156152128632007,0.36579221873269663,0.7321757923968031,730,0
7.320620591178735,0.0,0.23804780876494025,10.662623262125562,1.2589309177887489,0.44268728721411843,25,0
3.0549137386056167,0.0,0.3717105263157895,2.2261881668283223,0.311161889880087,0.7626823260485824,730,0
3.6022300933193927,0.0,0.4467408585055644,2.4164753027675148,0.34288730324226174,0.7446641260108753,400,0
13.120372901877042,0.0,0.4900181488203267,2.023093885500304,0.28679480154503795,0.7771246812617777,323,0
2.232706344975502,0.0,0.4967105263157895,1.7377075526140855,0.22313411165292044,0.8175718349058377,730,0
14.158732988119656,0.056695992179863146,0.2844574780058651,6.096949516042555,1.2428573503613671,0.4458598313614911,3,21
1.2187390418582549,0.0,0.417607223476298,2.768162366796149,0.2186694351802963,0.8205670636615703,591,0
2.9289924778565126,0.0,0.4066666666666667,4.595281504753504,0.3515592528524319,0.7398861706503249,730,0
83.810917151978,0.0,0.46726190476190477,1.5506168745646045,0.2680937741688766,0.7885852137831145,443,0
6.447003551072244,0.0,0.3121951219512195,4.702265413907178,0.7527642537604786,0.5705273814516378,5,0
3.8742610269676954,0.0,0.5131578947368421,2.053389589168356,0.3003908254157125,0.7689995810915671,730,0
11.664440201162062,0.4602649006622517,0.4470198675496689,3.538493805054875,1.007470511062634,0.4981393223408598,730,16
6.4263082116884265,0.0,0.4785992217898833,1.8954398292658141,0.3915932584921019,0.718600779284873,3,0
3.9879211806373216,0.12937062937062938,0.5034965034965035,4.337370689396079,0.5850061076523616,0.6309123953352799,416,70
2.7200349550909224,0.020689655172413793,0.5714285714285714,2.427536338535626,0.35352541019807904,0.7388113976032833,7,7
2.315677410481125,0.5829081632653061,0.1875,22.183849669883184,1.2323871227079402,0.4479509802883004,224,211
7.525585361143058,0.1156530408773679,0.3748753738783649,212.14078750534262,3.550338712924727,0.2197638600308175,23,25
3.851477846738442,0.6907894736842105,0.3059210526315789,5.940610016519601,1.116615262126979,0.47245241867674315,730,210
5.98431260471772,0.7802516940948693,0.1781219748305905,17.51162555911104,1.8669518389793955,0.34880251087719333,1,173
1.7858209460726164,0.0013908205841446453,0.43115438108484005,2.1986951088863678,0.21032406156805628,0.8262250018432523,265,1
1.0327720884195872,0.0,0.5364238410596026,1.2204811808118081,0.08453643331148268,0.9220529336636831,730,0
5.800670128845224,0.0,0.47039473684210525,2.2030082082533164,0.4279181728143552,0.7003202417608076,730,0
3.0601975632465823,0.22172949002217296,0.4811529933481153,7.212179344531496,0.7867728701133906,0.559668224611301,131,29
28.290251501600004,0.24468085106382978,0.4716312056737589,4.408282537308661,0.9599959235451925,0.5102051427694934,178,28
0.5190460396172627,0.08450704225352113,0.5601300108342362,3.615614745285753,0.24042571604699994,0.8061748374475894,48,50
2.224570710753563,0.0,0.46710526315789475,1.882040854996101,0.22184844737433593,0.8184321076389857,730,0
1.3242503628012372,0.8930084745762712,0.08686440677966102,123.04816448084303,1.1175408252066117,0.472245912851493,83,252
1.5917815316287713,0.06582768635043562,0.5091965150048403,3.023045970003658,0.36724504785624773,0.7313977853259996,1,21
1.7654840833208292,0.0,0.4010989010989011,2.5109485514969476,0.2805552899091856,0.7809112249037822,281,0
8.129957050875447,0.0,0.28618421052631576,3.845852170279171,0.663329748562401,0.6012037005075451,730,0
0.5013730537569512,0.0,0.2493150684931507,9.441950507827846,0.3368884310327262,0.7480055753250217,669,0
1.2458699581258934,0.0,0.3282442748091603,3.839876970965889,0.40715212362198805,0.7106552185886024,730,0
8.405840331394634,0.0019782393669634025,0.3095944609297725,4.262470371637018,0.6215841397892463,0.6166809205040497,7,1
1.9862042766639847,0.05257731958762887,0.3649484536082474,6.345875914518606,0.47178710969181203,0.6794460920434322,13,50
2.196626903218006,0.07436399217221135,0.48336594911937375,3.535659344611479,0.4210488924190475,0.703705555336455,9,66
0.8168996447314232,0.9287356321839081,0.07011494252873564,34.82498653742596,0.6852590233783018,0.5933805938005786,161,304
0.3753954098674282,0.14832535885167464,0.16028708133971292,22.118978284383065,0.32820941721746727,0.7528933216683182,197,9
3.4018632818914685,0.0,0.3541463414634146,2.760447216822028,0.3593763225935496,0.7356314681810135,4,0
9.460771588314815,0.0,0.4209505334626576,2.931839322863116,0.47283655758875937,0.6789619627836646,2,0
1.2243057515008642,0.013292433537832311,0.4570552147239264,3.510538426138978,0.40814364964646865,0.7101548199653225,9,6
3.2192713187453297,0.0,0.42748091603053434,1.829742710552523,0.2455398667603888,0.8028647068527558,730,0
0.0,1.0,0.0,0.0,0.0,1.0,9,445
0.03992712762166481,0.9922480620155039,0.007751937984496124,263.19463087248323,0.03981216613418432,0.9617121558769618,1,392
6.023244248941862,0.05107252298263534,0.3953013278855976,4.449833754654247,0.796510192795868,0.5566347488648103,7,9
0.5740098487682642,0.9244917715392061,0.06776379477250725,33.109444957714445,0.5051947872793253,0.6643658405218924,1,28
6.161328375832215,0.0,0.37209302325581395,2.3572395150351357,0.36158140036440706,0.7344401148050089,647,0
3.3073668388425075,0.0029354207436399216,0.33463796477495106,3.4350962260937514,0.4821165692434257,0.6747107621301803,4,1
1.1954040512138662,0.10111223458038422,0.12942366026289182,25.86583032107166,0.8371307233393853,0.5443270787950691,44,32
9.027227610415226,0.0,0.44346978557504874,3.252446973706913,0.6298871015937044,0.6135394279899506,4,0
12.873393239813419,0.0,0.42244224422442245,1.6934974348833398,0.17295084129760488,0.8525506481531026,730,0
0.002890168744331651,0.9083969465648855,0.0916030534351145,10.916666666666668,0.002887523684468016,0.997120790102304,730,107
1.8880626263638842,0.0,0.404126213592233,3.145496985022369,0.37814118868219665,0.7256150590464668,157,0
1.7750974445988108,0.0,0.4527503526093089,2.2173509599963337,0.2480574125316455,0.8012451910938385,318,0
5.004956139804736,0.003181336161187699,0.47932131495228,3.1307086242687294,0.4413731431902137,0.693782872758878,82,1
3.1387442864615007,0.0029154518950437317,0.3760932944606414,3.744624913664416,0.41612944369529975,0.7061501365232288,1,1
16.62822979848219,0.025590551181102362,0.21653543307086615,187.82352954069142,4.342545587231573,0.1871766901512178,7,13
4.369552801120622,0.0,0.35516372795969775,3.3383855381730965,0.5039055411331728,0.6649353783526281,224,0
3.615018236476323,0.18807339449541285,0.5160550458715596,3.387131190566291,0.6345264952761911,0.6117979750649603,161,36
0.0,1.0,0.0,0.0,0.0,1.0,188,583
4.457476898373037,0.0,0.42884990253411304,2.05975397161514,0.346206294169758,0.7428282012429063,2,0
4.529405218547761,0.0,0.3810597519729425,5.17297633365269,0.693559554068373,0.5904722970017431,77,0
7.010542857321747,0.0009718172983479105,0.40524781341107874,2.953924221921515,0.46500758055513797,0.6825903246323601,3,1
0.0019528336647123526,0.9989406779661016,0.001059322033898305,944.0,0.00195270955181711,0.9980510960914607,83,349
0.529745410206586,0.05246589716684155,0.6925498426023085,2.5895195986127826,0.1918710905095343,0.8390169104382691,30,50
3.9692954252045225,0.0,0.44104134762633995,2.7081620439101344,0.343894026670685,0.7441062912358978,223,0
4.035713053014807,0.0,0.3717105263157895,5.274554065418492,0.47862394886142917,0.6763044794249549,730,0
6.92329732039951,0.0,0.22697368421052633,5.8966382820288015,0.7511813298456549,0.5710430912874898,730,0
5.477495666165804,0.015151515151515152,0.3414141414141414,3.55640852048036,0.4792603569939244,0.6760135193727139,9,3
3.3273708278842005,0.002105263157894737,0.3936842105263158,3.2886743382736876,0.3544900871242016,0.7382852111698798,79,1
7.79314710746209,0.0,0.4516765285996055,1.992016235622105,0.26508779175558755,0.7904589756670405,10,0
6.05804410376703,0.0,0.36923076923076925,3.0398084350169423,0.46153839551204484,0.6842105572256646,58,0
1.3976811720187003,0.9163822525597269,0.05802047781569966,28.213985479556744,1.0648099517712897,0.48430607337113696,445,304
3.5468625881107116,0.0,0.4212290502793296,2.728975799122513,0.34047312270975083,0.7460052596791434,134,0
1.9485129902608682,0.0,0.4019715224534502,3.6912580087771616,0.4253062768466889,0.7016035895192817,106,0
3.617917277907564,0.0,0.4201058201058201,3.3883710649824588,0.32518238517072634,0.7546131092522541,82,0
0.7790713936112447,0.0,0.41,3.694042732747709,0.28454724741699755,0.7784844053115424,730,0
6.033485129776926,0.023115577889447236,0.4150753768844221,2.636304645827923,0.3585176860038616,0.7360964161913439,9,5
9.696133598773764,0.40652173913043477,0.5152173913043478,3.908008005841485,0.9197669878685318,0.5208965495912993,113,275
3.5752275487600493,0.05889281507656066,0.3710247349823322,2.8105635984953965,0.5103157334537008,0.6621132110656486,158,50
20.277137063750573,0.0009718172983479105,0.391642371234208,3.1916151671702893,0.6560137722001931,0.6038597122724361,3,1
1.270814989708436,0.010912698412698412,0.46924603174603174,2.5665911943175796,0.2628975607487052,0.7918298610119675,9,2
2.621406934178578,0.0038948393378773127,0.3924050632911392,2.3946590188973564,0.2791848322829777,0.7817478559492353,2,2
2.9912980701556138,0.029940119760479042,0.4407185628742515,7.579280579197945,0.6273475012884694,0.6144969032171922,198,25
3.620623571426881,0.0019569471624266144,0.3698630136986301,5.825208834361531,0.6948029423635186,0.5900390983540728,4,1
1.9805304620745185,0.04950495049504951,0.4425742574257426,3.4775209751464304,0.3442373611571427,0.7439162374859025,13,50
2.233064715951425,0.25240641711229944,0.20748663101604278,11.467774778614388,1.0487558125497063,0.48810111672385464,85,89
20.041116741587295,0.0,0.39012584704743464,2.2028262949400452,0.38731360129724596,0.7208175563657145,1,0
6.742562632237233,0.0,0.42467948717948717,4.534928985559623,0.653845592865662,0.6046513678869341,409,0
2.653556538386633,0.0,0.5657894736842105,2.427178870594314,0.34819668485438005,0.7417315375671695,730,0
1.4827476053571464,0.001968503937007874,0.4704724409448819,4.489718118313922,0.2275959980787092,0.8146002443516303,2,1
6.155269978695804,0.2422680412371134,0.3649484536082474,13.00495138595032,1.1748593814487522,0.4597998420173096,13,50
0.41920784872917854,0.22351797862001943,0.5821185617103984,3.7002164899277146,0.27404601879364493,0.7849010045546623,2,18
0.6837536798667747,0.9719298245614035,0.017543859649122806,147.84159613059254,0.6403941288502365,0.6096095946776565,129,109
2.39032024319973,0.0125,0.45208333333333334,4.503616408086708,0.4075581814143523,0.7104502060406293,17,2
1.169900968763753,0.39348370927318294,0.2669172932330827,6.909775927027563,0.6653417807473666,0.6004773383822889,217,39
1.735798315496132,0.0,0.4769736842105263,2.257008297824624,0.26404994341070653,0.7911079820958363,730,0
1.0036253550809355,0.0009699321047526673,0.4209505334626576,9.449801151663284,0.5182602782227654,0.6586485955955939,2,1
1.0275651325175048,0.012658227848101266,0.47127555988315484,3.230692567661617,0.3738162323624556,0.7278993918133941,2,1
1.4004661643818679,0.008048289738430584,0.41851106639839036,4.348808847210381,0.31838676911504776,0.758502757632526,29,3
4.49410828678289,0.006631299734748011,0.5212201591511937,2.191693116499242,0.41892798396693376,0.7047574022779325,200,2
9.100246683674705,0.0,0.3905852417302799,2.314757554899606,0.3873303055772902,0.7208088772946427,131,0
4.454167074641074,0.10721247563352826,0.42105263157894735,4.671149245111789,0.8114331760023548,0.5520490699010473,3,27
6.564838087596916,0.0,0.3780821917808219,3.850327795298212,0.691939549569553,0.5910376645870181,669,0
13.110955256328987,0.022988505747126436,0.28735632183908044,3.8613217537151665,0.9406238102979094,0.5152982225063434,597,4
1.9275872504019391,0.0,0.4276315789473684,2.7493964616437863,0.34639938765240413,0.7427216687491297,730,0
39.39149921218829,0.0,0.42857142857142855,2.385651252882038,0.5473630368215253,0.6462607521335934,730,0
4.208101930777107,0.0,0.39705882352941174,2.562183950423873,0.3407454822232769,0.7458537159056919,265,0
5.4524612799802465,0.0,0.3848684210526316,3.372725122632208,0.465646599014514,0.6822927168612065,730,0
1.3227161332619843,0.8991696322657177,0.07947805456702253,110.73142238431731,1.0948174734308507,0.47736855963981417,175,133
0.0,1.0,0.0,0.0,0.0,1.0,730,304
5.2404483337915595,0.0,0.2868292682926829,3.8533834586466162,0.4748788850483279,0.6780217753047788,4,0
6.866650497085922,0.0,0.3255131964809384,3.3172432921066695,0.552909575507046,0.643952497796587,5,0
0.0,1.0,0.0,0.0,0.0,1.0,35,560
2.9671943117997697,0.5952063914780293,0.4047936085219707,5.326424959878514,0.8951153973181548,0.5276723525201344,282,275
2.500521576047796,0.0011507479861910242,0.5074798619102416,4.333521846118271,0.448261736352382,0.6904829250813586,142,1
4.28730839523815,0.0,0.385752688172043,3.7459053978049184,0.33232386496594035,0.7505682561841404,247,0
5.368038161293066,0.0,0.29133858267716534,3.780538228000233,0.5489255621050839,0.6456088171473775,730,0
4.944030416675214,0.048087431693989074,0.35737704918032787,3.0473078369517035,0.5228102055926005,0.6566806528662912,28,16
2.6727998591615116,0.1008729388942774,0.4015518913676043,4.188340196085654,0.7355989511325041,0.5761699725316641,2,24
31.853499493008094,0.0058997050147492625,0.2910521140609636,4.867088667674207,0.7891886179614171,0.5589125651488828,2,2
5.892165290598988,0.2925170068027211,0.4110787172011662,5.089895947280428,0.9090816255150543,0.5238120710161925,1,141
1.158355633894962,0.001943634596695821,0.48299319727891155,2.2547612325719335,0.2437586167480763,0.8040145302587683,3,1
3.253806665272859,0.000968054211035818,0.45595353339787026,3.532799009375116,0.4475775774898217,0.6908092633861147,1,1
5.717644000534673,0.09131905298759865,0.43404735062006766,2.517836038775758,0.5612984307787772,0.6404925415195601,141,20
5.141021626601859,0.0009746588693957114,0.47076023391812866,2.9628814097855463,0.4142247444528696,0.7071011901908679,4,1
2.873093611855795,0.0,0.3557504873294347,3.5409471352375763,0.40178088678256324,0.713378252927424,3,0
0.04662076481288428,0.9660194174757282,0.03398058252427184,148.91566265060243,0.04635926256482444,0.9556946985386366,2,322
1.6588575747470435,0.7924080664294187,0.1423487544483986,37.90534756727506,1.1191453939143667,0.47188833898407323,188,246
0.46983296383934275,0.0,0.4682926829268293,1.7977002096712515,0.14593340826345727,0.8726510570238072,5,0
5.224777451434087,0.0,0.4276315789473684,2.603026533278351,0.49793948393037896,0.667583711309981,730,0
5.325144996454261,0.07196969696969698,0.51010101010101,3.9973267527003515,0.6049434987186538,0.6230748937880832,240,39
0.20592966478088107,0.009775171065493646,0.47116324535679377,2.031777557100298,0.10976592022365289,0.9010909253714228,2,2
0.7071971488154968,0.4294060370009737,0.1762414800389484,26.814028100453594,0.5594733138445005,0.6412421367665114,4,169
0.02306232692184981,0.7019607843137254,0.25882352941176473,7.727272727272727,0.022767686275926062,0.977739141956247,9,236
3.928171104721521,0.1699561403508772,0.14364035087719298,22.292667649507685,1.6129141686916242,0.38271444656780834,116,71
2.6342702150947783,0.10042432814710042,0.4794908062234795,3.04113851645083,0.5593955120719922,0.6412741297884621,241,26
9.184202681022684,0.10250297973778308,0.432657926102503,4.876441182548859,0.787015024168283,0.5595923853328668,192,10
1.1116320078511277,0.022977022977022976,0.13886113886113885,7.151866425608848,0.5467141150864866,0.6465318899246507,8,9
0.8109541464994117,0.0,0.4571984435797665,2.917963561111344,0.2626936302710233,0.791957744956202,2,0
10.290955904217803,0.0015082956259426848,0.46907993966817496,3.8008799031793927,0.6259263358341142,0.615034013510207,145,1
1.4384121284811697,0.05088495575221239,0.42920353982300885,3.2842291706502156,0.33470301598888474,0.7492303441444594,28,30
10.486355977323646,0.31176470588235294,0.31470588235294117,7.146465458991603,1.2614852643331398,0.44218727213103337,443,31
5.470491268606702,0.0,0.40077444336882867,3.2901977119276187,0.49761955957333265,0.6677263218202739,1,0
12.614027762903168,0.0,0.40460526315789475,5.287560521820496,0.7826724305631373,0.5609555535023925,730,0
3.7178567291475892,0.0022346368715083797,0.36201117318435755,4.352168933136705,0.4289451272839075,0.6998169355185581,136,1
4.877170367520108,0.0,0.3848684210526316,3.764438656531088,0.5033609657127138,0.6651762436348211,730,0
2.0475264553286614,0.003898635477582846,0.3713450292397661,2.9032210022918514,0.2971732306100743,0.7709070588279789,4,1
4.469962952056703,0.015503875968992248,0.3178294573643411,5.956834104821082,0.9097952878925122,0.523616330158357,647,3
5.861574891895266,0.03857566765578635,0.3590504451038576,10.005059521548548,1.194771000688734,0.4556284002687266,4,22
0.08586463373641577,0.9534883720930233,0.04318936877076412,117.66363636363636,0.08493346945337216,0.921715504365291,730,138
5.030630107852034,0.10884353741496598,0.3838678328474247,11.23611916546413,0.9449753704822876,0.5141453280984396,2,36
5.1603105324483085,0.453804347826087,0.25815217391304346,9.986381293626346,1.3932919839180147,0.41783451694135465,249,170
0.004622143311203132,0.993421052631579,0.006578947368421052,270.2222222222223,0.004620775318510152,0.995400478039044,730,193
13.590372601789905,0.026892430278884463,0.27191235059760954,4.805648994962043,0.7174174200544849,0.5822696266631994,5,5
5.261074277451286,0.04307116104868914,0.27340823970037453,13.240081169967112,1.249227924585573,0.4445970055187951,253,23
1.6787763744151356,0.09868421052631579,0.4769736842105263,3.188683036611341,0.48581901571857056,0.6730294803209129,730,26
1.8542847620757035,0.0013831258644536654,0.3969571230982019,3.572257839660025,0.3240338386416331,0.7552677060171896,307,1
9.861860798346902,0.011363636363636364,0.4690082644628099,3.3932333930091105,0.5150366332508666,0.6600500463505395,60,11
0.016568821243811628,0.9931906614785992,0.006809338521400778,893.1803278688524,0.01655899538079384,0.9837107384263606,2,327
5.946551202190893,0.0,0.20723684210526316,6.078818930141077,0.9264249664155707,0.5190962624724823,730,0
4.534922755218319,0.002976190476190476,0.36607142857142855,3.177140296385034,0.37031983632927806,0.7297566403758218,6,1
6.805176708789072,0.008771929824561403,0.3060428849902534,4.783904430402389,0.8144141902257378,0.5511420740572948,4,3
4.922289525687411,0.0,0.42346938775510207,4.665617381837118,0.7293971495292934,0.5782361791634614,445,0
4.864540542412991,0.0,0.2895622895622896,6.555027278105212,0.8670883017930647,0.5355933080613523,730,0
0.06595426441447867,0.9875621890547264,0.012437810945273632,767.0816326530611,0.06579387139466085,0.9382677334139994,225,304
2.1419911544429273,0.009823182711198428,0.4793713163064833,6.431251789036782,0.3972083974335298,0.7157128470147014,10,5
4.38262446469451,0.010880316518298714,0.31849653808110784,3.4470200179687267,0.495847452495574,0.6685173667486383,4,7
3.981784262217147,0.01793103448275862,0.4317241379310345,2.2889241559305815,0.3429033518446397,0.7446552267714421,265,8
5.652244821723078,0.0,0.5766871165644172,2.235780396994719,0.5308449444076492,0.653234021938743,248,0
1.8800355812703875,0.015920398009950248,0.44676616915422884,2.633328725744092,0.3189233307525023,0.7581941851232983,5,8
4.109298790404758,0.003883495145631068,0.429126213592233,3.8552452616890114,0.6325493931099937,0.6125388942107337,2,2
2.3880804973192737,0.0,0.4763681592039801,2.1470455855075867,0.24677799682850568,0.8020674109935788,225,0
3.8981642186629877,0.0,0.4473684210526316,1.5492215232137208,0.3762874043354231,0.7265924231013917,730,0
15.390833720385,0.0,0.4798387096774194,2.1529735523939437,0.6668157604685235,0.5999463310323578,278,0
1.6385856248745785,0.0,0.45486935866983375,3.8258928694292846,0.3082752794976204,0.7643651268745225,188,0
0.1280828119026163,0.944078947368421,0.049342105263157895,31.38747099767981,0.12455113178425999,0.8892436917593582,730,193
1.8023168356675725,0.07207207207207207,0.5173745173745173,3.7298517226341037,0.35122396200684786,0.7400697649816634,225,21
8.06864958861,0.08223684210526316,0.47039473684210525,4.0738780731420965,0.9482693935614148,0.5132760404206788,730,13
8.363615930412529,0.08438409311348205,0.466537342386033,6.33557635694352,0.9185715163769821,0.5212211228322587,2,41
1.3289845274820231,0.02485089463220676,0.3946322067594433,4.418510489480109,0.4041799108923117,0.7121594549551217,9,10
4.764029198316303,0.08066083576287658,0.44509232264334303,2.9315829498370025,0.5991076110259329,0.6253487839748534,2,16
4.092471321815009,0.7251655629139073,0.20860927152317882,13.949325360318921,1.5003476002575178,0.3999443916905822,730,31
7.4893015398154255,0.0,0.3125,5.000398497096663,0.7310013832142868,0.5777002893799574,730,0
4.230924475387423,0.027186761229314422,0.3723404255319149,4.038785924189219,0.4267811279257316,0.7008783480713751,185,20
1.9977251604104285,0.0,0.40878378378378377,2.232039551862918,0.25260546004822343,0.7983359740117223,730,0
1.630897891106054,0.0,0.4967105263157895,2.480427961524613,0.26665857692022743,0.7894787263284594,730,0
6.927514693222104,0.028182701652089408,0.34499514091350825,4.031324405955809,0.7807107933290267,0.5615735041008578,1,7
5.395182653967129,0.007944389275074478,0.5332671300893744,2.553701248110292,0.4299654578146263,0.6993175915789395,7,2
3.3658928831768984,0.003972194637537239,0.31678252234359483,3.546240820389535,0.45827214843366515,0.6857430563109247,10,1
6.645585456554802,0.0,0.44370860927152317,2.9540292604324976,0.6617864929614529,0.6017620219176955,730,0
1.6374388993290576,0.0,0.3782894736842105,4.643699507846597,0.42708956122248737,0.7007268689873747,730,0
3.599394501665316,0.05296610169491525,0.5826271186440678,3.953116311985038,0.4670837012234497,0.6816243675572613,79,18
202.3522077383466,0.019133937562940583,0.011077542799597181,723.4579804002193,20.612599483410083,0.046269306973814234,31,3
5.9607695554747195,0.02527075812274368,0.46329723225030084,5.602041154079551,0.923667801146705,0.5198402756462922,202,3
2.7113428804769204,0.09872922776148582,0.3010752688172043,10.999736283758677,1.030557305970696,0.4924756356590271,3,24
3.8428287028087285,0.004592422502870264,0.19862227324913892,8.545101077558549,1.125141201395173,0.4705569678586495,154,2
4.097941863749879,0.004878048780487805,0.4253658536585366,3.581690246582448,0.6099969808454972,0.6211191771768699,5,2
2.9264472672135797,0.0,0.3618421052631579,2.6518748945898842,0.36482783378152656,0.7326931465262556,730,0
0.2974447562351273,0.8664085188770572,0.1074540174249758,37.26948955916474,0.2745357694700558,0.7845993999962777,1,557
2.0204845726152927,0.016227180527383367,0.4066937119675456,4.54726028993614,0.45087853483520995,0.6892375729533965,33,6
4.327329560888209,0.05710955710955711,0.43356643356643354,3.024208929196675,0.4560763020129451,0.6867771960971792,151,40
6.459864727173127,0.008008008008008008,0.45845845845845845,5.2747702957835125,0.7215345329210593,0.5808771075322104,9,2
6.444037204662468,0.025056947608200455,0.489749430523918,3.3141195772518937,0.6225581685143574,0.6163107242655081,133,10
0.40372275233398447,0.17763157894736842,0.5296052631578947,3.263004128294697,0.26596969706258816,0.7899083227033681,730,4
2.9584385423270385,0.0,0.43243243243243246,3.5463801842103284,0.3931499045689384,0.7177978455300653,217,0
3.2821114529563955,0.09078771695594126,0.4032042723631509,4.242194451239345,0.5500651087720687,0.6451341910354853,278,28
4.829938739123323,0.0,0.41776315789473684,4.37171963034784,0.4842730557009106,0.673730481166604,730,0
3.962637469406239,0.49834983498349833,0.38943894389438943,4.069685255619695,0.9469750638689579,0.5136172612364313,730,57
2.6069655074268896,0.05,0.47317073170731705,5.084547614863264,0.62188700845684,0.6165657624642173,176,2
3.1208106396842985,0.0,0.4605263157894737,2.4275398311236773,0.356721738650995,0.7370708167426523,730,0
4.293263396137189,0.12887112887112886,0.4175824175824176,6.351890285350651,0.6578792395388747,0.6031802414499995,16,69
2.861580030345877,0.0,0.48884578079534435,2.427466824153346,0.33905561131330375,0.7467949736749405,2,0
12.77774174852781,0.0,0.4243421052631579,1.8553032424353857,0.2568279921553526,0.7956538255366873,730,0
9.619612412802221,0.0,0.3669833729216152,2.499261598157983,0.39214186023083303,0.7183176000714385,184,0
3.1988719346399406,0.0,0.3220858895705521,4.171911351925037,0.49277947793482296,0.6698913099900357,224,0
0.8494024907212746,0.0,0.4432497013142174,1.7490783637259735,0.18321089672302715,0.845157868956041,177,0
3.3678392858753328,0.009852216748768473,0.38620689655172413,3.8269687326362583,0.5212371877422117,0.657359685956783,5,3
1.7035149528851898,0.9010554089709762,0.036939313984168866,85.82885951764545,1.3200817181951745,0.431019300810626,268,190
311.51418816724663,0.3480083857442348,0.0041928721174004195,449.2644441894957,19.26874394653445,0.04933704834585865,19,230
4.0550206080016915,0.0,0.4342105263157895,2.113791694729985,0.3139296175046385,0.7610757735251902,730,0
5.057836946472132,0.018756169792694965,0.4175715695952616,3.0919111835744335,0.380200729056766,0.7245322937073099,18,18
76.11200525972619,0.0009746588693957114,0.3937621832358674,2.83284772811852,0.514072426789508,0.6604703858985365,3,1
1.2829000244325,0.0009718172983479105,0.41496598639455784,3.785012852437947,0.328648992008744,0.7526442318585065,2,1
1.622030196624861,0.0,0.42857142857142855,2.0096802955037574,0.24546992490269218,0.8029097933281122,934,0
3.7978020979719562,0.0,0.418018018018018,3.8422860639031673,0.3706221693811715,0.7295956700098427,283,0
1.2479478506880906,0.48166501486620417,0.2755203171456888,13.34604967992559,0.7236330406327774,0.580169894882545,4,61
1.0409656071780333,0.0,0.5202702702702703,2.0104676569725095,0.2086470697901501,0.8273713849102565,730,0
2.2422104719458895,0.7059496567505721,0.17734553775743708,10.303503494647439,1.1020401928202648,0.47572829645008846,147,100
1.7265796476946136,0.756578947368421,0.2138157894736842,9.24019378027817,0.9373530482519511,0.5161681815827462,730,180
6.691659798864942,0.0,0.31875607385811466,5.8050922017857784,0.6191034350617893,0.6176257664241429,3,0
4.246119997787252,0.046052631578947366,0.41776315789473684,5.955510616784631,0.6567323045948781,0.6035978155472321,730,14
5.575302163991468,0.07010710808179163,0.2726387536514119,4.878840865847241,0.768632466382335,0.565408596193792,6,39
7.437662475841002,0.0009765625,0.4501953125,3.4733714563681035,0.4914784541005021,0.6704756594040719,5,1
5.258797203590102,0.0,0.39144736842105265,2.5330853563038374,0.36412954398036423,0.7330682077906776,730,0
5.306800871262548,0.0,0.375,3.237306328168751,0.4322240078617473,0.6982148005555078,730,0
7.59172157120608,0.0,0.30666666666666664,2.8694636726883895,0.4989564101165992,0.6671308073076075,730,0
6.113358648942556,0.25315227934044615,0.4451988360814743,6.0778583076368955,0.8281234953823301,0.5470089972181349,2,134
2.377137211539042,0.0,0.42996108949416345,2.094711384813449,0.17132172118785646,0.8537364089738588,3,0
4.450262264899576,0.01839080459770115,0.3425287356321839,5.754475171081429,0.5834202051249697,0.6315442968097505,597,3
5.665911369108373,0.013671875,0.4267578125,3.1607687334704675,0.42087689682573576,0.7037907381237726,4,1
7.437172836743972,0.0,0.47525773195876286,2.3308032923854647,0.3611311841665042,0.7346830427754509,58,0
3.492641617319234,0.005571030640668524,0.3955431754874652,4.940132467812128,0.6971321173569398,0.5892293179610368,307,1
8.175932286808543,0.5680803571428571,0.1875,31.44237612681536,2.301184050166316,0.3029216138220525,104,357
2.7301315750962867,0.006782945736434108,0.3391472868217054,6.534916913758198,0.5331309518221786,0.6522600034990265,1,2
1.4232005099207057,0.001943634596695821,0.39067055393586003,3.1610745968466043,0.28133462519252056,0.7804362578976978,4,1
0.03601551447247808,0.8391608391608392,0.16083916083916083,160.23201438848918,0.035816573266323475,0.9654218959314581,6,82
90.48424865468336,0.0,0.4387855044074437,2.051292268809973,0.35212609260470207,0.7395759947754761,5,0
1.1352994981355138,0.0,0.46953405017921146,2.568317941757885,0.22484103824608404,0.8164324747250091,188,0
4.5518087551512565,0.0011198208286674132,0.4244120940649496,2.6348476123968325,0.38031965709840715,0.7244698681623623,134,1
1.2985030955130823,0.0019474196689386564,0.40993184031158714,3.8307884786218245,0.41974343789188706,0.7043526128107025,2,2
0.6724685963077509,0.0,0.34691745036572624,2.3747704259611937,0.17833606658072065,0.8486543256727991,65,0
2.147868464881217,0.0,0.4680589680589681,2.7903170634175014,0.3521223491433029,0.7395780423521542,217,0
8.668335870271319,0.0,0.4714424007744434,1.784045299627889,0.24659075636195857,0.8021878831497137,1,0
6.397282873582006,0.0,0.34210526315789475,3.399036074733502,0.5482885470691854,0.6458744411001026,730,0
2.997168002497706,0.2359437751004016,0.4979919678714859,4.87203651269915,0.6242428672225716,0.61567147387877,6,52
3.355142393687643,0.0,0.4028520499108734,3.0737656917847405,0.5328638232479596,0.6523736713161622,268,0
5.332518305393368,0.007537688442211055,0.4334170854271357,3.178353641096047,0.49000970523271364,0.6711365680962577,172,2
6.182574546553898,0.0,0.38324022346368714,2.5598679790947005,0.34639134035866936,0.7427261079483821,134,0
5.332051170162556,0.04906542056074766,0.4088785046728972,2.9343701306782823,0.41874683379519234,0.7048473879761681,158,6
3.831118031070625,0.05152224824355972,0.4063231850117096,3.2044191587378106,0.4957317165186562,0.6685690949494064,158,13
5.2704828943523045,0.4595910418695229,0.4936708860759494,6.043914145055307,0.9202757591342328,0.5207585396229006,4,70
3.8798334672082526,0.6434184675834971,0.21905697445972494,11.32332790611449,1.3718944732763927,0.42160391672849595,5,114
13.321405810947388,0.3254437869822485,0.40946745562130177,5.05357425069056,0.9014125805391652,0.5259247836239938,184,76
27.630991958840116,0.03804347826086957,0.0891304347826087,28.85040145199496,3.0274733019793594,0.2482946316511982,13,9
4.443947741626912,0.0,0.3618421052631579,2.8483343074225593,0.3764042755479285,0.7265307277557774,730,0
23.156159573732463,0.0,0.5535019455252919,2.2271488116280405,0.4791302430981541,0.6760729859092204,5,0
4.2313620031119905,0.0,0.3232810615199035,3.962898407762229,0.4381287658474605,0.6953480270667697,131,0
2.304072486658401,0.00999000999000999,0.44155844155844154,2.477063556640448,0.26377581105768255,0.7912795855485454,19,5
3.7430782159010154,0.30656219392752204,0.4740450538687561,7.827164994478874,0.7951138381334573,0.5570677350689863,5,72
4.904637885408895,0.41903827281648676,0.3758586849852797,7.771334712746416,1.1193564943597216,0.471841336113729,4,124
0.361684749289601,0.5394736842105263,0.45723684210526316,10.885146411773627,0.2972403119246268,0.7708671946189896,730,159
5.642471023724702,0.3090277777777778,0.6469907407407407,2.7079972549264264,0.6417925825359648,0.6090903385952495,120,111
4.169167796141445,0.0009718172983479105,0.35374149659863946,3.9716729677736886,0.5129403005407358,0.6609646128420221,3,1
25.101260650493224,0.08547008547008547,0.5162393162393163,3.7347669653664552,0.8444584592585019,0.542164555119346,232,50
3.2304117712706346,0.027777777777777776,0.4022222222222222,3.5779220167497243,0.4683603988922475,0.6810317145262257,85,17
3.832022110831758,0.3055555555555556,0.28174603174603174,8.641460798416803,1.1316683427920555,0.4691161283983801,524,13
8.190452322120196,0.0,0.33223684210526316,4.241691842900302,0.6966151241437547,0.5894088681454367,730,0
0.3952389376967467,0.12709030100334448,0.5050167224080268,5.6794127405441275,0.2816675621396874,0.7802335250886308,730,7
4.4750674113917235,0.0,0.5796344647519582,2.0199758435527024,0.33003052360884094,0.7518624439435029,651,0
0.4717600581888875,0.0021953896816684962,0.43468715697036225,2.2411995511788527,0.183204275177259,0.8451625986985106,122,2
2.51163170080483,0.0,0.45320197044334976,2.355712277623703,0.2627801226761495,0.7919035008887754,11,0
1.8445955622490062,0.024582104228121928,0.4896755162241888,2.195259009772405,0.283266293016806,0.7792614872234501,4,3
4.07823383970563,0.030753968253968252,0.3253968253968254,5.331851272622698,0.5711447056404062,0.6364786110470934,20,15
3.4767283223323404,0.4540540540540541,0.43891891891891893,4.870631548936859,0.853924526409854,0.5393962838047736,101,57
8.137751101098225,0.0,0.4116997792494481,3.5114964191481337,0.5704697582263039,0.6367521531451868,107,0
8.59082846952714,0.04215686274509804,0.40784313725490196,2.6509851714671093,0.45016239170172095,0.6895779436305273,3,38
2.2443319352520965,0.012805587892898719,0.45052386495925495,3.5232097106614595,0.3672119565302332,0.7314154877184085,161,3
10.99030954072644,0.019743336623889437,0.4738400789733465,42.02429608800068,1.3260625494756089,0.42991105300476185,11,9
6.229279117519171,0.4420368364030336,0.49729144095341277,6.044631934112547,0.9136002849777138,0.5225751730130236,64,32
2.6037403381443593,0.0,0.27960526315789475,7.9753888224235165,0.6382539856114414,0.6104059619465979,730,0
4.80805221687185,0.013552758954501452,0.5140367860600193,6.238133029667823,0.6784559149400763,0.5957856808146801,1,6
0.44013978967653095,0.3786407766990291,0.2621359223300971,16.002405002405002,0.3662201982121551,0.7319464324335174,931,3
9.04505006485324,0.0034602076124567475,0.43252595155709345,4.268750483758611,0.9998009090480874,0.5000497776931223,730,1
0.2989986527612266,0.9158512720156555,0.06164383561643835,50.699738903394255,0.2820846162783155,0.7799797199835674,4,522
4.834245086137821,0.0011173184357541898,0.42569832402234636,3.79470900645419,0.5339749308989264,0.6519011359683621,134,1
3.4674780187763603,0.0,0.48013245033112584,1.804178686152642,0.22291583894688838,0.8177177595975436,730,0
12.272816485002652,0.0,0.3980263157894737,2.605493892604298,0.4514226786532838,0.6889791751964764,730,0
5.753719580777783,0.028925619834710745,0.44421487603305787,3.0524995543744224,0.544722856449159,0.6473653159367962,25,6
1.6681494496696412,0.0,0.4412050534499514,2.104968842382266,0.21159440848264013,0.8253587116272401,3,0
2.480876989454287,0.033003300330033,0.5368536853685368,3.795724068815767,0.5218258056442066,0.6571054297352307,124,6
6.177780697487632,0.0,0.46880907372400754,2.4566251230989513,0.40174290892819964,0.7133975807051663,253,0
3.6048723050144287,0.0,0.4397590361445783,2.5586266612534088,0.32593533603002833,0.7541845916815909,129,0
5.80982605382374,0.0,0.3655913978494624,2.5351693406681757,0.34989508575368816,0.7407983113307425,730,0
12.03389326215264,0.3036597428288823,0.34520276953511375,9.02646562117693,1.2123639372004353,0.45200519823398394,4,95
3.653164588553478,0.00562429696287964,0.40382452193475815,4.615864772183494,0.3851131825082671,0.721962661700414,134,1
3.2714171239850462,0.0,0.45409674234945707,3.00146155527457,0.3067349084312622,0.7652661557809777,7,0
1.6859429929810084,0.458808618504436,0.10392902408111533,137.91827468785473,1.4169701007296949,0.4137411545546613,242,21
4.730795595690557,0.0,0.3152,3.3545287074569865,0.49600948274497675,0.6684449607666484,408,0
1.7976306200114316,0.0625,0.5329545454545455,2.7180111423708095,0.32686489249452644,0.7536562355794829,133,25
2.3244254929895294,0.0,0.40131578947368424,3.427893175074184,0.3464614007348763,0.7426874617083093,730,0
4.588192110052245,0.0,0.36903602726387535,3.487956878972537,0.5006080398848,0.6663965362179246,2,0
0.28702430006110613,0.006195786864931847,0.45353159851301117,3.3185639499796498,0.1524363841957688,0.8677268556544689,224,2
1.6516070817550392,0.790929203539823,0.13938053097345132,29.903143666262114,1.1275045513223398,0.4700342471081695,127,115
2.4776186923804504,0.0019860973187686196,0.4160873882820258,2.8762015548158266,0.3677774880234075,0.7311130712094938,11,2
0.20561542820635875,0.8256578947368421,0.16776315789473684,19.563599798893915,0.19298863865736224,0.8382309500662475,730,68
9.056276184752706,0.32926829268292684,0.21602787456445993,15.988942472913214,1.6133925921247105,0.3826443845495833,315,180
4.664118200465701,0.0,0.24907063197026022,6.178875711172124,0.7458552075458182,0.5727851861241797,730,0
17.410275017102105,0.0,0.4414715719063545,1.9929523465611247,0.38457895188718777,0.7222412262132074,730,0
1.3822254442942299,0.0009891196834817012,0.49752720079129575,2.8450737957668473,0.29825645668105905,0.7702638372055243,6,1
8.767262162062222,0.0,0.3678516228748068,4.066761726563004,0.6755694180735137,0.5968120384709278,322,0
0.22404590669803945,0.0,0.15460526315789475,4.307743602567308,0.16064805442886052,0.8615876244173664,730,0
4.072890210687713,0.20943952802359883,0.5378564405113078,3.8141945728301243,0.6567459183404926,0.6035928556876524,6,50
1.1898577646841633,0.5430528375733855,0.3532289628180039,7.858227543469106,0.6562341196984511,0.6037793740066585,2,93
3.223280363895894,0.0,0.4603330068560235,1.9191717584077188,0.1894696958806052,0.8407107835224551,4,0
2.5468104116064407,0.004550625711035267,0.3560864618885097,4.191658740602729,0.4746364083497602,0.6781332634524347,146,1
15.349153608714147,0.31,0.5266666666666666,5.305297225787655,0.8559580348525634,0.5388052861224525,730,14
1.8587060400278432,0.7849829351535836,0.16496018202502843,95.96889295516925,1.3537182941291526,0.4248596794672864,147,36
6.96781542740509,0.0,0.3389261744966443,4.880717938652448,0.6809662166156862,0.5948959533602731,730,0
10.97926869230366,0.26158940397350994,0.3675496688741722,5.74652259200642,0.8521823199573632,0.5399036526938772,730,43
0.985518501071639,0.6842105263157895,0.27960526315789475,6.245034996870199,0.6245130059111965,0.6155690944678498,730,115
2.3690710075943096,0.0029615004935834156,0.3810463968410661,2.4881283772719827,0.3032469323877875,0.7673142941282942,10,1
78.91804062164653,0.0,0.44140625,2.5376353729637913,0.5954467917107183,0.6267836728843522,4,0
7.423247293803399,0.3200775945683802,0.486905916585839,5.231922987750422,0.9198505281598351,0.5208738833217885,2,64
7.017752439976829,0.001059322033898305,0.3252118644067797,7.1388382324810316,1.0298005305940614,0.49265924652573134,83,1
28.129522456668862,0.0029296875,0.3720703125,2.7100670509851383,0.391620598537028,0.7185866615162726,3,2
12.648155951738703,0.019736842105263157,0.2631578947368421,8.364407488199928,1.3099127901124115,0.4329167768932675,730,5
2.0234348672356206,0.0,0.374031007751938,1.9560800043531323,0.23863387146762394,0.8073410739326278,1,0
11.848120007619723,0.0,0.5150375939849624,2.556238107855839,0.30658739972322363,0.7653525513959736,186,0
1.3698216369324672,0.0011441647597254005,0.4416475972540046,2.646571468097207,0.290106039880048,0.775130081627227,133,1
2.6815436127123826,0.05218317358892439,0.5047923322683706,2.7741086026273334,0.5456090618870604,0.6469941362656628,20,43
6.366051168746333,0.0,0.42013552758954503,2.470172418725741,0.3692223609388348,0.7303415635969676,1,0
2.2214556165301045,0.0,0.4218106995884774,1.9898214903296174,0.25433518566600644,0.7972350703604287,253,0
2.312381948994826,0.0,0.5756718528995757,2.226854783625861,0.37815919215656546,0.7256055800311313,241,0
2.7661515964196797,0.05321507760532151,0.4634146341463415,5.87399918828174,0.43163246685786294,0.6985032982625723,30,35
11.795902234496198,0.1695906432748538,0.11403508771929824,34.71676128024359,2.398519913868617,0.29424573795175324,3,27
1.1887470322518205,0.0,0.4407894736842105,2.2538064598330894,0.23168891227147348,0.8118933198447047,730,0
5.672081521322589,0.028073572120038724,0.3233301064859632,8.205441101615452,1.0629544815766794,0.48474166974140787,1,6
17.47804575981437,0.0,0.44532019704433495,3.5724655239400254,0.5965247459323691,0.6263604761202751,18,0
2.931957706055631,0.0,0.12171052631578948,23.144592952612392,1.4452040448826278,0.40896382536779297,730,0
9.405453294796509,0.5,0.47877358490566035,6.35401362268531,1.089877877149289,0.4784968590432932,166,31
3.3206305384390236,0.0,0.40445859872611467,3.1344177037174625,0.4743002656855613,0.6782878788501012,87,0
9.340344619045004,0.003887269193391642,0.32847424684159376,4.641525482866514,0.567516452826643,0.6379518366118186,1,1
4.77554883170928,0.41437007874015747,0.2736220472440945,6.885385270301343,1.1458808889904324,0.4660090898476978,7,216
0.0,1.0,0.0,0.0,0.0,1.0,340,625
11.704437778824177,0.020750988142292492,0.22628458498023715,8.452949249121374,1.25438467149752,0.4435800210332916,13,7
2.880817817690845,0.0,0.4657039711191336,2.0375418355915698,0.25358143279116335,0.7977144315016287,280,0
1.7563673064822325,0.00298804780876494,0.3884462151394422,4.038870310896268,0.38099732425916766,0.7241143646215588,8,1
2.5093619310331188,0.0,0.4821917808219178,1.8306280076440131,0.2153573833184235,0.822803245963414,669,0
6.330961542508006,0.03588748787584869,0.5024248302618817,2.18683377311959,0.3782015293451578,0.7255832900396959,2,12
3.485357142831148,0.01556420233463035,0.42217898832684825,2.6194341331298054,0.3816839234267072,0.7237545310072835,4,4
3.6054296127885674,0.03979591836734694,0.42857142857142855,3.057733812724087,0.3946076696957895,0.7170475408457587,10,9
3.756265587264011,0.8453947368421053,0.03289473684210526,89.69477278697137,2.502640349189663,0.2854989094816287,730,197
5.664475714924753,0.30836575875486383,0.3132295719844358,9.598933903868486,1.0777815065674066,0.48128255874798276,3,87
2.3644008104050847,0.0,0.48355263157894735,2.3885140979069366,0.5125377722054105,0.6611405138940192,730,0
3.247810022970996,0.0009823182711198428,0.46660117878192536,3.742841598602799,0.48696533246500856,0.6725106350275535,6,1
1.2589706854819547,0.0,0.4276315789473684,6.340082204292892,0.39830064354929157,0.7151537865717567,730,0
0.8689493170381298,0.0,0.5230263157894737,1.6957930910926886,0.1724308361594743,0.8529287776801358,730,0
8.049415243071051,0.27960526315789475,0.3848684210526316,9.021032206569755,0.9851175865819104,0.5037484966932652,730,26
1.349609859069372,0.1605058365758755,0.3550583657587549,10.784011530303902,0.6168602682474177,0.6184826355365525,3,58
3.1247672748212842,0.026239067055393587,0.4752186588921283,3.1921281132309316,0.3598085047626781,0.7353976655518315,3,10
1.4683914953756763,0.0,0.4732824427480916,1.829919221671799,0.2394881611212679,0.8067846320495538,730,0
3.5357028127437236,0.0019398642095053346,0.3937924345295829,3.0641532699862184,0.3167432694460182,0.7594494866267448,2,2
3.118040056835531,0.0,0.3684210526315789,5.088087949626226,0.48194968261565996,0.6747867432549987,730,0
6.090298963823536,0.012682926829268294,0.335609756097561,3.360129816838885,0.519525963406655,0.6580999759675579,2,4
1.4598200127072827,0.00501002004008016,0.41783567134268534,4.448887417784231,0.5074327693310862,0.663379502121175,16,2
2.9794732278250704,0.14204545454545456,0.5880681818181818,1.9838336414223736,0.4269611565824468,0.7007899236689713,680,50
0.497895307736601,0.0,0.4444444444444444,3.1688476341408194,0.28179984008674674,0.780153007299739,730,0
1.491282034984892,0.0,0.32894736842105265,2.366884827879303,0.3062139403143581,0.7655713732157357,730,0
0.006842193272041789,0.9750889679715302,0.02491103202846975,108.38571428571429,0.0068365164493673445,0.9932099041525863,188,173
0.9187834070503332,0.15551181102362205,0.5344488188976378,5.049761458133318,0.3938651095597321,0.7174295368623304,9,38
2.919880398509763,0.0,0.3223684210526316,3.260308655145438,0.519059494267568,0.658302063726715,730,0
3.4536384307437746,0.02,0.497,3.6116977914874937,0.4065452432809746,0.7109618441191072,6,15
3.6632234736533946,0.013671875,0.47265625,2.8656752013176474,0.319021220537449,0.758137916532184,4,1
0.022626040681502986,0.7904483430799221,0.18908382066276802,7.692596063730083,0.022393160542141726,0.9780973099132751,2,518
5.007485070930629,0.029469548133595286,0.3192534381139489,10.275367108250236,0.9814666111283628,0.5046766846253047,2,10
2.2757906199777715,0.0,0.3355263157894737,2.9363298543818783,0.2709147238041925,0.7868348530944144,730,0
0.021422508263092856,0.9881796690307328,0.01182033096926714,351.8761061946902,0.021393932443162865,0.9790541809936262,184,189
2.811825333551304,0.0,0.34868421052631576,2.6401054328364477,0.3870424677951381,0.7209584588924763,730,0
6.088378199132028,0.0,0.13815789473684212,16.024717521117832,1.4087782651495544,0.4151482162007605,730,0
3.4252405834542707,0.6842105263157895,0.08552631578947369,43.33716035208573,1.8419832608705085,0.3518669563499459,730,106
1.6705761426089776,0.17105263157894737,0.22039473684210525,8.96757332300842,0.7080686344224097,0.5854565676385446,730,52
2.378255736400612,0.08943089430894309,0.3780487804878049,5.239652717166614,0.6507289879036677,0.6057929601575262,539,36
0.10794041598406943,0.8388157894736842,0.1611842105263158,6.608695652173912,0.1031040233116229,0.9065328190879997,730,255
8.196588953409696,0.0029211295034079843,0.38364167478091526,3.204504605877397,0.4819052524853665,0.6748069745504022,3,1
2.793680962985536,0.0,0.4457013574660634,4.081541420946635,0.464810766338528,0.6826820385131529,146,0
4.019282356827053,0.0019588638589618022,0.4289911851126347,2.6740331371298303,0.27754583753135964,0.7827507793632908,4,1
12.715201128214412,0.00975609756097561,0.3229268292682927,5.809166029736239,0.836149103223627,0.5446180804403926,2,2
0.9252735408565389,0.5577492596248766,0.37314906219151034,25.26051249111055,0.6469015307283916,0.6072008443381068,8,174
3.2149779726737564,0.0,0.488135593220339,2.513803090075692,0.3689688739894824,0.7304767982677179,146,0
5.160540691416327,0.6427184466019418,0.23106796116504855,18.1008162472063,1.721182861265079,0.36748724763579454,2,117
3.5127743045405375,0.0,0.5827586206896552,1.5958268680559646,0.3045654866139943,0.7665387519912892,730,0
3.831477272807421,0.3813813813813814,0.36236236236236236,5.758351593831398,0.9810853929663441,0.5047737990247191,5,47
3.7233998565019704,0.040042149631190724,0.40990516332982085,7.382087278267494,0.4614758140387608,0.6842398556268399,15,9
6.117629337313767,0.0009737098344693282,0.4186952288218111,8.56423636630898,0.9920208498866694,0.5020027777605301,2,1
2.719545680642459,0.003952569169960474,0.2776679841897233,4.591491880294455,0.42878201302623126,0.6998968288255186,6,1
8.898606689656548,0.007766990291262136,0.41067961165048544,4.037802132721357,0.9215911414403127,0.5204020659933196,2,1
0.5010715242346334,0.0,0.4309210526315789,1.5039734951086834,0.12721162446537435,0.887144861085238,730,0
6.009168594751795,0.015427769985974754,0.39831697054698456,3.658900649030059,0.6841226808463328,0.593780970574818,241,6
0.25748364676179575,0.2007835455435847,0.5239960822722821,2.778462734644007,0.19034609834322394,0.840091803041018,5,8
3.1379076487640227,0.001059322033898305,0.4777542372881356,2.205012533659503,0.310344104294387,0.7631583159894434,79,1
0.005654637179350603,0.0,0.5568181818181818,1.034188034188034,0.003966901082452591,0.996048773044036,946,0
5.738047981283826,0.30669800235017625,0.45475910693301996,4.513034085092289,0.7920955287914755,0.5580059678371967,27,29
22.241155201785684,0.0,0.35526315789473684,2.145116855149756,0.31181883248074105,0.7623003841993412,730,0
4.038513106211388,0.003289473684210526,0.47039473684210525,2.4811522827014802,0.35531051751890924,0.737838293936244,730,1
3.102385699987678,0.0,0.3465634075508228,2.5570953317832235,0.3402265967500686,0.7461424824913279,1,0
5.880315459021815,0.11564625850340136,0.5374149659863946,3.347591937221111,0.5717767497312503,0.6362226697722718,730,10
5.2235860108697105,0.002909796314258002,0.4277400581959263,5.690945663765414,0.6077810141358062,0.6219752511118606,2,2
0.0,1.0,0.0,0.0,0.0,1.0,253,304
0.016586525054695926,0.9218436873747495,0.0781563126252505,116.23293172690761,0.01654524483461757,0.9837240448286104,14,28
1.2702410688403227,0.1364082433758587,0.408243375858685,35.35909434914229,0.7144142008766359,0.5832896154783759,6,30
4.459435257711048,0.0019569471624266144,0.46966731898238745,3.4658318663835606,0.49072057813293113,0.6708165263623452,3,1
3.7273987976504115,0.0,0.4605263157894737,2.3763290783655795,0.23484592392641748,0.8098176303812202,730,0
5.650877966835838,0.0,0.41274509803921566,4.150437870281737,0.4304961345894345,0.6990581629827397,2,0
48.91913089680899,0.0,0.20710059171597633,210.9808538169667,5.831730576834318,0.14637579581825066,7,0
2.378050503359033,0.03943377148634985,0.3063700707785642,6.529296778952545,0.6858427469445013,0.5931751355886815,8,14
3.73933684210492,0.0,0.3543078412391094,5.14932284758052,0.5228185355331725,0.6566770607700003,1,0
2.7073772239293814,0.0,0.43797856049004597,2.282604988794699,0.27622499753540253,0.7835608939890397,223,0
2.7779138266394776,0.009689922480620155,0.2868217054263566,16.719072449960443,0.8473805603941724,0.5413069842992349,1,6
3.172106361527841,0.0009699321047526673,0.4713870029097963,2.0066960215877185,0.23040949995457274,0.8127375479764424,1,1
4.839167685496507,0.0023121387283236996,0.35953757225433525,4.715543077772058,0.6700613650297468,0.5987803927086165,144,1
2.2641698860093253,0.0,0.40460526315789475,3.372032952431571,0.3149428713552207,0.7604893123374775,730,0
1.5311657966540593,0.013812154696132596,0.36187845303867405,5.684443204263305,0.4344430697998342,0.6971346727197354,295,5
0.022224985715902465,0.9921875,0.0078125,236.30769230769232,0.022188366244268856,0.9782932706172411,2,758
3.437953075411367,0.009737098344693282,0.3349561830574489,5.989028514862375,0.6135457405234103,0.6197531156914181,2,4
0.0,1.0,0.0,0.0,0.0,1.0,15,424
1.7408480806139714,0.0,0.514763779527559,1.9339649979605262,0.2131661843690886,0.8242893783921726,5,0
4.870977417136472,0.0,0.3242424242424242,4.1876421234219405,0.6122255031936424,0.6202606260843222,43,0
4.018763850398394,0.0,0.438715953307393,2.742066928572933,0.4540082836929521,0.687753990960875,2,0
0.0,1.0,0.0,0.0,0.0,1.0,3,644
2.7473070624043894,0.0012970168612191958,0.4604409857328145,5.025251627645491,0.600380874736408,0.6248512562140595,239,1
1.6473065678542749,0.0029411764705882353,0.44313725490196076,2.3988649121873866,0.2106559188810036,0.8259985222921881,6,1
1.9202889159863104,0.006937561942517344,0.4103072348860258,4.381420581698125,0.3097626412433832,0.7634971165849413,6,2
3.3998268911507687,0.002904162633107454,0.41626331074540174,3.6419354547967266,0.45669738760250195,0.6864843779570752,1,1
4.969975609962105,0.0,0.40131578947368424,2.584921778306555,0.392335589586125,0.7182176534733644,730,0
12.365131574700307,0.0,0.4011142061281337,3.8228473565930363,0.765223113019138,0.5665006268185875,671,0
1.1917747041665694,0.00202020202020202,0.44545454545454544,2.1854840687777477,0.20057816988054014,0.8329320198279982,5,2
0.5535890857516721,0.016018306636155607,0.5377574370709383,1.686051215034693,0.17265458900310504,0.8527660313427147,597,1
0.8045885365690305,0.0,0.4684385382059801,1.7969993318350241,0.1666296155298768,0.8571700792507359,730,0
0.7380370793860774,0.21885521885521886,0.4107744107744108,14.263272120200336,0.45982171717571846,0.6850151550935109,730,3
2.9343170160557923,0.0754414125200642,0.5746388443017657,2.3399625019487496,0.332503837997417,0.7504668815835249,388,27
0.026782010519895507,0.0087890625,0.798828125,1.080483190219764,0.02111482459146084,0.9793217921403613,2,3
0.9274506645803462,0.0,0.4435754189944134,5.6911485268625865,0.1897893385584537,0.8404849224919076,136,0
1.4403419919057499,0.007751937984496124,0.47189922480620156,2.4084258376118672,0.24941405366826075,0.800375181521302,1,3
2.7921396549027664,0.0,0.43272023233301066,3.2305374244661307,0.31049723857785394,0.7630691393788787,1,0
0.8647088321998674,0.27166504381694256,0.3330087633885102,32.546078020134225,0.5905412758806117,0.6287167866463225,4,17
6.569893419464313,0.17963386727688788,0.5789473684210527,2.897580855111645,0.5286885966864754,0.6541554651271425,149,58
0.3077244984366944,0.8563049853372434,0.13098729227761485,23.12801678908709,0.27912199702148227,0.7817862583307646,10,98
5.427793882795157,0.0,0.3754152823920266,2.30455783361595,0.37234200175516774,0.7286813336041905,730,0
4.965329792553964,0.0,0.48612538540596095,6.094946752678378,0.7326827190048752,0.5771397088639091,59,0
0.06402957584861468,0.9735099337748344,0.026490066225165563,141.1214953271028,0.06357904881397262,0.940221604698897,730,154
0.3482149821423962,0.8256578947368421,0.17105263157894737,18.379591836734694,0.30844217532426704,0.7642676297499912,730,203
2.218973754376072,0.023421588594704685,0.5661914460285132,2.6597822618536133,0.439143054285925,0.6948579552407184,39,13
15.77645291927569,0.0009718172983479105,0.5947521865889213,2.074756961168939,0.3644423992704557,0.7329001213497053,3,1
1.9454156792246418,0.0,0.46710526315789475,2.654655276555354,0.28957150659010017,0.7754513765926881,730,0
3.312407151192571,0.0,0.3808139534883721,3.0523478210241337,0.3015183668096225,0.7683333754645919,1,0
2.1699353537437855,0.020750988142292492,0.4990118577075099,3.8076775136548964,0.4142043126012579,0.7071114061027156,4,4
5.551256978995979,0.0,0.428246013667426,3.525063271723292,0.560140164520476,0.640968050654192,129,0
3.325282988509171,0.0,0.41723136495643753,2.744629578025129,0.27602517137018473,0.7836836000078343,1,0
1.1859682439097576,0.5606207565470417,0.17943743937924345,17.054886489479514,0.7599714463559157,0.5681910363208085,1,209
6.226298650132506,0.002909796314258002,0.41125121241513096,4.230117974834479,0.5632573008217778,0.6396899598513418,2,1
2.6046884118651272,0.08932238193018481,0.5985626283367557,3.1863329734227497,0.5061744345928273,0.6639337231018237,18,13
2.0671816801311955,0.6539589442815249,0.08993157380254155,49.481861487724444,1.5050793978721286,0.39918894421048007,6,607
7.849849075313023,0.0010111223458038423,0.44792719919110213,2.689210227722511,0.44915423721222864,0.6900576724833121,44,1
40.671792927702896,0.0,0.5142118863049095,2.0672890924164067,0.7099145423942556,0.584824548365897,647,0
2.654293983865577,0.0,0.35269709543568467,11.719351818509182,0.6839720396809452,0.5938340877616148,69,0
0.0,1.0,0.0,0.0,0.0,1.0,122,758
8.072218290390545,0.48596321393998065,0.25943852855759925,15.561896749355398,1.7719800616628025,0.36075295556063236,1,134
3.5812078047967475,0.19666666666666666,0.25666666666666665,21.97575164464742,1.2612995473520754,0.4422235882773579,730,59
5.559006280262405,0.0,0.4144736842105263,2.6588999584767747,0.45677824606920336,0.6864462746463168,730,0
0.0,1.0,0.0,0.0,0.0,1.0,21,427
19.342604908258167,0.8599752168525403,0.09913258983890955,30.57220943050401,2.88726033389829,0.2572505863010113,224,118
0.20372655144838567,0.7859922178988327,0.20428015564202334,6.840775388176294,0.18506030351857883,0.843838914383417,2,331
0.0,1.0,0.0,0.0,0.0,1.0,8,758
12.685591726466544,0.00099601593625498,0.34462151394422313,2.214733900214836,0.38420939868620513,0.7224340485977989,9,1
1.4164873328733087,0.005946481665014866,0.40733399405351833,6.520714911122537,0.45120603325214703,0.6890820304536661,5,4
1.3794439296945789,0.0,0.5084745762711864,2.7373342069380744,0.28568537317638104,0.777795268471808,730,0
1.0555336125514831,0.6348684210526315,0.23026315789473684,23.285106382978725,0.7528911736641268,0.5704860718247937,730,19
4.653950220677972,0.0,0.47039473684210525,1.965027472710293,0.29400842189519844,0.7727924973899357,730,0
0.056146753043846545,0.0,0.26644736842105265,4.8669950738916254,0.05198140128313238,0.9505871480049656,730,0
2.35735090547051,0.0009970089730807576,0.44865403788634095,1.6296287746687457,0.19275857623745513,0.8383926302626051,13,1
1.9933451772478994,0.0,0.4440789473684211,1.9113997649532999,0.17130574260286127,0.8537480553777635,730,0
120.96309484080899,0.0,0.5,1.8473454935546114,0.30931489012091945,0.763758212440131,730,0
7.713127076838335,0.0,0.3026315789473684,4.541321982170106,0.7122174055836918,0.5840379829914776,730,0
1.4128214213157912,0.0,0.41946308724832215,2.61208485004112,0.3345160484710001,0.7493353123371829,139,0
3.1685786949950483,0.0,0.2684563758389262,4.003938284394745,0.6043074611417043,0.6233219156684284,730,0
0.15256518010070932,0.058823529411764705,0.36678200692041524,3.8976023976023977,0.12631449335101413,0.8878514889964677,730,2
4.393900291729424,0.07587548638132295,0.39202334630350194,3.3095460307712883,0.5937968491464083,0.6274325366721432,2,49
4.222730646697607,0.05503512880562061,0.5163934426229508,2.3950735643660854,0.33056794323656646,0.751558764874141,158,34
5.784669639567603,0.05921052631578947,0.4901315789473684,4.213504754915181,0.6853580151872665,0.5933457407795258,730,13
0.25211932678099014,0.024024024024024024,0.4124124124124124,6.634498025607276,0.18890796190913325,0.8411080016607954,16,10
0.7383363118001743,0.007881773399014778,0.47586206896551725,2.769401543311001,0.2690672034802195,0.7879803348929477,4,4
10.734344049158272,0.0,0.3525641025641026,2.741938548653733,0.5053559767470894,0.6642947020151946,409,0
2.9850455215637908,0.038348082595870206,0.4169124877089479,4.058778582582136,0.49595761777440467,0.6684681358070421,4,17
4.460736902898428,0.15743440233236153,0.47230320699708456,4.366640741987532,0.6502209532520241,0.6059794587078416,2,27
4.250926715035834,0.05241090146750524,0.3280922431865828,7.190501768049775,0.8150903219742384,0.5509367704149948,35,50
1.7191491076854808,0.004911591355599214,0.3948919449901768,2.974325146358957,0.23504789906963888,0.8096851958157247,8,2
4.355072018924055,0.002926829268292683,0.48878048780487804,5.988873632679635,0.5435004826784211,0.6478779962962563,4,2
4.175281256463369,0.0,0.3472356935014549,3.543359765171127,0.39702602518019375,0.7158062784628627,2,0
0.21182505237850707,0.03491755577109602,0.31619786614936957,8.184741657696447,0.17416155938167152,0.8516715540633206,2,5
6.312410068484704,0.0009718172983479105,0.36151603498542273,4.241457858769931,0.5540772666877157,0.6434686494908655,3,1
0.0,1.0,0.0,0.0,0.0,1.0,4,260
26.105872436155455,0.016488845780795344,0.2997090203685742,104.60689782933653,3.0384794122527716,0.2476179516889436,2,16
8.52404680023061,0.0,0.42857142857142855,3.540164577479635,0.4094499477980269,0.7094966384313913,3,0
21.685851272309325,0.0,0.36661698956780925,2.4431296370570865,0.4211114221626188,0.7036745918755758,362,0
4.563887043250479,0.0,0.2821917808219178,3.2399214771401748,0.47211598731055204,0.6792943005985056,669,0
6.254563681248825,0.0,0.5321944809461235,2.708980573738769,0.5991549612453022,0.6253302676941794,232,0
4.6526967911377115,0.003952569169960474,0.4614624505928854,3.0343082440623674,0.37443244254971636,0.7275730469115639,11,1
3.4891612786364243,0.24913892078071181,0.4397244546498278,4.5877510976280105,0.811415523576333,0.5520544496746221,161,20
1.7351220217572498,0.0,0.3644752018454441,4.206759069452541,0.42668750240765124,0.7009243427957549,154,0
10.17948431791173,0.36022253129346316,0.3379694019471488,5.842338002283424,1.1987338325286472,0.4548072100432243,315,233
0.8381467758608719,0.006802721088435374,0.4956268221574344,2.4575453106106666,0.21439229397601592,0.8234571356887661,2,2
1.5817567667645542,0.029106029106029108,0.4875259875259875,3.3580193930535134,0.2684235239709537,0.7883802066910418,21,12
4.309799839869095,0.0,0.4160919540229885,3.8800158469636084,0.6076337953046028,0.6220322084051033,161,0
2.2294940027069603,0.00682261208576998,0.347953216374269,3.9700785883713667,0.43324681130141834,0.6977165357109562,2,3
0.06957668868813177,0.0,0.246588693957115,8.857222938505522,0.059271234894032,0.9440452709924088,4,0
1.024732790426582,0.2222222222222222,0.39018087855297157,9.507309721175584,0.6078657110592999,0.6219424875608401,647,27
1.5044953847818203,0.01744186046511628,0.37209302325581395,2.839476437029158,0.46947527412926987,0.6805150230190466,1,3
4.530473455505821,0.0,0.32941176470588235,3.1119045233286045,0.3727575598503461,0.7284607488222589,443,0
3.952711040688601,0.5148771021992238,0.46183699870633893,5.462770671672117,0.91021214366215,0.5235020640602027,224,30
0.7819827198197881,0.019550342130987292,0.41055718475073316,3.6946831135686935,0.34540200875440646,0.7432722662022893,4,6
1.9905176896668106,0.0,0.45394736842105265,2.149342795795172,0.2774635023585373,0.7828012292748358,730,0
5.706131113203583,0.0009852216748768472,0.3448275862068966,4.680021104781664,0.4748364867553997,0.6780412669339181,10,1
3.370870849982091,0.0,0.33881578947368424,2.4016323977114427,0.3356154553862687,0.7487184997502095,730,0
0.0959566218003048,0.8980263157894737,0.09868421052631579,14.08,0.09304884538211375,0.9148721982780329,730,163
3.1097997203302308,0.24151309408341415,0.4917555771096023,4.304253127840805,0.6628304145963251,0.6013842369143602,2,42
7.53198194123183,0.0018148820326678765,0.4809437386569873,2.356359943700715,0.6415032761487964,0.6091976875892349,483,1
2.927076419230451,0.0,0.4141315014720314,2.385746287194093,0.30079850172055106,0.7687585730436434,5,0
4.4286283006554745,0.0,0.3310546875,4.734691273347901,0.7508834229450422,0.5711402523407115,2,0
8.190166337817601,0.189873417721519,0.35097813578826237,5.342129769353801,1.007386274667271,0.4981602258717009,161,62
3.9466101849099884,0.03394762366634336,0.4296799224054316,3.7978249527420123,0.46989205882228874,0.680322064465892,2,34
10.633397069641623,0.002926829268292683,0.4351219512195122,2.911464570845027,0.37254167535875604,0.72857532703961,3,1
0.0,1.0,0.0,0.0,0.0,1.0,9,424
9.867111935621093,0.0,0.3853658536585366,4.983212833939198,0.6087404116583748,0.6216043264364491,6,0
11.79686736028854,0.0,0.5296052631578947,2.378189797750411,0.40177455097879183,0.7133814772865923,730,0
1.8292650778350767,0.0,0.3092105263157895,2.46764712094225,0.3224813901763849,0.7561543076735665,730,0
4.394441281429819,0.010542168674698794,0.30873493975903615,3.533697046835836,0.5286574636458572,0.6541687878296777,270,5
3.5407915652040662,0.0,0.48214285714285715,2.6371071075375156,0.31107083602216373,0.7627352943293562,131,0
4.2135384043749005,0.05107252298263534,0.4453524004085802,2.9094915258459513,0.4579561875323232,0.6858916670826433,14,50
1.3044270545084025,0.013631937682570594,0.21421616358325218,11.590926323771008,0.6516773370401808,0.6054451299743617,3,12
2.3335178777888914,0.9081632653061225,0.06462585034013606,38.30005339028296,1.545724261152519,0.3928155202273449,730,132
4.91280078431865,0.6529411764705882,0.15490196078431373,23.774771311358858,1.7167797126987576,0.36808284283256576,6,198
4.006651302933697,0.0,0.35121951219512193,6.293061211991304,0.7337559872479515,0.5767824349880591,3,0
1.700717828604823,0.0,0.45394736842105265,2.8349606597781776,0.45039568950437847,0.6894670242309633,730,0
2.2791106992190566,0.0,0.40460526315789475,4.017439712294013,0.35938422130142605,0.7356271937911973,730,0
2.8728714498149266,0.0,0.47039473684210525,2.691675529343517,0.3848776956965488,0.7220854253826597,730,0
2.830453331206276,0.7749360613810742,0.0959079283887468,23.79593486351313,1.6087848825823743,0.38332022186901193,224,78
0.7404195013228246,0.04032258064516129,0.4838709677419355,2.497601481190563,0.30377692247433374,0.7670023780618697,730,7
3.0392684259246017,0.0021482277121374865,0.31364124597207305,8.164277809106508,0.6662347406190602,0.6001555336845682,101,1
1.5682726659368527,0.0,0.3256578947368421,3.844143582134848,0.5314341501541653,0.6529826959254714,730,0
0.9216504122330168,0.0,0.4769736842105263,2.084089308645044,0.22067808616524137,0.8192168036222381,730,0
0.23155026063730422,0.8592375366568915,0.05180840664711633,121.91191709844561,0.22476554885941682,0.8164827961819031,6,29
5.296697516984884,0.0334075723830735,0.5133630289532294,2.509812367212417,0.5190868540111433,0.6582902072778154,134,26
0.055316819679147394,0.001943634596695821,0.272108843537415,4.52753755120619,0.04189835298652436,0.9597865253684048,3,1
4.061473145390259,0.0009900990099009901,0.41386138613861384,2.512610734474533,0.34036065482295835,0.746067855992151,11,1
2.3882554417475936,0.013013013013013013,0.32232232232232233,4.391240582995817,0.4090053359320468,0.7097205202125848,13,12
0.0,1.0,0.0,0.0,0.0,1.0,730,283
3.107020015595627,0.1831537708129285,0.25367286973555336,7.527212292687415,1.149405575496078,0.4652449083599321,4,3
6.383634237424027,0.0,0.3835616438356164,2.594801844075881,0.3520207341657142,0.739633627451036,4,0
0.0,1.0,0.0,0.0,0.0,1.0,5,636
4.835249748608171,0.0,0.3536269430051813,7.1695318748090955,0.7375919676742474,0.5755091060523788,224,0
6.700106656001553,0.0087890625,0.5009765625,5.879667662946613,0.8248466199891307,0.5479912607701551,4,4
0.08313009914032471,0.0009852216748768472,0.42167487684729066,2.870127247020804,0.06955834154473849,0.9349653601464348,5,1
2.3914183858985867,0.1549851924975321,0.5162882527147088,4.268592207604714,0.5584669634963664,0.6416562066587121,2,121
10.69394161115935,0.0,0.3191699604743083,3.526005896173228,0.5273249526624455,0.6547395158160624,9,0
0.8894102484025882,0.004849660523763337,0.34626576139670223,6.373596180925233,0.3300847244091361,0.7518318056349608,1,2
12.046577832501766,0.0029154518950437317,0.3663751214771623,4.575857483456216,0.6586159098230991,0.602912340390281,2,2
1.2466258767973653,0.921875,0.0654296875,32.43217010951119,0.9546330777069435,0.5116049714932376,3,369
0.48977852832588153,0.7190860215053764,0.15591397849462366,131.80524799029274,0.4499095293105032,0.6896982051532171,278,43
2.360364617118377,0.0,0.36486486486486486,2.7169091103144756,0.3698984687009491,0.7299811065182681,730,0
6.164048865996337,0.0,0.5278592375366569,2.170481089608683,0.3201435147487596,0.7574934003976932,4,0
7.300125138810888,0.02066929133858268,0.4074803149606299,5.440159923547187,0.46173438408136,0.6841188186378053,4,6
3.8694707666841355,0.005964214711729622,0.3956262425447316,2.4705434436221023,0.3702360352636268,0.729801270923082,6,2
2.066242906086123,0.011707317073170732,0.3326829268292683,6.748778977378949,0.4761078192273727,0.6774572879936521,2,11
2.6895448424849238,0.053735255570117955,0.5137614678899083,4.540914009416949,0.42170602247649047,0.7033802939500007,260,16
3.8741071173599826,0.0,0.40688775510204084,7.14912635256379,0.6506236716249905,0.6058316121296924,239,0
9.204923023271578,0.025896414342629483,0.3157370517928287,5.127425706350453,0.7942050050715264,0.5573499110599877,5,15
10.534327482161503,0.0,0.38506417736289383,2.943592000469127,0.49007431262291506,0.6711074686199657,162,0
6.357457602506528,0.0009775171065493646,0.3519061583577713,5.228581815714084,0.5736203747030264,0.6354772828794365,4,1
7.447925685659737,0.24067164179104478,0.376865671641791,5.139115018633091,0.9061682928714864,0.524612650278419,322,36
5.280807146611848,0.0,0.3468286099865047,4.092729520487738,0.5493496654746844,0.6454320946935006,278,0
4.733115694028762,0.0009746588693957114,0.4064327485380117,3.481086965174818,0.38594443286460406,0.72152964887135,2,1
6.229106919841584,0.0,0.4058192955589586,2.3639394128586475,0.39023837913160253,0.7193011033292285,223,0
0.0,1.0,0.0,0.0,0.0,1.0,730,279
4.392040234591271,0.0,0.3190789473684211,3.853727396984023,0.6390990787281712,0.6100912464522472,730,0
2.658406730758627,0.0,0.42605288932419194,3.777109460724448,0.3631878127247394,0.7335746334184138,4,0
4.001595278244075,0.7285714285714285,0.11071428571428571,34.19854755203446,1.973346973191393,0.3363213271159761,730,47
2.0655882405476578,0.10925196850393701,0.4448818897637795,5.774729297522254,0.5811629842420372,0.6324458705181304,7,24
7.592116511431095,0.01107419712070875,0.36766334440753046,2.378618319329216,0.3834241440828113,0.7228441142054699,92,6
7.04972576238958,0.0,0.40397350993377484,3.467241744112238,0.6309975193733505,0.6131217173059911,730,0
0.0,1.0,0.0,0.0,0.0,1.0,175,308
2.417301505686409,0.0,0.4342105263157895,1.6488897507999611,0.203892074083467,0.8306392421108912,730,0
7.517167058192814,0.0,0.43089430894308944,3.521170390721304,0.7149753988882033,0.5830987433687312,295,0
0.0,1.0,0.0,0.0,0.0,1.0,730,297
12.039836328730276,0.0,0.3959341723136496,2.964171565617142,0.46930803197075943,0.6805924817947915,1,0
8.677463659923582,0.013245033112582781,0.4966887417218543,1.9454420691760523,0.3401098520334377,0.7462074832765639,730,4
4.343965862182048,0.0,0.569078947368421,2.2161214345348124,0.2795540106446131,0.7815223051789901,730,0
4.997318863832838,0.009868421052631578,0.3684210526315789,4.915327289582355,0.7730355556147316,0.5640044819367926,730,3
6.48551923547531,0.032953105196451206,0.4055766793409379,2.6897152780266573,0.5118646101143071,0.6614348886203463,242,20
6.016786935280876,0.0012422360248447205,0.4360248447204969,7.593617223666689,0.6255053985480599,0.6151932813592769,227,1
2.0225734394685233,0.3373015873015873,0.3551587301587302,6.544783956150911,0.7933759425090171,0.5576075692199557,16,53
3.171720888625803,0.0,0.4672131147540984,3.2805345952167797,0.3649507190669898,0.7326271828213319,170,0
5.547003773591037,0.5682870370370371,0.3819444444444444,9.415915627996162,1.1130335726288707,0.47325324734707286,161,117
1.6957696746306137,0.06352683461117196,0.5432639649507119,2.5784190136071103,0.35351363557101506,0.7388178247484917,106,55
9.292488014898638,0.0,0.41118421052631576,1.2879576329725995,0.1071586509570285,0.9032129217755733,730,0
4.265818862970283,0.001949317738791423,0.43859649122807015,3.1862584112075893,0.415070358944432,0.7066786422874035,4,1
6.918769457259192,0.017,0.469,3.295612582861462,0.6097395417908197,0.6212185102240265,10,6
1.6004325917098488,0.7240038872691934,0.20602526724975703,15.511976175281859,0.9496555297231696,0.5129111193001306,2,119
17.26490105776204,0.0009852216748768472,0.39408866995073893,1.9935951962232186,0.42475252058948215,0.7018762806513629,10,1
3.4440826175357584,0.0,0.42524916943521596,2.8937753480840787,0.4564671577178437,0.6865928934277601,730,0
2.165721111395929,0.010804321728691477,0.42737094837935174,4.2944893275910845,0.30459543959113805,0.7665211525753924,176,2
7.489175724092475,0.0,0.347682119205298,3.300333051585149,0.6512926813515577,0.6055861636723996,730,0
3.9216830792234325,0.0009784735812133072,0.3913894324853229,4.1057030600246645,0.41152656590254366,0.7084528369188647,2,1
6.498111051258922,0.020689655172413793,0.4666666666666667,1.9583031621154299,0.3448741630082051,0.7435639909708779,597,3
2.9283715623866016,0.0010214504596527069,0.390194075587334,3.3065007980905694,0.3442540889691602,0.7439069802397617,40,1
9.97773405969501,0.047097480832420595,0.4665936473165389,4.095833402078703,0.6678091328578749,0.599588993907504,119,17
0.5263248614269496,0.015609756097560976,0.4604878048780488,6.77640354777562,0.28701704757484137,0.7769904850012089,4,4
5.41583473192734,0.0011173184357541898,0.3553072625698324,4.05772337149709,0.5183287549510529,0.6586188904999283,134,1
12.342314952793346,0.0011185682326621924,0.41834451901565994,3.681305666271877,0.7593990046625936,0.5683759041297023,131,1
0.6898733322902728,0.00303951367781155,0.4690982776089159,2.0011699832812044,0.17041412631688918,0.8543984368565715,40,1
2.3276473616290803,0.0,0.5458984375,1.7433435951977254,0.21466515166162572,0.8232721574600455,5,0
9.798816077025101,0.023529411764705882,0.6411764705882353,3.325526258151466,0.5051694335851704,0.6643770313738667,443,8
0.03449943496683278,0.7397540983606558,0.12807377049180327,31.86567164179104,0.034124623528081724,0.9670014399118938,41,33
15.352627984421105,0.5977482088024565,0.28249744114636643,9.630077588700315,1.6864020512682059,0.3722450999201391,21,225
8.770505824172648,0.0,0.4144736842105263,2.5876380515555772,0.39002948670834103,0.7194091992739304,730,0
3.9907976098444435,0.016018306636155607,0.36384439359267734,4.662180758768923,0.6682601477938415,0.5994268947336725,597,1
3.934253440486507,0.04775828460038986,0.4502923976608187,2.459085719030912,0.3786697714721811,0.7253368578119855,7,49
7.436183476950931,0.04831932773109244,0.3077731092436975,4.152898485798763,0.8745165768244859,0.5334708758319141,10,23
7.675340182922517,0.0,0.3116504854368932,7.046948262183225,1.218550210846384,0.4507448130364815,3,0
3.6281701626248,0.0,0.40066225165562913,2.5633417291543856,0.40168024499972127,0.7134294740668182,730,0
2.850140062619929,0.03313840155945419,0.4093567251461988,3.772390043441402,0.40115228444979184,0.7136982975356476,2,34
1.322310340557983,0.0,0.3059210526315789,18.874210574488206,0.6362795693521801,0.6111425081203637,730,0
5.483558260283182,0.005825242718446602,0.3504854368932039,3.647292390619031,0.6570932808205749,0.603466329611095,2,4
5.1502265360630926,0.6306620209059234,0.3519163763066202,5.734045233942147,1.1321722400790268,0.46900526195901326,142,150
0.5963152191010737,0.0,0.5016611295681063,1.9115057954926813,0.16685340412127758,0.8570056842342335,730,0
11.438642774520053,0.2316950852557673,0.39618856569709127,7.990970310544875,1.1651335151406308,0.4618652812896149,6,21
31.646136968622205,0.26719056974459726,0.381139489194499,174.67248620943155,4.700623101747484,0.1754194203250268,7,84
15.323447025401272,0.15711462450592886,0.32608695652173914,6.676093605601826,1.0441400849667135,0.4892032631982186,7,62
7.083308066720683,0.041379310344827586,0.4459770114942529,1.8579605371986267,0.37700589373485816,0.7262133042057622,597,9
1.2580126940866694,0.006622516556291391,0.5231788079470199,2.7529970029970032,0.26696261286059797,0.7892892732976238,730,1
1.411163543271583,0.01652089407191448,0.4314868804664723,2.0568544102019124,0.23546623176567308,0.8094110338983889,2,3
4.906335811550219,0.27184466019417475,0.3941747572815534,7.5846189212555535,1.0042658247112963,0.49893581363841527,1,33
0.007751469994729233,0.9906166219839142,0.00938337801608579,248.66666666666666,0.007747108351957355,0.9923124479467604,278,349
0.9136720359089198,0.05341246290801187,0.4352126607319486,5.210287748797618,0.393419918099738,0.7176587524051901,6,16
7.872499563239334,0.11907066795740562,0.49080348499515974,3.4620850326015287,0.7215715755042019,0.5808646089588967,1,35
11.59700247546735,0.0,0.3321917808219178,3.952270336296432,0.7457337423911988,0.5728250395333835,730,0
3.06619371141708,0.0,0.39473684210526316,3.4925097204900593,0.39687603017511863,0.7158831409503358,730,0
3.8565871622248102,0.00202020202020202,0.494949494949495,3.2288414949832993,0.37632954481949116,0.7265701762808211,24,2
2.22610407700231,0.0009852216748768472,0.2896551724137931,3.3783561859294626,0.4232565128911023,0.7026140340427257,10,1
7.440858967535552,0.05141388174807198,0.32904884318766064,2.4059194077159414,0.5138979336398907,0.6605465122709315,639,3
0.0,1.0,0.0,0.0,0.0,1.0,226,516
0.4262844871914712,0.07976653696498054,0.3151750972762646,18.16862505231304,0.32736488262838304,0.7533723492969385,3,18
10.629490377698984,0.0,0.39473684210526316,2.7213159650497767,0.4507652902260813,0.6892913738266816,730,0
2.21200738216106,0.0,0.46586345381526106,1.8376857541109584,0.24447024765191078,0.803554767088099,200,0
5.635339794106969,0.2543171114599686,0.45682888540031397,3.899852167635026,0.8124625589526627,0.551735535203471,242,87
3.9685936540712956,0.02390438247011952,0.4750996015936255,2.270364936618415,0.32398553202823976,0.7552952625306111,4,6
0.1963427887826936,0.9868421052631579,0.013157894736842105,217.04803493449782,0.19342863370905064,0.8379219098272388,730,299
0.11517210011749823,0.805921052631579,0.14144736842105263,33.97302504816955,0.11136942056021204,0.8997908179765521,730,24
5.788689046864268,0.10864978902953587,0.47257383966244726,3.2558623130127073,0.6293749137170428,0.6137322918018486,79,28
3.8821359281290886,0.0,0.37740112994350283,2.5965511534465486,0.29212321095766924,0.7739200035411798,146,0
3.9632055682731133,0.11100292112950341,0.6037000973709834,3.133154865065611,0.4317098338392477,0.6984655524216228,2,11
1.72518693418334,0.0,0.4748283752860412,4.918106120010455,0.4244850596763151,0.7020080647439217,86,0
5.623895971789592,0.0,0.40460526315789475,4.622437481190115,0.5407694906355878,0.6490263508446593,730,0
0.0,1.0,0.0,0.0,0.0,1.0,9,691
0.11691549622344065,0.37673956262425445,0.3697813121272366,8.350420639371846,0.10739806346233967,0.9030176528153265,9,21
2.691077061152399,0.04655674102812803,0.5169738118331717,11.950775095677038,0.63219907034011,0.6126703648909839,1,9
1.2391872113240945,0.0009765625,0.240234375,6.848860219475212,0.4917485794654682,0.6703542498819243,4,1
2.92430217023448,0.3860182370820669,0.47416413373860183,4.031616588897126,0.7719985027018422,0.5643345626281608,191,74
2.6443185899408617,0.2598684210526316,0.20394736842105263,10.007182188173331,1.1138601237938506,0.473068198195276,730,8
399.89831272348874,0.09886714727085479,0.0010298661174047373,761.5719340372099,23.02683341770988,0.04162013289953192,17,47
5.772604354851441,0.0,0.5296052631578947,2.3368785502337164,0.43422049222053527,0.6972428614875998,730,0
1.326634227190402,0.0,0.40728476821192056,6.541743638638937,0.6283421734128499,0.6141215380450998,730,0
2.5830166119929476,0.0,0.4033041788143829,2.27618766042655,0.3138007926400802,0.7611504008842176,2,0
3.866241331894534,0.0,0.41333333333333333,3.085996664494043,0.38957778207387683,0.7196430548188162,409,0
0.0,1.0,0.0,0.0,0.0,1.0,3,578
6.594762941620569,0.2602602602602603,0.43343343343343343,4.427650534382533,0.8543391721212109,0.5392756702950315,17,109
3.4946353248627986,0.5276967930029155,0.4305150631681244,11.529400437017589,1.0062850492746143,0.4984336599435642,2,239
4.283822454155045,0.0,0.412987012987013,2.5481531806713367,0.4087079978216633,0.7098703219874783,647,0
3.2458792891170245,0.0,0.4407894736842105,3.2463191693208007,0.4415075522457216,0.6937181830522511,730,0
13.870540277204608,0.3241525423728814,0.4279661016949153,7.365614756732438,1.106333597093538,0.4747586048951922,83,41
3.0974158845008812,0.0010548523206751054,0.47468354430379744,2.67344989337365,0.260783826449068,0.7931573827501007,79,1
3.67533953776042,0.0,0.3701550387596899,3.5148205162945083,0.39535515750504524,0.7166634205072512,1,0
3.446894681121331,0.005870841487279843,0.39921722113502933,4.02051435550555,0.4141684553956598,0.7071293353946418,4,3
5.579944480613125,0.0,0.4682274247491639,2.571913389935019,0.3694754627742325,0.7302065843328344,730,0
2.797882342974313,0.05627198124267292,0.3821805392731536,3.038205997457959,0.42400516613227746,0.702244643336574,158,34
3.127679226863386,0.0,0.3889427740058196,4.251686728429021,0.5783791514171706,0.6335613335377216,2,0
50.663475688690106,0.03578732106339468,0.3323108384458078,128.4220633563561,3.8006088186503986,0.2083069122639181,7,8
13.465467622837506,0.050454086781029264,0.41977800201816345,2.2005134727389994,0.36179190659955424,0.734326584813562,30,50
8.06553619179424,0.012526096033402923,0.35386221294363257,4.143079767370161,0.7385916250846085,0.5751781991652785,30,3
0.6774952701192168,0.0,0.46432062561094817,2.655732767275752,0.2225211295396476,0.8179817721241022,4,0
13.006502986802147,0.09463414634146342,0.4526829268292683,3.695024731859054,0.8473830424733247,0.5413062570181297,3,17
4.736870554871119,0.0009775171065493646,0.5620723362658846,3.652537320984979,0.6595471979944925,0.6025740040466862,6,1
1.4668512801588938,0.0029585798816568047,0.3915187376725838,3.0355142522807053,0.3279911084142149,0.7530170899970281,8,2
3.328834766582662,0.0,0.3733031674208145,2.1005908881841484,0.2719704113127835,0.7861818098173475,141,0
4.262315102316382,0.0,0.3669064748201439,4.039384923934093,0.5307477748337462,0.6532754882551499,477,0
3.0041643262718543,0.4506578947368421,0.3125,10.216715712920095,1.0904537918193737,0.47836503438312084,730,30
4.7060466945424535,0.31020812685827553,0.533201189296333,3.7240031866367733,0.6961678981688777,0.5895642766730607,13,44
7.605484196553728,0.1347305389221557,0.469061876247505,3.81773525323545,0.7702246551433413,0.5649000521456564,13,100
4.245189155659729,0.0,0.4074074074074074,1.8901799531156631,0.22847751491945786,0.8140157128277294,730,0
7.526841517744198,0.0,0.48026315789473684,2.8845217699352874,0.6394240615107116,0.6099703081571896,730,0
7.71454631370955,0.11242603550295859,0.35502958579881655,5.962501732181624,1.0417981757296846,0.4897643713696759,4,25
4.252191837396575,0.6735905044510386,0.2522255192878338,9.776383778950315,1.3398615707291186,0.42737570996065055,357,198
1.7217784891382326,0.05578947368421053,0.6221052631578947,5.224842202752266,0.41619646488536427,0.7061167181214127,77,10
0.5217760814705208,0.0,0.031496062992125984,42.310265911072364,0.42050234165383793,0.7039763122359497,265,0
4.760259030955308,0.0,0.3101761252446184,3.1821338270686907,0.3737227690168122,0.7279489155702868,6,0
0.0,1.0,0.0,0.0,0.0,1.0,137,304
2.001338628427536,0.0,0.44589308996088656,2.6512683206389784,0.2437196412388554,0.8040397263517612,227,0
2.1329433222738463,0.027149321266968326,0.4253393665158371,4.305179644830392,0.4037208902290359,0.7123923330918275,346,6
0.9654424827183251,0.0,0.44457831325301206,4.155065460564817,0.20974969849783653,0.8266172756576955,141,0
2.0691540291498796,0.2870264064293915,0.40298507462686567,7.9756140056528535,0.7445213947392634,0.5732231218347771,142,79
8.741810782216678,0.03161397670549085,0.5041597337770383,3.59928278731265,0.6741961135715242,0.5973015896367857,408,14
2.4902181557212524,0.014705882352941176,0.5568627450980392,2.9033525873876025,0.4192909290076888,0.7045771797464808,3,5
7.342239722080847,0.0,0.4179523141654979,3.0319726359299755,0.33389547426995403,0.7496839289804951,318,0
12.473088285144302,0.0,0.27040816326530615,4.453288650446146,0.7427630356814287,0.573801474742087,445,0
3.9888391552501443,0.0,0.40658276863504356,3.5258908611451205,0.3705409412079333,0.7296389111285102,1,0
3.862557695652942,0.1018981018981019,0.45454545454545453,3.4454986536605197,0.5296785358773125,0.6537321251137728,29,53
8.01885606690931,0.0,0.4342105263157895,3.2616550881022217,0.6271871616639085,0.6145574544586699,730,0
4.966233118845028,0.0,0.3333333333333333,3.670820887836028,0.5943809698862487,0.6272026691784618,739,0
0.9687342685325819,0.0,0.5,1.5847448413820093,0.13738091173606803,0.879212926541581,730,0
6.00241726144727,0.0009737098344693282,0.38558909444985395,3.2626410262604786,0.4319054287682513,0.6983701436625018,2,1
2.064763189960205,0.3772893772893773,0.5439560439560439,3.652455925025807,0.6346715354577641,0.6117436918114352,477,175
2.822244036397545,0.0564042303172738,0.5499412455934195,1.8765581628817913,0.2710869048678456,0.7867282686733128,158,38
2.3185525058458087,0.0009727626459143969,0.43093385214007784,3.3016742823564496,0.3542115747641893,0.7384370497454441,3,1
3.565012113744736,0.0,0.17526777020447906,21.612245124174894,1.2931354888075994,0.4360841323510226,3,0
18.08750531492201,0.4133042529989095,0.5321701199563795,3.791795295049748,0.9289238772838968,0.5184237759595223,83,91
0.8073676698624475,0.38266666666666665,0.5293333333333333,10.088018347486518,0.49070555871347066,0.6708232850912783,161,43
2.5139387438353094,0.019782393669634024,0.3827893175074184,5.916455077462016,0.7891991137993827,0.5589092864440838,6,4
1.952324157590217,0.026759167492566897,0.48562933597621405,2.672234294906548,0.25446336695036265,0.7971536087427004,3,3
6.392662908138781,0.0,0.39792387543252594,5.279406623910178,0.5812919708303388,0.6323942816676028,730,0
1.1856931566028217,0.0029211295034079843,0.45764362220058424,3.2923952219972645,0.2289279853494244,0.813717330813056,2,2
5.570940852043211,0.303236797274276,0.43270868824531517,7.458498709033001,1.00928759745972,0.4976888332283885,445,62
6.414675658323089,0.6974708171206225,0.301556420233463,5.39416799933893,1.2823014651818236,0.43815421198984034,3,596
14.635844917657971,0.0,0.6866666666666666,1.407615737871131,0.29789409920121035,0.7704788862322824,730,0
2.133017282067331,0.0,0.3233301064859632,7.766938826432304,0.47487728367235704,0.678022511479775,1,0
1.541645534854937,0.0,0.3424657534246575,4.330216986980782,0.40979562692548166,0.7093226712447858,730,0
12.115813139268221,0.0,0.3256578947368421,3.3695931268628256,0.609337441842822,0.621373724366295,730,0
5.959791463142072,0.023785926660059464,0.38949454905847375,7.2468205301993684,0.8277533719366299,0.5471197675539953,13,4
0.0,1.0,0.0,0.0,0.0,1.0,477,304
0.006965256471893239,0.9940944881889764,0.005905511811023622,406.4,0.006962515324127835,0.9930856261100379,9,292
8.651396204041987,0.16447368421052633,0.5230263157894737,2.948932544853162,0.7521576273304554,0.5707249076235085,730,17
3.4828229097779295,0.0,0.4400749063670412,4.3125228830785165,0.3518122725438793,0.7397476856147868,253,0
16.27116490133318,0.0,0.43333333333333335,4.728406894709552,0.7324624447278715,0.5772130894052807,730,0
24.094143886172105,0.001017293997965412,0.5930824008138352,1.582606825547081,0.18983900076079077,0.8404498418362429,29,1
9.00921562996208,0.0,0.39144736842105265,2.6759997583665576,0.48895994335374626,0.6716097397137437,730,0
6.002005150192814,0.06570512820512821,0.5080128205128205,3.104834829180527,0.5888870880771833,0.6293713426862608,409,7
1.410489392099517,0.7090103397341211,0.276218611521418,14.357445820760095,0.8297068516116857,0.5465356371809814,340,70
2.1769731310647655,0.0,0.4533333333333333,3.0334183540679818,0.250676285185478,0.7995674115238364,730,0
0.0003117398431942818,0.9990281827016521,0.0009718172983479105,1029.0,0.00031173681368200113,0.9996883603358739,2,378
3.5177723859699617,0.0,0.3059210526315789,2.886787088458841,0.3082261064391442,0.7643938575128242,730,0
0.12036304803217775,0.07894736842105263,0.4407894736842105,3.1795192007492976,0.09941413520019028,0.9095753528927585,730,5
6.542870390064022,0.006002400960384154,0.3289315726290516,6.596089828269485,0.7309097173598861,0.5777308833445544,171,1
3.486512175231523,0.0029154518950437317,0.3838678328474247,3.708349961474302,0.35609459819623573,0.7374116830272142,1,1
5.795683585681495,0.0,0.39704433497536945,1.9492615851433621,0.35360139210441727,0.7387699257942694,4,0
5.10943695099131,0.0249003984063745,0.5637450199203188,3.5848185587956105,0.7319295588048106,0.5773906882737722,7,3
7.016017676536751,0.0,0.35855263157894735,4.566107243836703,0.640895858912295,0.6094231968279039,730,0
5.3561412169385045,0.0019455252918287938,0.33852140077821014,3.884276277847009,0.48832497785135953,0.6718962692164607,2,1
9.923587721291739,0.0,0.2574712643678161,11.355308772548327,1.4447715443418867,0.4090361744901576,154,0
0.09850672707420415,0.8543046357615894,0.11258278145695365,28.140909090909087,0.09571760481470287,0.9126439108086708,730,197
68.5530635329216,0.0,0.555921052631579,1.6524163717328064,0.3525594540913161,0.739339033840716,730,0
3.7916436573028127,0.02199074074074074,0.49537037037037035,3.016532044991319,0.5315733302897433,0.6529233568012182,129,2
1.4124227037062682,0.0,0.5,2.7368752329288997,0.22143852577398457,0.8187067780315294,131,0
0.7207984441294845,0.7215601300108342,0.27735644637053086,8.788118546332305,0.5134058447594352,0.6607612911386344,107,590
4.960021690342549,0.0,0.25535714285714284,5.327044869214006,0.7528342683889665,0.570504592495845,280,0
2.341146754303236,0.19581464872944693,0.42152466367713004,6.431498459596897,0.6853006303452543,0.5933659443271778,357,72
0.015466481377631382,0.7960526315789473,0.20394736842105263,41.142857142857146,0.01539911027019926,0.9848344260749828,730,34
0.0,1.0,0.0,0.0,0.0,1.0,3,534
3.03972872617007,0.7029411764705882,0.17352941176470588,35.762017083839055,1.6375945686952535,0.37913332544306566,3,108
0.8332069220025526,0.03051181102362205,0.5374015748031497,2.0597515837140405,0.24138667250870938,0.8055507781303203,3,6
0.0,1.0,0.0,0.0,0.0,1.0,108,734
1.66430440864659,0.0,0.4469328140214216,2.315617413597139,0.1761729599363483,0.8502150908605461,2,0
3.3126958818567838,0.0,0.21453287197231835,6.5566609051917295,0.8946956776380641,0.5277892443638255,730,0
1.024374732108236,0.9504504504504504,0.04954954954954955,30.837041491280814,0.8364088069735127,0.5445410609024722,738,113
6.724784849470311,0.0048543689320388345,0.1650485436893204,7.867483383059745,1.2552856970607278,0.44340280315850067,1,1
3.370706402742767,0.0,0.4186046511627907,2.3715252339833555,0.30957564349968436,0.7636061383423561,170,0
2.374074557848376,0.20295698924731181,0.6021505376344086,3.2376749298639935,0.5550738096109487,0.6430562934181123,265,38
4.966552904101373,0.007804878048780488,0.44390243902439025,3.797750207077139,0.4573898242580059,0.6861582147447237,2,2
4.349669338924656,0.125,0.52734375,2.6000230825912873,0.4999659214117891,0.6666818130499831,3,73
2.5566105299760347,0.0,0.3783783783783784,2.3771242514911965,0.34873113915531795,0.7414376156735576,133,0
1.3462035996284736,0.0,0.43672014260249553,2.827242900780631,0.30141532874287535,0.7683942073787984,268,0
5.919994596867132,0.1590909090909091,0.5227272727272727,3.241863242759033,0.5841925232397815,0.6312364092938224,680,50
5.41995480471797,0.774,0.205,22.21808889892696,1.6635476845856505,0.37543912045845834,5,34
3.7971756328816157,0.20392156862745098,0.4931372549019608,3.7792156178308054,0.6706014702461995,0.5985868070932729,3,38
5.838923031201506,0.005870841487279843,0.2827788649706458,3.4006015879624973,0.49050286193866915,0.6709145118308051,8,2
0.9777398294382065,0.0,0.44616876818622697,2.67963638691505,0.24259957743328625,0.8047644777616938,2,0
3.5252605857557655,0.00484027105517909,0.43756050338818975,3.1023471082212963,0.3262475013649547,0.7540070755803985,1,2
3.2031473018280368,0.9106699751861043,0.062034739454094295,81.00423625651263,2.1218474984576803,0.3203231421438878,222,242
6.096585189231348,0.0,0.3639883833494676,3.2394838882523342,0.4639424228331554,0.6830869741889906,1,0
0.5785781899400435,0.01296111665004985,0.5094715852442672,2.4501870484682837,0.20514998763044323,0.8297722360402562,6,5
4.0909299959688745,0.0,0.39585389930898324,3.577574084904338,0.5132135395935852,0.6608452632987789,12,0
2.105647111211016,0.6242718446601941,0.2912621359223301,23.247892322260938,1.024142591478142,0.49403634121929335,2,43
15.84339169851521,0.0,0.32623426911907066,2.717626314535791,0.5770274440235749,0.6341043738900533,1,0
6.912695923345306,0.03434739941118744,0.4268891069676153,3.8213359031970664,0.5732414783992997,0.6356303299462036,3,9
3.2065203795256685,0.019627085377821395,0.43473994111874387,2.0256971949304554,0.28221779611017833,0.7798987060027297,3,14
3.569339176901241,0.0,0.42105263157894735,3.3962000126169216,0.5299039941485173,0.6536357861831451,730,0
3.6583842146953325,0.01579466929911155,0.3859822309970385,4.936541813395938,0.610198541409895,0.6210414270555709,8,6
4.27705569704776,0.0009746588693957114,0.39571150097465885,3.7674144123796975,0.3654884617384998,0.7323386670926749,3,1
4.248810948242498,0.15384615384615385,0.5384615384615384,4.370419051135314,0.7128132670887705,0.5838348051213296,331,44
2.606190916382227,0.002909796314258002,0.35499515033947626,5.027629274090548,0.5163193773363892,0.6594916710466558,1,1
3.4831193316969506,0.0009784735812133072,0.4461839530332681,2.935881635775591,0.35267167281187234,0.7392776976849419,5,1
0.6818508936882729,0.9595551061678463,0.023255813953488372,171.56463044211947,0.6433046513820062,0.6085298907655424,6,99
0.0,1.0,0.0,0.0,0.0,1.0,2,716
1.566120315343219,0.7949465500485908,0.2021379980563654,14.285192784246847,0.9055719914182967,0.5247768147849984,2,544
16.286675968977768,0.01089108910891089,0.4,5.030353443242936,0.8077240565406621,0.5531817737236083,8,4
0.8484625423236555,0.022564102564102566,0.4112820512820513,3.173091824419199,0.2664777875091609,0.789591424233934,29,21
10.55142499495586,0.0,0.3157894736842105,2.977195400250166,0.48690358851131044,0.6725385611593023,730,0
0.6052893156682524,0.7913907284768212,0.20198675496688742,10.21977186311787,0.4799090924962253,0.6757171809203887,730,63
2.0849816044104474,0.0029702970297029703,0.47425742574257423,3.423310579209148,0.3242374452562315,0.7551515806944323,5,1
3.7680185875708982,0.010362694300518135,0.5119170984455959,3.136188041796031,0.4327669177959618,0.697950230131157,11,2
9.62026332125521,0.0,0.4243421052631579,2.42285811244043,0.45459788843058285,0.6874752176898424,730,0
2.723843867835628,0.0,0.4152046783625731,2.8605506070256554,0.27119888289488486,0.7866589669452139,2,0
3.5489111195104766,0.0,0.6040955631399317,1.4715979307435039,0.17419252542603608,0.851649093607683,445,0
6.914002280744696,0.8286544046466602,0.17037754114230397,10.66804426413248,1.7003736250572625,0.37031912573905196,1,758
5.78767217141661,0.024366471734892786,0.4522417153996101,3.814078167081822,0.6105710665671464,0.6208977801466725,4,15
3.8324123313193295,0.1951219512195122,0.49658536585365853,4.19829097856526,0.6162633214839547,0.6187110644086515,3,43
3.2527504846490385,0.0,0.3388189738625363,6.253161273905298,0.4690611285419375,0.680706868197182,1,0
0.8681326281342406,0.41118421052631576,0.47368421052631576,9.484891009448967,0.5096997160044984,0.6623833795548124,730,67
2.3153775340751324,0.022840119165839126,0.6097318768619663,2.372090081971748,0.3842883758148063,0.7223928319208703,7,5
8.529286255296556,0.0010548523206751054,0.4388185654008439,3.2929532753721173,0.5024160525583292,0.6655945923216076,79,1
4.016997772134125,0.0,0.4346563407550823,1.9272502496879642,0.23215587196470353,0.8115856303192184,1,0
13.625386655188436,0.0,0.34210526315789475,4.23475478587827,0.7097649965176381,0.5848757004832529,730,0
4.074558771537459,0.00682261208576998,0.3138401559454191,3.86099173282593,0.5011577163829628,0.6661525228738113,4,7
7.755104290151089,0.007782101167315175,0.42315175097276264,3.011832890606134,0.35729575167708316,0.7367591026232814,2,2
3.2113897717516044,0.0,0.34210526315789475,2.966050931204865,0.33262776511498726,0.7503970922545755,730,0
7.545768311616485,0.09050279329608939,0.5564245810055866,2.626370148738456,0.5461549491363251,0.6467657077698424,133,34
2.3670655158533016,0.0034562211981566822,0.42857142857142855,2.1867898788126228,0.26015628370616756,0.7935523656311597,140,1
6.138393438752497,0.049554013875123884,0.37066402378592667,3.9694525288384406,0.5229952282306607,0.656600875343352,13,50
5.284667436463501,0.0,0.3782894736842105,3.1630188018296583,0.4908669789373527,0.6707506532291508,730,0
0.490182875502139,0.0,0.49813200498132004,2.224429284427513,0.15769589913191548,0.8637846957476814,217,0
2.5242292868101233,0.7435897435897436,0.22008547008547008,13.907411209197292,1.1223913143951065,0.4711666473649349,87,438
3.0430474341855307,0.0009813542688910696,0.3758586849852797,4.536902948875676,0.6584668661551287,0.6029665231228458,6,1
3.206054473883522,0.0,0.5122428991185113,2.640980887012446,0.4435145914376404,0.6927536485821522,5,0
1.8555595094741444,0.001943634596695821,0.42565597667638483,5.421508322133774,0.5108766255107492,0.6618674106907649,2,1
2.7925298554829023,0.6242718446601941,0.3106796116504854,7.518414474993916,1.0133689000505182,0.49667996757817634,3,178
4.999626013716183,0.05192107995846314,0.3426791277258567,4.226879858855714,0.6861999850647605,0.5930494655778292,25,50
0.9381315879579345,0.18421052631578946,0.46710526315789475,3.5071058351446243,0.4302447013535469,0.6991810555589723,730,14
2.715565961132616,0.0,0.20109689213893966,3.6616179448195356,0.44706122901190654,0.6910557618096282,280,0
3.444458265188283,0.014822134387351778,0.3547430830039526,4.347284694071017,0.5321778863322482,0.6526657308661568,10,7
0.2061735942561986,0.0,0.498545101842871,1.24743426923869,0.0632310173596078,0.9405293710141813,2,0
9.612180346857068,0.07885304659498207,0.2843488649940263,6.084893290900025,1.0968440458837805,0.47690718914601915,186,46
3.9621269718222916,0.0,0.3917963224893918,3.3979384000604647,0.4774484996903668,0.6768425432152613,241,0
0.6711751145330852,0.9771863117870723,0.021546261089987327,83.22297099326106,0.6177322695175375,0.6181492567359331,242,625
0.18931167768727866,0.9807692307692307,0.019230769230769232,180.26245443499394,0.18604007550479057,0.8431418302407614,323,149
2.646610195623532,0.001182033096926714,0.4302600472813239,3.118553483850349,0.3281936454617889,0.7529022619682223,184,1
3.4671091923670976,0.7647628267182962,0.1819941916747338,25.466476303175295,1.628564969700304,0.38043571740743964,1,745
8.209551582836628,0.15313935681470137,0.49617151607963245,3.0947004785654184,0.6547171579444503,0.6043328886746037,223,13
2.1327165961170014,0.0,0.5548302872062664,1.8582077755814623,0.22830874092838127,0.8141275614827744,265,0
4.48886713352518,0.053864168618266976,0.3255269320843091,3.7345121421131626,0.5515380123918977,0.6445217532623452,158,20
16.759850876597923,0.010214504596527068,0.32788559754851887,2.1347201456554106,0.4914860752657126,0.670472233421185,51,3
3.2768948099313,0.3390357698289269,0.5225505443234837,3.6228340448349114,0.6869038982822299,0.5928019972081975,196,44
3.965092743073951,0.0,0.23684210526315788,12.509622950471046,0.9686034054083547,0.5079743320836968,730,0
2.3456696246850277,0.0009794319294809011,0.3770812928501469,4.144031470186374,0.4354289123958963,0.6966558854738998,3,1
5.573756970130663,0.15671641791044777,0.5659203980099502,3.8533839111994515,0.5638203600841778,0.6394596371325999,185,30
2.8766882819304076,0.004916420845624385,0.4886922320550639,3.814371992201879,0.3840070121535907,0.7225396917924175,4,2
2.6707337261973234,0.0,0.49029126213592233,2.42800982082834,0.3494215047104188,0.7410582953579035,1,0
6.477640332699992,0.0,0.14666666666666667,6.75792516714958,1.0706194664841235,0.4829472610426014,730,0
0.7234500253050336,0.74375,0.1515625,43.12114295375771,0.6105949124941927,0.6208885873427876,394,59
1.4766500903416435,0.011190233977619531,0.32451678535096645,5.762747329610794,0.5436465040733162,0.6478167102126281,34,2
3.6649311781907548,0.36237623762376237,0.44653465346534654,5.763143223504488,0.8051464936643892,0.5539716602002934,7,128
4.468550843728907,0.008045977011494253,0.4436781609195402,2.331762107737791,0.2878997022275158,0.7764579790417123,160,2
0.6326882167926215,0.48026315789473684,0.18421052631578946,31.112542494185004,0.5344333488147961,0.6517063779749084,730,10
2.8590568886219287,0.002973240832507433,0.11892963330029732,8.678322692226036,0.9811571363141587,0.5047555197264406,4,1
7.174186901843285,0.6842105263157895,0.2894736842105263,13.350181559758958,1.6383236440233762,0.37902855560018617,730,122
4.708827127544704,0.0,0.40789473684210525,2.593143309949425,0.3436415252371406,0.744246126081515,730,0
7.78872483877816,0.0,0.39072847682119205,3.218237521113635,0.5119867010526211,0.661381478622673,730,0
3.6898689917255556,0.0036900369003690036,0.44772447724477243,1.8794682533929286,0.27564142291409216,0.7839193538538336,200,1
0.24716916782359186,0.6324503311258278,0.3675496688741722,3.8641196612002155,0.20880329151227933,0.8272644581807393,730,146
14.104005244752331,0.16712328767123288,0.3178082191780822,10.544468825231656,1.279146115033209,0.43876081195673106,669,61
5.583481570897434,0.008483563096500531,0.3679745493107105,3.064742830740436,0.4727740488446288,0.6789907798718251,58,2
0.028199049524290195,0.9224652087475149,0.0775347912524851,23.524071526822564,0.027996727250817588,0.9727657428193477,9,281
5.044608809462625,0.03356481481481482,0.41203703703703703,2.4850966528770213,0.4022557865647501,0.7131366542261185,121,16
7.693643248532354,0.012596899224806201,0.2742248062015504,5.759196112499651,0.8234503298519614,0.5484108799833258,1,2
2.8354340802241196,0.0,0.4071914480077745,2.980451918652252,0.48234343405372837,0.6746075012221187,2,0
4.473487486133908,0.00390625,0.3515625,3.687181006424111,0.4133230580404478,0.7075523138966443,2,2
0.18972354313124587,0.7837573385518591,0.15557729941291584,126.06563140931733,0.18359241862283363,0.8448854388266087,3,92
0.47119902472376174,0.004849660523763337,0.481086323957323,2.177715904181268,0.15600211762313296,0.8650503184683689,1,2
0.10408592572147424,0.750242954324587,0.22351797862001943,51.256578947368425,0.10095428266730479,0.9083029293253478,3,94
5.757082879103559,0.037073170731707315,0.4507317073170732,20.008292265056742,0.6653028358562955,0.6004913811882161,2,33
0.6527995625694618,0.09329446064139942,0.47327502429543244,4.075915834090221,0.3028433374287565,0.7675519928386502,2,58
3.6382071932404236,0.0,0.3342696629213483,3.7076697844652298,0.46010719743999673,0.6848812208811095,428,0
0.5178728409362465,0.001,0.469,1.6842254557381118,0.15904062088250723,0.862782530640374,19,1
3.360017178189419,0.0,0.39473684210526316,3.1407505136503877,0.3177578198341235,0.7588647814860835,730,0
331.90041554570684,0.0,0.5855263157894737,1.5986559625213566,0.3684176318862417,0.7307710575327717,730,0
5.107367492255763,0.20114942528735633,0.49885057471264366,4.653544716740929,0.7534778739507756,0.5702951915480358,147,81
4.400155723223991,0.3156312625250501,0.5771543086172345,3.7306566831010146,0.7017960452299059,0.5876144810672091,20,59
1.7428951767990177,0.002944062806673209,0.48773307163886165,1.841619132796714,0.20732644799745503,0.8282763967099873,9,2
7.226321298723515,0.23684210526315788,0.43664717348927873,8.42738343235694,1.0595294488556608,0.4855478034342415,3,213
0.6654092082539067,0.0048638132295719845,0.3832684824902724,4.8162184335710645,0.2829502285742126,0.7794534641545176,2,1
0.025748948729100506,0.9047619047619048,0.09523809523809523,46.31223628691981,0.025572254145066087,0.9750653802872392,1,677
3.747746416654666,0.8745341614906832,0.06086956521739131,30.41510179877446,1.9936665645077556,0.3340385371757087,225,399
1.8688135915274626,0.0,0.46345811051693403,3.600946734684498,0.3305100832409354,0.7515914479686924,280,0
6.3523225558566025,0.0,0.33774834437086093,7.553582477651034,0.6533285922552469,0.6048404441103481,730,0
0.06867856166503471,0.0,0.2993421052631579,4.846376811594203,0.060446678477621744,0.9429988516118519,730,0
2.969121429310746,0.02056807051909892,0.3878550440744368,6.090639058359524,0.5147599767920856,0.660170598194554,4,2
11.130094553321912,0.36,0.48333333333333334,4.375914994096812,0.9605259592942319,0.5100672068427949,730,20
3.9105099386121287,0.17764471057884232,0.45209580838323354,4.896286558013861,0.7068882331432498,0.58586144106137,16,28
0.19076329611962725,0.016516516516516516,0.4069069069069069,3.3033757773171453,0.13571222356827012,0.880504743409489,346,4
2.7815361804982137,0.028684470820969338,0.44708209693372897,2.247697557928867,0.28460206463194193,0.7784511854155514,6,5
6.873921981993909,0.012670565302144249,0.37037037037037035,2.9102977733437845,0.40545275851868906,0.7115144880813882,3,4
0.2940300212396781,0.9825072886297376,0.015549076773566569,487.85922330097077,0.28882609910421436,0.7758998678681631,2,509
8.579947856645433,0.44131910766246363,0.3317167798254122,6.723909328816458,1.2521358025500753,0.4440229576154813,2,80
0.00031143732993214467,0.9990300678952473,0.0009699321047526673,1031.0,0.00031143430923079426,0.9996886626519011,2,697
3.7138573772341625,0.0,0.6195286195286195,1.5678421083371148,0.23227934639214984,0.811504309414733,730,0
1.5408870088162832,0.3484698914116486,0.6080947680157947,4.343585880667303,0.5361420283544612,0.6509814727686445,13,139
1.6458595718621756,0.23480333730631706,0.4791418355184744,3.3685132546710017,0.5988110218827878,0.6254647899677239,192,71
1.7971886318786747,0.7771260997067448,0.18866080156402737,14.035956456401424,0.9983893316889498,0.500402991620679,4,120
2.266056565265317,0.1264705882352941,0.5352941176470588,3.1825571849395557,0.48687438051527865,0.6725517724324824,5,65
5.659108508515599,0.0,0.3552758954501452,5.519892049958018,0.7075366805123307,0.5856389566401345,1,0
5.667538383744448,0.0,0.47813121272365805,3.0630177951214272,0.3581326625323121,0.7363050956564478,3,0
8.753525198465502,0.0,0.4522673031026253,2.619652713260653,0.4040052209727188,0.7122480636554777,157,0
0.024146643933731348,0.9965986394557823,0.003401360544217687,337.0243902439024,0.024113016937322155,0.9764547305438673,445,304
0.20766736986692855,0.8410596026490066,0.04304635761589404,73.65853658536585,0.20137926885596258,0.8323766073908284,730,22
3.39287458339608,0.1727541954590326,0.39091806515301086,7.39638408660466,0.7154387269370712,0.5829412524605339,5,83
7.830849101667086,0.003887269193391642,0.3945578231292517,5.465549577323919,0.4661508229786211,0.6820580695568601,1,1
0.0795053377575139,0.9676470588235294,0.03235294117647059,165.32416502946955,0.0787196844363744,0.9270248929614137,5,275
1.6639374382304264,0.06416584402764067,0.351431391905232,17.977173716483914,0.7560027560919196,0.5694751881970589,7,5
3.5283565614087617,0.0048449612403100775,0.4127906976744186,2.7249081936751676,0.3445432480071536,0.7437469947375613,1,2
8.107973693882911,0.0014245014245014246,0.2621082621082621,4.444072004163287,0.8261649795056484,0.5475956505697008,326,1
3.126548432889875,0.0019665683382497543,0.3815142576204523,2.934978409921351,0.4261138308770067,0.7012062980870449,4,1
3.7974019315699947,0.0,0.38741721854304634,2.463932877170664,0.379515248688406,0.7248923134055709,730,0
14.131393813437345,0.06806282722513089,0.34554973821989526,3.866865359915543,0.9588910862070738,0.5104929043994283,258,9
3.548646938618941,0.24198250728862974,0.25267249757045673,11.24030273897347,1.190316489066437,0.4565550252631403,2,25
4.338051315693048,0.0,0.33811230585424135,6.461565400993792,0.7600166095027653,0.568176456177034,129,0
4.241890691429678,0.30277777777777776,0.4666666666666667,3.0302109478981176,0.7614729254647052,0.5677067104146285,674,42
10.002873429232695,0.0009746588693957114,0.31773879142300193,3.4860957347458004,0.7413662603609941,0.5742617292887569,2,1
2.8677912392275986,0.0,0.4945054945054945,3.265493442117496,0.5090786781298625,0.6626559731393579,730,0
6.5510730327927575,0.001943634596695821,0.40233236151603496,3.566437401993454,0.4874969464425699,0.6722702876073491,3,1
9.00912840887788,0.3048543689320388,0.4475728155339806,4.137660695981233,0.8511120441161454,0.540215814152661,3,179
2.1059428409176753,0.0009689922480620155,0.42926356589147285,7.422254260511647,0.4657268579776539,0.6822553564855572,1,1
11.868591455345946,0.0,0.40823970037453183,1.7389643146079639,0.22252601048459306,0.8179785063252873,253,0
16.142542596411577,0.0,0.30201342281879195,3.4287172259294065,0.3130223696843962,0.761601647533518,730,0
0.0,1.0,0.0,0.0,0.0,1.0,2,648
28.741768980699746,0.022156573116691284,0.55096011816839,1.4749799458633757,0.27253086252798886,0.7858355576645242,326,2
2.365349786303195,0.0010080645161290322,0.44556451612903225,1.9988548919612636,0.2698801388965877,0.7874758958502261,40,1
2.3877930915675454,0.054679284963196635,0.3512092534174553,6.3799094113947445,0.8216816640966046,0.5489433306098038,29,8
5.874199843302122,0.06286836935166994,0.28094302554027506,8.016954990893396,1.0194004293259031,0.4951964877683078,4,39
6.366254643625361,0.19880418535127056,0.37668161434977576,6.533131494355985,0.9096397677506604,0.5236589732197958,357,33
3.5868176343069487,0.005555555555555556,0.43333333333333335,2.3677198671846886,0.27178237032378066,0.7862980517220189,850,1
15.032245433773642,0.0,0.4991243432574431,2.8013270974198017,0.5145979903095443,0.660241203539182,459,0
5.720363088171731,0.0,0.3980263157894737,1.9231642169233847,0.2801199704260306,0.7811767827254462,730,0
6.975336878007607,0.8486905916585838,0.12997090203685743,17.670733428267198,2.1343333881072812,0.3190471070481326,2,168
4.417518343644987,0.002967359050445104,0.34322453016815035,4.251050426661776,0.41674779131262796,0.7058419332868642,3,2
1.7636843280223313,0.0,0.4444444444444444,2.0869067519441815,0.2549469076505794,0.7968464593232294,730,0
0.3498828807245007,0.7203947368421053,0.21710526315789475,17.216326530612246,0.3099195680077162,0.7634056505628973,730,38
10.27415582732555,0.28140214216163584,0.6007789678675755,3.063423425377368,0.6686169678587418,0.5992987122043073,5,289
3.5114783863667025,0.011144883485309016,0.3444782168186423,3.442358521053428,0.46883870360167784,0.6808099470336272,18,10
1.9820320982298296,0.052521008403361345,0.3392857142857143,4.230790596671969,0.4579574387692945,0.6858910784419947,21,22
1.5785402320361301,0.006578947368421052,0.5164473684210527,3.118627536358095,0.546462711995654,0.6466369943763702,730,1
5.3054450064185765,0.0,0.38492063492063494,5.855600550547764,0.6255147699033081,0.6151897346706261,323,0
3.2563041710566445,0.054313099041533544,0.23162939297124602,6.427224974156762,0.7375280532443257,0.5755302759761446,289,11
3.61702021998718,0.0,0.4247104247104247,3.492828813969997,0.5126697320528935,0.6610828383819563,253,0
0.770294252404668,0.4231536926147705,0.2754491017964072,7.612454384429886,0.5248470620019702,0.6558034736199059,7,16
2.3938049123916643,0.0,0.31966224366706875,3.250513028673229,0.45343015344761406,0.6880275585503345,202,0
0.30043487637740734,0.0,0.5023696682464455,3.7097534623317947,0.15289122308531414,0.8673845198715681,396,0
3.1438997022444592,0.20310765815760268,0.5216426193118757,5.996426463838436,0.6655327101799854,0.6004085022694843,24,91
1.5972117613710568,0.0,0.4867549668874172,2.7567702138253436,0.4705839417124145,0.6800019853579761,730,0
4.19236197251764,0.0,0.3783783783783784,3.025714210800343,0.41842620328392044,0.7050067163767942,730,0
3.4821758207344744,0.4354995150339476,0.2560620756547042,11.728199045887033,1.2261140592466806,0.4492132808048484,2,120
6.441081846788887,0.009727626459143969,0.4717898832684825,3.0840762248863327,0.2673805018599106,0.7890290236692741,2,2
5.853644143397235,0.007920792079207921,0.3188118811881188,5.988223018498596,0.7015043658569562,0.5877152125297979,7,2
2.2760406590436415,0.0009775171065493646,0.4975562072336266,2.797523119719622,0.42512211893789204,0.7016942525215139,4,1
0.9447986381837589,0.9309338521400778,0.06906614785992218,29.045450849662572,0.7623769604333694,0.5674154976209513,2,394
0.020658349730398647,0.9901315789473685,0.009868421052631578,152.0,0.02062307342060025,0.9797936437479485,730,261
3.3968461103237884,0.0,0.4864864864864865,2.7915827084069047,0.6705456567504235,0.5986068060810853,303,0
5.176827133474318,0.04580896686159844,0.4512670565302144,3.0450300640926815,0.44548766044532206,0.6918080502270927,4,36
1.674861939275687,0.0,0.45588235294117646,2.355634250277456,0.24680673202412662,0.8020489257196675,4,0
3.068012629514299,0.2883116883116883,0.5012987012987012,3.160624308713284,0.7356886190794462,0.5761402068363899,647,25
0.0730711931414858,0.0014534883720930232,0.4752906976744186,1.9173617696580285,0.04173035907508216,0.9599413046653136,340,1
1.5153539693237534,0.0,0.42214532871972316,4.115515658471897,0.5620705860675926,0.6401759362983926,730,0
13.640878696507023,0.0,0.4407894736842105,2.0694939588509835,0.31708274191570723,0.7592537417546692,730,0
5.1979120643850365,0.0009794319294809011,0.2938295788442703,8.23178223609472,0.6413871547451553,0.6092407858250004,4,1
2.9535092460365644,0.0,0.4440789473684211,3.578768902622439,0.5081996483931691,0.6630421914402358,730,0
0.27133876560590203,0.009313154831199068,0.39348079161816063,4.215671320091521,0.2008323493244439,0.8327557136202844,52,3
6.717886074625205,0.0,0.45294117647058824,2.2798745880728837,0.4603545380539969,0.6847652223771327,443,0
5.1220262702000285,0.0,0.43575418994413406,2.0010520904893903,0.40558031928487287,0.7114499159384767,136,0
0.9663162839751447,0.8837890625,0.0771484375,96.34327920745646,0.828324257519775,0.5469489319999268,3,174
6.043545058086847,0.1717687074829932,0.5102040816326531,3.1515657815635176,0.6222037102027318,0.6164453907425886,445,55
5.692681205551055,0.0009784735812133072,0.3943248532289628,3.302324987623991,0.3847357528818001,0.7221594429976123,6,1
5.382496212039276,0.006355932203389831,0.423728813559322,3.6243253118964347,0.4085057664424978,0.7099722442214261,78,2
6.624878668612666,0.0029296875,0.2509765625,8.49084868942545,1.2300415140556884,0.44842214537133857,3,2
7.202325482558366,0.0009689922480620155,0.311046511627907,3.7131256281407037,0.6474846376584549,0.606985933065382,1,1
2.8794181841815565,0.0,0.3922924901185771,2.0180109942244444,0.28155317652821743,0.7803031651866704,17,0
2.880663264217236,0.003940886699507389,0.387192118226601,2.770591854284643,0.29958576815528465,0.769475954957143,4,3
3.897069563494201,0.0,0.3654970760233918,4.207603904518415,0.5693989390890015,0.6371866165402635,2,0
2.5938150000129063,0.025374855824682813,0.4429065743944637,4.496436183933638,0.49426631757336825,0.6692247481185027,161,22
2.9523062412061947,0.0,0.48970747562296857,2.8959100481057165,0.31367924585546675,0.7612208255210737,106,0
1.321793594675668,0.5035714285714286,0.3767857142857143,9.694087299987908,0.7008051476192214,0.5879568282115062,268,61
3.8011474920784534,0.02742409402546523,0.41332027424094026,7.94904451155094,0.7323361693711224,0.577255164257768,5,4
8.248203093733549,0.2826362484157161,0.4968314321926489,4.270799587229119,0.9057777865710626,0.5247201468326654,242,34
1.1815237416895388,0.5340466926070039,0.36770428015564205,15.122982874729992,0.6995331516012957,0.5883968777295121,3,447
6.775221534513631,0.7955508474576272,0.11652542372881355,24.911355651108746,2.1845326403989613,0.3140178207985706,83,116
26.12594561686797,0.0,0.5197368421052632,1.7084811204029522,0.34388449274447574,0.7441115701527323,730,0
0.1483249304771121,0.10263157894736842,0.32894736842105265,13.435818601076095,0.13450939928239647,0.8814382680588836,171,4
4.306260123726539,0.0,0.4668141592920354,3.9461731464566454,0.33975506307024633,0.7464050911726748,127,0
2.381802789921514,0.5426889106967615,0.3689892051030422,12.258257568430214,0.907908396900399,0.52413417836234,5,149
7.048613805658449,0.0019398642095053346,0.3947623666343356,2.8298389429658606,0.6393123335553657,0.6100118809154474,2,1
21.129052710176218,0.1278772378516624,0.5498721227621484,2.730869116326635,0.49350195512189027,0.6695672520350912,291,50
2.563948399401543,0.0,0.2737864077669903,9.082559761096478,0.6824580197081872,0.5943684705865317,2,0
5.515389481146879,0.0029182879377431907,0.41245136186770426,2.638766263771713,0.38331041870850663,0.7229035410097071,1,1
2.163332723437288,0.0,0.45723684210526316,2.790877955058057,0.4381141482412468,0.6953550948809996,730,0
2.832107488830332,0.09253731343283582,0.4855721393034826,9.173896582497253,0.5611074473344946,0.640570898375666,10,33
43.88928544962213,0.06821282401091405,0.6930422919508867,1.4321829653939162,0.2892896514863856,0.7756209001190137,294,50
6.340745068819165,0.0,0.3925233644859813,3.108070852758029,0.3824611441301651,0.7233476356611765,58,0
0.12538562061904013,0.05466970387243736,0.47038724373576307,2.2562960424875795,0.09904683386432256,0.9098793328796853,147,6
3.0870207769334472,0.0038948393378773127,0.379746835443038,2.425163397462681,0.3523874895836256,0.7394330454120668,3,1
2.763716039179323,0.2786177105831533,0.4794816414686825,3.8198901201229165,0.6170169135376361,0.618422721264087,421,129
0.0,1.0,0.0,0.0,0.0,1.0,174,304
3.2623145928321,0.0009689922480620155,0.4496124031007752,3.203960053199443,0.38893879486731114,0.7199741296703664,1,1
5.431653359387071,0.0,0.44370860927152317,2.375086877011727,0.37627580354789253,0.7265985476327539,730,0
0.8003951032592612,0.6678445229681979,0.2826855123674912,8.909176766881787,0.5523870024444494,0.6441692686329895,177,283
7.347749357066406,0.0,0.36333333333333334,3.6443793226979766,0.6486227058411349,0.6065669218657251,730,0
1.2306732572691295,0.008086253369272238,0.27358490566037735,6.71438871150479,0.6423327848270605,0.6088899943048395,278,3
2.5488343736477113,0.001990049751243781,0.3243781094527363,6.439665778142301,0.4664335715381275,0.6819265593811454,6,1
1.5288788385311038,0.007936507936507936,0.40476190476190477,12.63220841061986,0.48534919006297206,0.6732423639437973,8,6
18.240405484929585,0.0,0.3707482993197279,4.348087612167888,0.6071502888828466,0.6222193449594029,730,0
1.7103324613232156,0.0,0.39399806389157793,4.059575258533867,0.39451084710060574,0.7170973263342826,1,0
2.1663306250815904,0.0,0.22869955156950672,15.01853046594982,0.9623341222972006,0.5095972131541763,730,0
2.4165536237870455,0.05466970387243736,0.42596810933940776,7.338098456967847,0.647940829567464,0.6068179039307319,148,33
4.334961478164461,0.000968054211035818,0.4143272023233301,6.716425558647878,0.5239755081414714,0.6561785242989413,1,1
2.639299104290025,0.0,0.3575638506876228,2.7084706941963006,0.31604542914664474,0.7598521888780266,8,0
10.701302645044464,0.0,0.41944444444444445,3.1014792116561534,0.5213493010569175,0.6573112429244725,673,0
2.8724405080617035,0.005055611729019211,0.49646107178968657,2.780447628613703,0.3316661933428474,0.7509389402532821,18,3
4.376011294280473,0.0,0.45357142857142857,2.342207525765731,0.3852885733776913,0.7218712542771806,730,0
10.020129562860983,0.0068694798822374874,0.4268891069676153,3.290564781402054,0.6261209993000394,0.6149603875913588,3,2
2.592443830925109,0.0,0.41776315789473684,2.2711640211640214,0.3028555877248959,0.7675447758152876,730,0
8.961725793698823,0.036203522504892366,0.2602739726027397,8.487846627156,0.8600068509546861,0.5376324283358042,11,22
1.6939093524686621,0.2278876170655567,0.11550468262226847,21.587610107812125,1.050861094936532,0.4876000634411309,8,27
4.752146677947415,0.1703056768558952,0.4497816593886463,3.8976338707396083,0.6350233252643639,0.6116120697166886,341,23
4.104371552620211,0.0,0.3106893106893107,3.7714139453249658,0.3563255130191908,0.7372861384683331,29,0
5.561358073107326,0.09645232815964523,0.4501108647450111,6.806545368330261,0.8656900680187498,0.5359947062707685,131,33
0.9154841393763595,0.8298755186721992,0.12033195020746888,19.227424103479898,0.7115697145412313,0.5842589942461325,307,89
0.9090085281534432,0.20394736842105263,0.5460526315789473,7.68140126634712,0.43044735437030246,0.6990820018260723,730,25
5.1190320985266675,0.013251783893985729,0.327217125382263,5.6227184816588185,0.5538074056824274,0.6435804053596997,30,6
7.271455784492941,0.7702702702702703,0.19594594594594594,10.145999064108562,1.7409898341879757,0.36483170697211004,730,52
4.5217491272603025,0.006796116504854369,0.43786407766990293,3.442760865175215,0.35925015223257467,0.735699752071019,3,6
0.09158110346617175,0.005825242718446602,0.42718446601941745,1.721556120273566,0.05835970165136878,0.9448583486688792,2,2
5.820932946525497,0.08568075117370892,0.4812206572769953,3.534328809388077,0.7147323512963529,0.5831813922703395,158,45
12.492470871711834,0.1463963963963964,0.2905405405405405,5.8987837676120645,1.0652165357946126,0.4842107268985429,570,30
8.086729150956588,0.059223300970873784,0.4640776699029126,3.334739054299629,0.49722985657290275,0.667900119417174,2,20
4.904640109991007,0.0,0.3807205452775073,3.114024907899964,0.28428941228771076,0.7786406945601889,4,0
5.217075412583992,0.007322175732217573,0.5439330543933054,1.951275603832668,0.2325715171764157,0.8113119490955037,62,5
3.959978559708796,0.016018306636155607,0.4073226544622426,2.336601654866619,0.2762337669710318,0.7835555098760353,597,1
1.9549096501508054,0.0,0.5016722408026756,2.066511943123114,0.3137374591510246,0.7611870949057273,730,0
3.474138412502818,0.0259222333000997,0.46560319042871384,1.9942335407978988,0.2579944550292919,0.7949160634231217,23,24
2.3845039303666917,0.0009727626459143969,0.4367704280155642,4.904837253550523,0.4761115894309354,0.6774555576692654,3,1
5.4109760288817075,0.005808325266214908,0.452081316553727,3.4019885915981214,0.47282657232770037,0.6789665659138464,1,2
0.30734553449680346,0.6578947368421053,0.25,27.19031607262945,0.27995757921444314,0.781275892450855,730,36
3.577405010917845,0.02112676056338028,0.28772635814889336,11.958068897214908,0.9506820324115104,0.5126412113222576,29,11
1.5265284370988086,0.01761252446183953,0.46868884540117417,3.583137207327429,0.2296950961727569,0.8132097160607953,2,6
4.412753554873795,0.009784735812133072,0.3062622309197652,3.334381832468887,0.4716812586174962,0.6794949613881776,3,7
5.3592436850786305,0.0,0.43924191750278707,2.565143403365423,0.3015725642050372,0.768301382113698,131,0
6.905958937672844,0.0,0.3703339882121807,4.848340026110092,0.535818956339722,0.6511184120186109,4,0
7.318581017101742,0.2526158445440957,0.5097159940209267,3.140002682043717,0.7463579740399153,0.5726202845380335,346,30
15.670782811147246,0.20394736842105263,0.4144736842105263,3.622494707796771,0.995176106711447,0.5012088890981418,730,25
4.018830293537971,0.015209125475285171,0.4550063371356147,4.674315672194198,0.6717590247935925,0.5981723353480728,180,3
3.0667415577656785,0.19133574007220217,0.42418772563176893,5.849061092903325,0.7600962875981163,0.5681507353013238,477,27
6.059278615889223,0.0029154518950437317,0.4062196307094266,3.220107850862357,0.5538311356917882,0.6435705766410618,1,1
1.7566555545248201,0.10707269155206287,0.4155206286836935,4.989851570590266,0.5604561167456764,0.6408382711110743,5,46
4.071208536092715,0.5621546961325967,0.22099447513812154,12.825102742535783,1.4275740557511758,0.41193388009354265,307,232
2.6761718854468546,0.03578528827037773,0.43339960238568587,3.001171079019644,0.3731976125090326,0.7282273074833373,10,10
1.1439351369493729,0.0,0.55,1.823692636072572,0.233257801926805,0.81086046926898,730,0
0.0034145219371647406,0.865506329113924,0.13449367088607594,7.435294117647057,0.00340993578934679,0.9966016523579025,372,304
0.21819429047011882,0.0038948393378773127,0.4294060370009737,4.221542858826649,0.13137144952502258,0.8838830080251932,4,2
18.389702355820724,0.0,0.3452958292919496,36.61067462307009,1.0942669296660639,0.47749405094194586,2,0
3.6595013517286477,0.0,0.3651315789473684,2.21058046241925,0.3373405494919398,0.7477526949885005,730,0
1.8789212802951694,0.013712047012732615,0.4054848188050931,4.338154359833923,0.4783998531620697,0.6764069935891525,5,4
0.6887864452551066,0.383,0.519,9.481265384264747,0.41539703840152614,0.7065155379506421,16,51
2.8272894930324837,0.0,0.4335596508244423,2.7843372863962483,0.28548746151626975,0.7779150166275998,2,0
4.037951464302287,0.0,0.09101654846335698,19.93538347536125,1.9077468733698573,0.34390889013013576,184,0
4.651168052531272,0.0019646365422396855,0.537328094302554,2.0800457341674163,0.30271052635636897,0.7676302446077268,3,2
4.313668732855097,0.03147953830010493,0.45015739769150054,3.486907453678451,0.4092118923836954,0.7096164923136509,19,7
0.3038224639660925,0.915615906886518,0.06304558680892337,76.81155378486056,0.28971601956071164,0.7753644870912038,2,208
1.0125415929983816,0.21621621621621623,0.5305305305305306,4.03480952979633,0.44528580734860423,0.691904670284221,20,32
36.21867294432353,0.03228962818003914,0.4383561643835616,3.562532961166922,0.4699483749012715,0.680296000236855,5,33
18.099760683784435,0.0,0.42857142857142855,3.824994587085752,0.7714244895947137,0.564517429827783,408,0
1.319237546680199,0.24,0.5133333333333333,2.838780691320326,0.458455945421548,0.6856566378568005,730,66
4.376692174964047,0.08649173955296405,0.3965014577259475,6.3429853604513005,0.7228941743052152,0.5804187018063753,1,18
6.24136557145694,0.0,0.5083798882681564,1.7564881166656743,0.2765159028908302,0.7833823282070946,133,0
3.2127025551684563,0.0,0.43537414965986393,3.802443277375953,0.42310652810880145,0.7026880843059042,2,0
0.5085640644270523,0.8372781065088757,0.15384615384615385,36.52178781375385,0.4389714973156369,0.6949407975526085,357,90
4.476748211411481,0.0,0.4243421052631579,2.3835608782881317,0.3505043953736988,0.7404640839567868,730,0
1.9176236416841386,0.005681818181818182,0.3443181818181818,4.3926429400197,0.4520795025361975,0.6886675269869199,133,1
1.3174653470334545,0.0011792452830188679,0.4068396226415094,5.767797490906393,0.37198691275250706,0.7288699263127666,171,1
2.788498105434792,0.8161993769470405,0.16199376947040497,25.567999490640517,1.5359627498333839,0.39432755866216934,60,257
7.30530951812698,0.0,0.3256578947368421,3.35894147169907,0.5226551725096142,0.6567475145090251,730,0
24.67147723938725,0.03790983606557377,0.4067622950819672,44.473262908126486,1.914993795640725,0.34305390340640396,7,7
0.4167067091195729,0.4590325765054294,0.3129318854886476,31.628060997328586,0.353928879781775,0.7385912324738794,7,18
5.705843462176229,0.03483606557377049,0.5051229508196722,2.5938736232186246,0.42017629898028697,0.7041379304231585,13,8
3.1936024800457434,0.007827788649706457,0.41291585127201563,4.219881209136315,0.4531498629811624,0.6881602685826791,4,2
1.490360028268535,0.001584786053882726,0.45641838351822506,2.8102535406686036,0.25506850645998436,0.7967692559034691,332,1
3.08624112525085,0.0,0.2575024201355276,7.820240651135964,0.6672653505316478,0.599784551200039,1,0
4.823526539344127,0.012670565302144249,0.41325536062378165,3.012873072441333,0.4744143061680452,0.6782354157963696,2,3
5.49610037443301,0.05102040816326531,0.29081632653061223,5.448008709522242,0.8274233309897643,0.5472185798669773,13,50
4.312871448920591,0.053864168618266976,0.4332552693208431,3.3005680373039428,0.4042799206825295,0.7121087364931948,158,20
3.7657927475281556,0.0009765625,0.384765625,3.2476698026906585,0.2980201226858355,0.7704040812023941,3,1
5.366766954647353,0.3068731848983543,0.49564375605033884,5.504610366603817,0.8337035657527968,0.5453444159004328,1,82
0.6638535654728609,0.7618586640851888,0.13068731848983542,43.495269839713735,0.5543695953415618,0.6433476330191965,1,410
2.1164397268986974,0.12807881773399016,0.5862068965517241,2.5670207384926655,0.45210412705006126,0.6886558486900609,5,14
8.665774932092612,0.014251781472684086,0.5831353919239906,2.6674939169376026,0.5277905160680415,0.6545399971284178,131,4
3.2446789499926636,0.0,0.4317617866004963,3.9242775613203973,0.6182795565045527,0.6179402044477268,221,0
5.3023933117727715,0.008763388510223954,0.4488802336903603,2.514865793455133,0.38083274806425566,0.7242006690541395,2,4
6.050859486566674,0.04806565064478312,0.5767878077373975,2.5119029756987317,0.4331247570234994,0.697775957814678,131,16
10.803097487467832,0.04708798017348203,0.48946716232961585,3.0044939250124636,0.49885642405553055,0.6671753104238297,190,25
0.6434670201746848,0.8678861788617886,0.07317073170731707,117.47010039284156,0.5886463387861086,0.6294667199271703,26,91
90.55425380379978,0.002932551319648094,0.20430107526881722,175.7344769902702,5.168728495227931,0.16210796127169325,6,1
4.8212992393683525,0.0,0.4314868804664723,3.339752792611173,0.46835553751146164,0.6810339692624984,2,0
3.9697779446879293,0.03582395087001024,0.563971340839304,3.5799105655768315,0.4356679635467569,0.6965398862349358,7,7
15.951258678806875,0.020689655172413793,0.42528735632183906,3.973801464450928,0.8018227324106911,0.5549935529240893,597,3
1.124847260062136,0.0,0.45794392523364486,1.8463712485152046,0.1778708124079161,0.8489895406744178,388,0
2.0442838705371975,0.0,0.34868421052631576,2.570247506846484,0.33551931533889134,0.7487723977591799,730,0
4.304172614134054,0.0,0.4375,1.9355489040433653,0.2533312310039114,0.7978736787712579,730,0
3.145345956988768,0.019588638589618023,0.42213516160626835,5.332770913314193,0.7793331769081788,0.562008292194961,4,5
2.0047751835139938,0.031958762886597936,0.4927835051546392,2.7239523704894393,0.31577004472094505,0.7600112223348913,18,7
1.6189988036247334,0.0,0.44594594594594594,2.968730371139088,0.2721810015862741,0.7860516693403743,278,0
4.970497665373495,0.033203125,0.3408203125,5.0145142877851665,0.6656417377684856,0.6003692014464842,2,17
1.5353788244850084,0.0019782393669634025,0.466864490603363,2.616949078807126,0.30149497657686375,0.7683471838133076,8,2
1.647777900252488,0.053864168618266976,0.25526932084309134,10.478231823784567,0.7341452776859358,0.5766529557053097,151,41
0.4226414071955273,0.04073319755600815,0.3625254582484725,9.694513835511145,0.29680892919074875,0.7711236231416395,46,10
4.0884518476171685,0.0,0.36645962732919257,2.978421026715201,0.44444644958854057,0.6923067312636313,472,0
8.069153121831304,0.0,0.4320388349514563,3.8951757379970324,0.615141625649929,0.6191407515719263,2,0
1.263038949286766,0.8230535894843276,0.1597573306370071,89.37445201614652,1.024401972170193,0.4939730417906989,16,208
5.591694650387727,0.013605442176870748,0.48299319727891155,2.4481978668628175,0.46220148088562524,0.6839002784994587,730,4
5.931674696483679,0.0,0.4371584699453552,2.243703455562141,0.3176830386429812,0.7589078486051184,477,0
9.144712899433276,0.0,0.18791946308724833,16.599511955554195,1.7019688501031232,0.3701004917069396,730,0
4.412906058350724,0.0039100684261974585,0.41935483870967744,4.484795638572448,0.6825701443328285,0.5943288625250862,4,3
3.7277925732111763,0.02040816326530612,0.3798185941043084,4.124117525314855,0.44402156013589167,0.6925104358593466,36,6
0.629169323702268,0.753921568627451,0.11372549019607843,27.821599705123486,0.5304135928922923,0.6534181378447663,5,76
3.5291584717065954,0.016034985422740525,0.41545189504373176,9.0337583011606,0.5984478222779367,0.6256069081910395,177,6
4.790994081582696,0.0,0.36443148688046645,6.314795038935255,0.7458227171838975,0.5727958458537254,1,0
0.4222195355669702,0.0,0.24155405405405406,8.528777238832983,0.28787916644282396,0.7764703599966151,332,0
1.9953744076188338,0.0,0.39303000968054214,2.5322364573621536,0.32281392086197475,0.7559642246192707,1,0
0.5320122788476048,0.7802516940948693,0.2197483059051307,4.613191343181038,0.41505073940757936,0.7066884403160391,1,531
1.6165174699812412,0.1382636655948553,0.5380493033226152,3.9238767717077194,0.4628628421859841,0.6835910867116433,95,78
5.134472565518993,0.26023778071334214,0.4848084544253633,3.202176931710801,0.7382075697502987,0.5753052842495989,255,38
3.76840985472943,0.4526166902404526,0.4045261669024045,6.2402957064123,0.9196605352738538,0.5209254353178348,325,171
3.518214996673259,0.18716577540106952,0.29518716577540105,10.068025322079077,1.128143483918919,0.4698931287088439,98,55
5.861677278962233,0.0,0.4684385382059801,3.469984363038131,0.6400232381118257,0.6097474576953614,730,0
5.9135553549920825,0.0,0.3190789473684211,4.390494473591982,0.8113447161511524,0.5520760300804899,730,0
5.200734746113558,0.018108651911468814,0.3903420523138833,2.7434521238611325,0.3759333074182581,0.7267794119152162,12,6
2.099795509836602,0.008073817762399077,0.447520184544406,4.990009394903043,0.4292501142440256,0.69966760193609,144,1
11.97967993934499,0.0,0.38735177865612647,2.1914466223878177,0.4122523989763644,0.7080887245968389,528,0
7.8088350779066875,0.0029182879377431907,0.36770428015564205,3.5669519370781164,0.4116298815020268,0.7084009860544768,2,3
9.22802452615345,0.0,0.4659248956884562,2.6441624011953135,0.4529986989795217,0.6882318619433903,315,0
3.959158242277862,0.11818181818181818,0.4696969696969697,3.7787587603067596,0.5867228296122835,0.6302297927132935,13,74
4.717379252267861,0.006578947368421052,0.28289473684210525,6.458505968017773,0.9970128148955281,0.5007479133539331,730,1
6.467780657009153,0.2239297475301866,0.5137211855104281,2.9474589602293015,0.6404146916190974,0.6096019531579512,114,31
4.727164948818266,0.04809619238476954,0.4789579158316633,2.0240200489426847,0.3028382148345027,0.7675550107555207,12,28
2.917720936658714,0.0,0.38330975954738333,6.050697112884058,0.5317432217647996,0.6528509385847642,241,0
7.818463572941321,0.0939524838012959,0.4406047516198704,4.68352928513066,0.7954637343095479,0.5569591748866783,101,24
17.409571201977503,0.0,0.27988338192419826,3.391717968168755,0.4544918000416793,0.6875253610720559,2,0
0.18798159735712616,0.0,0.2631578947368421,5.1164095371669,0.1522686000441416,0.8678532071096025,730,0
4.105495901863925,0.0,0.3554817275747508,2.420166086964718,0.3547277056842472,0.7381557163141643,730,0
2.953454994637794,0.11086717892425905,0.2996706915477497,10.990265676113609,1.0566072375719258,0.48623771312825936,106,8
0.1614614140093757,0.6313043478260869,0.2747826086956522,16.853675291962446,0.15006435265228799,0.8695165602635988,459,271
0.7526758580723815,0.0,0.5888157894736842,1.4533917181880414,0.1868887153414553,0.8425389735989786,730,0
6.8076238643003055,0.07023809523809524,0.31785714285714284,10.090083749736083,1.186755278801843,0.457298541676742,133,26
0.007870322971266898,0.9013157894736842,0.09868421052631579,43.42857142857142,0.00785585166556717,0.9922053816995906,730,42
2.297113136291419,0.0,0.4701273261508325,2.917175237820378,0.2338360813321707,0.8104804318255159,5,0
1.6644089751431503,0.07684210526315789,0.46421052631578946,8.418613588831487,0.4960249100880857,0.6684380676128716,22,39
0.8721557808653939,0.0,0.48026315789473684,2.46480668460558,0.23028815393034063,0.8128177100668241,730,0
2.5529197920690767,0.04343329886246122,0.4343329886246122,3.1079256926142573,0.4263927717695132,0.7010691723847204,22,16
7.5362835809138815,0.0,0.3147410358565737,2.8798132465632915,0.4699691869756182,0.6802863684901082,730,0
0.10339649010228863,0.7365591397849462,0.19623655913978494,22.69175859831278,0.0992836899358596,0.9096832866303579,278,63
0.2850533606251334,0.75,0.1513157894736842,13.932970495560014,0.25569095520946733,0.7963742956428205,730,174
1.1213744147482967,0.0,0.4821917808219178,2.461352503339907,0.16994260313939066,0.8547427859423432,669,0
0.5713669568110746,0.009966777408637873,0.5083056478405316,1.974080253745891,0.1897558880321003,0.8405085531066685,730,2
2.8011414217651343,0.0,0.29060665362035226,3.0770644245225234,0.473143884004014,0.6788203181361986,3,0
3.4648290453070425,0.0,0.44325897187196894,3.2898066344684054,0.3738501105370712,0.7278814423278505,1,0
1.3314578157585424,0.0,0.42857142857142855,3.5997144399366197,0.3278359468130128,0.7531050822958486,87,0
23.300491521486606,0.0,0.3710801393728223,3.8372519851251705,0.6702526177614706,0.5987118291963728,315,0
8.889996565473117,0.14802631578947367,0.48026315789473684,3.9119952025040585,0.7260161871627093,0.5793688422145321,730,16
7.336223302360021,0.02455795677799607,0.3094302554027505,7.552730961196473,0.7317290352665599,0.5774575465532187,9,10
0.3940313095129602,0.0,0.4868421052631579,2.8207793366493434,0.1592193825740565,0.8626494820846521,730,0
4.916711870670894,0.0048638132295719845,0.4056420233463035,2.2029260586345596,0.22955661311125206,0.8133013066145971,2,1
1.6519254078287564,0.10469667318982387,0.32289628180039137,5.987721021611002,0.7808246229700806,0.5615376085333929,3,17
0.0,1.0,0.0,0.0,0.0,1.0,278,340
6.296586278051628,0.0,0.34210526315789475,2.920793404274523,0.5442614930743889,0.6475587227193969,730,0
1.4111793335557494,0.023069207622868605,0.20060180541624875,6.090522028878191,0.43805250467183154,0.6953849019776948,8,14
20.921514722317635,0.006896551724137931,0.4187192118226601,2.234316281810322,0.3012242609576637,0.7685070360308444,10,5
1.0096705619246291,0.0,0.47041420118343197,2.006606213395505,0.2332339205058249,0.8108761714807833,7,0
1.8409055116264699,0.046172539489671933,0.49817739975698666,3.254175812531222,0.3672039738893066,0.7314197582057083,171,24
4.624424143015123,0.03972868217054264,0.5968992248062015,2.4773682518011184,0.4090495562370988,0.7096982470017055,1,22
1.934422967752706,0.0,0.4967105263157895,2.2576960895544964,0.24306617543351242,0.8044624009266889,730,0
35.026377301754195,0.03134479271991911,0.10313447927199192,152.417696063221,5.696629022202819,0.14932886332578352,19,16
6.176032375936864,0.004906771344455349,0.4102060843964671,3.5767850335202285,0.4519597627715808,0.6887243198056294,2,4
0.1178511609041454,0.9506578947368421,0.04276315789473684,127.92760180995477,0.1161622233151553,0.8959271144564116,730,151
3.076067748456662,0.06619385342789598,0.6323877068557919,3.090367124626852,0.4793748185907218,0.6759612151250604,171,9
5.904888817203947,0.040776699029126215,0.48446601941747575,3.6423251950888282,0.6286484531658669,0.6140060478098502,2,1
6.9128110854223905,0.0,0.4879594423320659,3.625040339356049,0.6413101259876219,0.6092693782646788,242,0
3.360910113132503,0.0,0.43805309734513276,2.6910899793566623,0.30720708823318443,0.764989731926558,129,0
2.058431115527856,0.012720156555772993,0.4295499021526419,3.2038656112764796,0.33572499398669187,0.7486570997038355,4,2
0.04306285583999791,0.9665551839464883,0.033444816053511704,129.71323529411762,0.042867871541348294,0.9588942446966077,730,55
5.9025947930507785,0.0,0.3256578947368421,4.549763300270515,0.5709086798409937,0.6365742406498253,730,0
2.460840798025332,0.0,0.4057071960297767,3.7711772487335122,0.3601025572366671,0.7352386734951143,224,0
7.912109406713812,0.029605263157894735,0.3157894736842105,3.05977753305459,0.5089217536262516,0.6627248878855334,730,9
0.11437536373166507,0.8517441860465116,0.14825581395348839,27.64061358655953,0.10999783366516475,0.9009026591502826,1,420
5.407572133616452,0.0,0.40658276863504356,3.0457295102556823,0.5197924201448821,0.6579845949650609,1,0
3.58720450419242,0.0,0.4375,2.5945767218546463,0.3399971220625039,0.746270259491912,730,0
5.132638921080349,0.0,0.4497354497354497,2.263358197594763,0.30844303145711066,0.7642671296788353,82,0
2.289909076984954,0.0,0.375,2.2183437221727513,0.2855693315024105,0.7778654760154605,730,0
7.406070813566524,0.0,0.26973684210526316,3.469941858214207,0.4795421347700897,0.6758847730655491,730,0
7.751679369089058,0.0,0.3957322987390883,2.3131135104129084,0.3221256078978522,0.7563577878125936,2,0
1.8237371386451746,0.5675413022351797,0.2031098153547133,8.074447620393215,0.9628114963577658,0.5094732743595709,2,53
2.7521808814057183,0.0013812154696132596,0.21823204419889503,8.839628602203595,0.8351722285903606,0.544907984341134,307,1
0.30504551895334137,0.05827814569536424,0.47549668874172185,6.376949799060009,0.21963091187443756,0.819920182625669,267,3
5.329958784146407,0.10570824524312897,0.346723044397463,5.029920739762219,0.8274486362417127,0.5472110023604144,237,50
4.260355584876937,0.002680965147453083,0.47319034852546915,2.9993797985414568,0.33002657951573167,0.7518646735346479,183,1
3.162356293304221,0.25267249757045673,0.42565597667638483,7.609901833810694,0.8163263599466271,0.5505618494846847,3,253
9.63209294274717,0.045142296368989206,0.3994111874386654,11.10366472696749,0.6489633032884452,0.6064416339682939,4,2
3.891295648240808,0.0019665683382497543,0.4326450344149459,3.113391564356826,0.3902642860569918,0.7192876994892513,2,1
5.482710623169628,0.0,0.46629213483146065,2.109484605103862,0.34524989832391695,0.7433563096685062,253,0
7.021219019357565,0.0,0.3675496688741722,2.360027011583814,0.4145673090270267,0.7069299520910206,730,0
4.017667995143072,0.0009813542688910696,0.34838076545632973,3.4156766162641006,0.490184781422659,0.6710577187919701,3,1
1.7425106417040124,0.00322234156820623,0.41245972073039744,8.844702096687692,0.4945334461521499,0.6691051328256428,99,1
0.43485839500559276,0.8789237668161435,0.10164424514200299,39.64998602180598,0.3928488214799222,0.717953007231241,357,113
4.128958897084422,0.0,0.4191033138401559,9.872401915483492,0.6637542329092916,0.601050311530309,2,0
6.259929026576981,0.0,0.4340490797546012,2.323397044855818,0.3782318785617358,0.7255673124057742,224,0
0.4552329572328578,0.01296111665004985,0.37886340977068794,9.776593317033416,0.2824612781345848,0.7797506381280834,8,6
3.8646096762587523,0.0,0.49,3.7523356764246034,0.43583693386324185,0.6964579169233477,730,0
2.499972363652494,0.0012987012987012987,0.5454545454545454,4.282432192258843,0.6256248094707385,0.6151480920899418,137,1
7.821177448117036,0.0,0.4605543710021322,3.536219039127609,0.7074187039096376,0.585679422223855,69,0
0.01866378982257089,0.9911417322834646,0.008858267716535433,398.27199999999993,0.01864085569892556,0.9817002669835628,7,334
13.443729841632098,0.0009871668311944718,0.3445212240868707,5.346919545969444,0.5879629727945749,0.6297376054305291,3,1
7.239873226800157,0.0,0.3831867057673509,2.6464404562805686,0.4565527406525389,0.6865525511640572,5,0
5.969950288753655,0.43645320197044335,0.34876847290640395,7.224207355066072,1.1031854001716743,0.4754692572125948,4,55
0.130722854768792,0.0,0.4357976653696498,1.9290302403348814,0.07227462147983596,0.9325969112464021,2,0
2.1581543940104453,0.08066083576287658,0.3556851311953353,7.600879365005901,0.6962334022343355,0.5895415092538364,2,4
1.893647849543519,0.013605442176870748,0.4227405247813411,2.0780098310751804,0.27676298544577926,0.7832307259838457,2,2
0.0,1.0,0.0,0.0,0.0,1.0,734,151
3.770935481663337,0.03330068560235064,0.42703232125367285,6.6143876456597654,0.6289954414470456,0.613875259903548,5,3
2.6862215732449,0.003913894324853229,0.410958904109589,4.667757027542739,0.42797233980277954,0.7002936766535074,4,1
8.734142060313406,0.0,0.4249757986447241,4.977749886835932,0.6843682442677399,0.5936944034674192,1,0
5.243748870880649,0.0,0.3472356935014549,4.567189139925769,0.49720968408622856,0.6679091182944867,2,0
2.969549809928432,0.0,0.3916015625,3.3090857458605125,0.4426531371675667,0.693167313913967,7,0
5.393726285189391,0.043052837573385516,0.41682974559686886,6.39532651022982,0.6672680690733057,0.5997835732293584,5,26
1.0493257378839764,0.027692307692307693,0.4533333333333333,3.13126457472487,0.26178370241670684,0.7925288606000299,16,12
3.5562288996504714,0.04744525547445255,0.3740875912408759,8.285213811828077,0.8206083091949178,0.5492669647554257,369,4
1.5900997034389182,0.0,0.3891625615763547,5.773174678622737,0.5589615603570334,0.6414526345158761,16,0
3.512492443889679,0.0,0.6139670223084384,1.3307397556104605,0.1404902136441714,0.8768159411072299,2,0
3.81728547425181,0.0441025641025641,0.3507692307692308,5.31935817097198,0.5455631068412843,0.6470133736847092,11,22
2.9755183221388712,0.013618677042801557,0.3647859922178988,3.3903986539323,0.41142044452497906,0.7085061038183808,2,2
2.358749894649101,0.0,0.5133531157270029,1.8371564285472803,0.22762814123813427,0.8145789155594315,8,0
3.016644675271074,0.17584994138335286,0.4654161781946073,5.201190065051605,0.5867406153818255,0.6302227284699364,175,100
11.545931888813795,0.0,0.4407894736842105,2.7176511170742583,0.4666009023968905,0.6818487554219306,730,0
6.919636327000786,0.23569794050343248,0.37299771167048057,7.756202829644334,1.1615345900087748,0.462634280581159,597,50
2.2376386409625244,0.0,0.45498547918683446,5.005087708661736,0.4630778185806216,0.6834906436966776,1,0
8.363426290058747,0.46439957492029754,0.461211477151966,10.196060446346396,1.078515857633603,0.4811125189771241,23,151
1.8160513609768811,0.32657657657657657,0.240990990990991,6.307584134999521,0.7537314254087151,0.5702127392550689,346,50
5.260029674073927,0.0,0.3223684210526316,3.254108916182691,0.3777346586126233,0.7258291672846486,730,0
8.7228919332035,0.00392156862745098,0.35490196078431374,4.525092279233124,0.5893517962611758,0.6291873217448904,7,1
1.0500746728873784,0.030107526881720432,0.5096774193548387,2.629083836702635,0.23597867904476197,0.809075445195268,59,11
3.9579468303627117,0.014749262536873156,0.34906588003933137,5.194057086492818,0.48400843226122653,0.6738506185414803,5,4
8.154364283548528,0.019736842105263157,0.3618421052631579,1.984221256980764,0.36811169634843677,0.7309344717021669,730,6
1.3025220538612454,0.5880322209436134,0.3958573072497123,4.3397352418268085,0.6460310745606181,0.6075219450318908,142,217
3.651432711383144,0.0,0.3641025641025641,2.7612805342767306,0.3081367814319387,0.7644460534970664,229,0
1.7035716785040074,0.023668639053254437,0.5118343195266272,2.1213310154595235,0.27047001788127645,0.7871102709434018,9,8
13.627016584618728,0.3904576436222006,0.1382667964946446,58.940881363097425,3.4514431089011404,0.22464624966236058,2,83
0.37853786176834286,0.29187071498530853,0.21155729676787463,55.86335346028796,0.34243313415627347,0.7449160591737819,9,22
1.647933982401807,0.0009832841691248771,0.44837758112094395,1.9259269326954442,0.19170176655853235,0.8391361228639107,4,1
2.3780743075742143,0.34892541087231355,0.24652338811630847,26.266042412558527,1.2108430440043538,0.45231614370451473,180,30
3.963066730622983,0.32785087719298245,0.43530701754385964,6.0083719893103416,0.933480942885004,0.5172018910658982,25,50
23.333334815417622,0.002600780234070221,0.3094928478543563,15.583179656765111,1.3702777139902078,0.4218914914896471,225,1
0.2319636997433619,0.0038910505836575876,0.44163424124513617,1.060656891914253,0.05801787389964113,0.9451636164842859,2,2
3.7297985542807823,0.0,0.5592105263157895,2.029737753587333,0.32051638413086775,0.7572795097564624,730,0
0.08329433570067066,0.9403973509933775,0.04304635761589404,104.81176470588235,0.08236702482515566,0.9239010216165251,730,89
4.083368036142649,0.6790490341753344,0.1827637444279346,29.025706305929738,1.5924960237381653,0.3857286533300377,357,191
0.025640904770288696,0.9904420549581839,0.009557945041816009,468.71999999999997,0.025602669004153464,0.9750364641416024,171,386
0.009851192186404968,0.0,0.5921052631578947,1.0242376319317907,0.005034314093276027,0.9949909032729715,730,0
4.416757175673531,0.012987012987012988,0.2831168831168831,2.66419780855371,0.35859827678846834,0.7360527516374131,647,1
8.978972279387307,0.019753086419753086,0.3987654320987654,3.0597444899919854,0.4652579142370785,0.6824737066993928,209,3
3.8466264289186216,0.0,0.4335596508244423,4.326896356160499,0.5644525513218805,0.6392012331438575,2,0
1.5450945577237478,0.022727272727272728,0.3952569169960474,4.714578996482665,0.4116780823591261,0.7083767981499364,5,10
2.5648012989099263,0.7250726040658277,0.25459825750242016,11.766051970441536,1.108408424754092,0.47429140780284634,1,60
14.801489524538658,0.0029211295034079843,0.3349561830574489,6.2250810790485485,0.8950449250721254,0.5276919754089417,2,3
5.21452382321353,0.146484375,0.1181640625,45.03198928269977,2.306185359130789,0.30246338041461307,4,32
10.174536246062202,0.0,0.3881578947368421,3.1067245491802424,0.6089669846575753,0.6215167927841744,730,0
5.907337262303177,0.001081081081081081,0.3643243243243243,4.736293186455951,0.5474644995962801,0.6462183786838995,101,1
2.9501375108530956,0.05921052631578947,0.6151315789473685,2.089269760040601,0.4084778910712667,0.7099862953755102,730,18
4.850205057432126,0.0,0.41776315789473684,3.53445881811663,0.5427621898996043,0.6481880399629676,730,0
14.124235522081886,0.029154518950437316,0.3012633624878523,3.580351616973618,0.7851180473400148,0.5601870428065467,2,16
0.0,1.0,0.0,0.0,0.0,1.0,141,313
3.165030415874463,0.0,0.33476394849785407,4.948500557555947,0.5238441555785035,0.6562350856806389,101,0
14.194265946338504,0.0,0.41118421052631576,3.634519938140455,1.146569463573823,0.4658596038793453,730,0
16.80499995749514,0.0,0.4276923076923077,2.205135985632056,0.4103566174875556,0.709040527481216,224,0
4.512765316515582,0.044444444444444446,0.44232804232804235,4.461734617044987,0.5386256533455963,0.6499306688573626,82,15
4.207976444966952,0.005819592628516004,0.4190106692531523,5.088350911399472,0.7090341072502897,0.5851258297056029,2,2
3.5698414361550057,0.6122881355932204,0.2489406779661017,28.826016445215807,1.4340861302408314,0.4108318056522753,83,136
5.506858023216647,0.0,0.41420118343195267,2.829435845164269,0.3426763758006186,0.7447811088533635,154,0
8.856815331886954,0.016018306636155607,0.28604118993135014,3.699237155688796,0.6910775688964871,0.5913389299182474,597,1
4.930910595592122,0.002938295788442703,0.38491674828599415,3.3888343570698543,0.6341851412299294,0.6119257694678183,3,2
2.071818306754547,0.005934718100890208,0.3798219584569733,6.258085611360727,0.5704667149077202,0.6367533870711545,346,1
8.806010434248538,0.06711409395973154,0.4407158836689038,3.306511768201195,0.9134367443802777,0.522619837283348,111,60
3.9591918332986995,0.05921052631578947,0.3782894736842105,6.31321635961812,0.846629796306215,0.5415270575619892,730,3
2.731713873581433,0.001996007984031936,0.47604790419161674,2.4322283466071903,0.35075872788403745,0.7403246629888517,18,2
5.874591380429936,0.0,0.43410852713178294,3.321517266538102,0.4373883225574527,0.6957062223942131,1,0
7.189215434872115,0.00535475234270415,0.3427041499330656,4.5304686062640025,0.6385064815373431,0.6103118976140645,205,2
0.0,1.0,0.0,0.0,0.0,1.0,5,476
9.397099942396276,0.0,0.3980263157894737,2.3923679773930333,0.42311912377246585,0.7026818649932528,730,0
5.37406625051449,0.05499438832772166,0.27497194163860833,4.372592005224124,0.6011010761170357,0.6245701879266634,31,43
0.6373053964284557,0.12828947368421054,0.6348684210526315,1.9658344283837061,0.3266139123272035,0.7537988187126401,730,10
2.18433876093813,0.0024752475247524753,0.29826732673267325,7.240472377236781,0.6755798945978775,0.5968083069175225,133,1
2.1583503327444804,0.042045454545454546,0.525,3.747883611736572,0.5988536822637949,0.6254481014073244,153,7
2.575406947694817,0.010763209393346379,0.487279843444227,2.0219233220189095,0.1975301766728183,0.8350520258106312,2,2
6.520336449289858,0.012949640287769784,0.41007194244604317,2.4663273157414833,0.3889410483766451,0.7199729615369721,326,3
4.715491217402491,0.0,0.3519736842105263,3.246063187412782,0.43073939762692454,0.6989393048507896,730,0
4.183261021246671,0.003875968992248062,0.39147286821705424,2.6606047022006845,0.4132845907746075,0.707571572298761,1,1
11.73135149414101,0.5022354694485842,0.47540983606557374,4.232492301579418,1.0199324754879717,0.49506605400679143,357,95
1.7164096194220426,0.7634635691657867,0.15100316789862725,19.895666417405554,1.077406380226608,0.48136946604107267,15,37
0.0,1.0,0.0,0.0,0.0,1.0,9,307
6.676815573199946,0.0038797284190106693,0.33656644034917554,3.737950147836358,0.6188661627339825,0.6177162899687609,1,2
1.8645467628897994,0.9609375,0.036458333333333336,72.37489477130295,1.4584872114026666,0.40675420045380645,194,280
0.7666655972709141,0.0,0.4337748344370861,2.6390350201404327,0.30613506416127784,0.7656176052835243,730,0
4.840339681020624,0.010256410256410256,0.4441025641025641,3.0551916942271635,0.4556486903549165,0.6869789439072554,12,3
2.4428424445819656,0.0107421875,0.5341796875,2.308586277465226,0.28384065513346657,0.778912862746227,2,9
2.400698192367999,0.0,0.41776315789473684,2.2591519854028825,0.2848625869366161,0.7782933444923564,730,0
3.699580740600824,0.059475806451612906,0.3941532258064516,6.834379491045675,0.9260177015676809,0.5192060276424514,41,3
0.6707473811155562,0.20754716981132076,0.24726911618669314,35.81548680964129,0.5316561948784801,0.6528880327999058,3,9
0.9982760301557426,0.0,0.37943262411347517,2.6778082853901357,0.22078247042307583,0.8191467556488085,129,0
0.8506610215911181,0.0187207488299532,0.3619344773790952,12.6139428634337,0.5429174530934809,0.648122813048128,310,7
0.344279073994197,0.9039735099337748,0.08940397350993377,29.12860310421286,0.3159675449651963,0.7598971599458764,730,57
6.356296114642799,0.0,0.3344370860927152,4.3316133285792136,0.5861628975352001,0.6304522704155662,730,0
5.681198917950836,0.00129366106080207,0.3958602846054334,2.710965076498581,0.40306576471890426,0.712724966388403,150,1
1.1027945097917422,0.5039138943248532,0.45401174168297453,12.815901814300961,0.6103543827480074,0.6209813260442331,4,81
5.897928921419445,0.0,0.4418604651162791,2.3558267136188684,0.44326470107322086,0.6928735936355913,647,0
5.160670814235603,0.034013605442176874,0.3965014577259475,4.380572020795621,0.6546862346723488,0.6043441826286867,2,21
2.984179144246539,0.0,0.525390625,3.0948852557372133,0.3386152479620203,0.7470406463115176,4,0
5.974619983701927,0.3946053946053946,0.3776223776223776,7.351756214416823,1.0871792147066595,0.4791155416620724,10,189
9.494527029705548,0.45095541401273886,0.4547770700636943,25.78040389500254,1.2910608163131816,0.4364790287886024,232,32
4.794563796575423,0.0,0.42244224422442245,3.0973400424832307,0.578571617035263,0.6334840872649882,730,0
0.9669295560932296,0.12835820895522387,0.4626865671641791,4.412748735717642,0.3997861546106676,0.7143948357441334,23,38
1.983719764108636,0.9834146341463414,0.014634146341463415,186.88755020080322,1.6779969120786895,0.3734134253440156,2,308
3.762676864303642,0.0,0.4243421052631579,4.155961367367716,0.4603885494893651,0.6847492746705367,730,0
7.578802919905413,0.15257531584062195,0.47230320699708456,5.767918944025579,0.9782044446847755,0.5055089238561229,1,106
1.5607590878637934,0.28220255653883974,0.5860373647984267,3.442684214425962,0.4997078466325439,0.6667965379026375,6,124
4.862096267473157,0.0,0.3758586849852797,4.637200350135396,0.5608976326094457,0.6406570034501496,5,0
2.8819041891851493,0.0,0.4137022397891963,2.590109743840206,0.21235916973290395,0.8248380718894641,227,0
6.036765852707114,0.038419319429198684,0.34796926454445665,3.450248457313558,0.7346793486422785,0.5764754164985553,85,12
4.518092396131005,0.0,0.25089605734767023,7.2586305056674085,0.8764394327315995,0.5329242087735625,730,0
26.748547760936184,0.09625126646403243,0.5592705167173252,2.6424907141182423,0.636079956633314,0.6112170716019136,6,43
6.846828147893651,0.36519114688128773,0.39738430583501005,12.270524266934018,1.2550569607916207,0.4434477786534304,26,188
0.0,1.0,0.0,0.0,0.0,1.0,730,89
3.8500185546164087,0.04961089494163424,0.5145914396887159,2.2624298209805165,0.31072571464259163,0.7629361267797204,3,2
1.1320841374700348,0.0,0.4769736842105263,2.12436119712605,0.21180897557953177,0.8252125707533756,730,0
6.0695291547637105,0.04628632938643703,0.3821313240043057,3.781021763495542,0.43761584074067794,0.6955961193950028,27,15
1.4769266091286604,0.06622516556291391,0.6291390728476821,1.5976785306867443,0.2616697775125871,0.792600423520903,730,20
17.478183898801184,0.003887269193391642,0.5578231292517006,1.6967507846753376,0.25710409736943185,0.7954790713772725,4,4
1.9086240336308768,0.0,0.28972868217054265,6.004665611810265,0.5445868949415005,0.6474222999528129,1,0
3.167640360997131,0.0,0.5098684210526315,2.0708321102867497,0.2946723348388199,0.7723962064304827,730,0
4.56719479875044,0.04129793510324484,0.3785644051130777,2.8444325428040633,0.394572556353155,0.71706559507741,4,17
5.1723022129431655,0.0,0.34849951597289447,4.754183689150647,0.48335074949568657,0.6741493880257131,1,0
12.975552187215618,0.0,0.31788079470198677,6.02135393120552,0.939051932215607,0.5157159451925437,730,0
0.5967254117557418,0.023414634146341463,0.48390243902439023,1.8487280720229455,0.16820075598316883,0.8560172512115783,4,4
2.853635884408258,0.0,0.5365321701199564,2.1178764944951114,0.3038860566691913,0.7669381805911204,106,0
4.3128056504154335,0.0,0.3631889763779528,2.871041983741045,0.37160440829252017,0.7290731889997917,3,0
7.180793779773064,0.004859086491739553,0.4577259475218659,2.89185202526021,0.39665823140302625,0.7159947777599396,1,1
4.3438915123263815,0.04325437693099897,0.4685890834191555,4.289518757718706,0.7136555942116165,0.5835478280337068,11,41
2.1842091501501018,0.017879948914431672,0.4763729246487867,3.644231237223791,0.4201681828063193,0.7041419545281974,180,3
0.0,1.0,0.0,0.0,0.0,1.0,5,631
4.715870553254749,0.004921259842519685,0.43503937007874016,2.1947300044828872,0.2857970389177087,0.7777277204198012,3,1
5.662873831476809,0.003260869565217391,0.44782608695652176,2.006391507289425,0.2364293615471141,0.8087805345779918,14,1
5.97482198620587,0.0,0.4144736842105263,2.3339925347359913,0.43115239707047487,0.698737606174555,730,0
6.024457228909488,0.000970873786407767,0.38155339805825245,2.919219005353137,0.4391274156237344,0.694865506100159,1,1
5.685511130349328,0.09125475285171103,0.45627376425855515,4.657674699125476,0.7165294234285517,0.5825708469375525,386,26
115.47742156664962,0.026,0.066,340.7831117653087,9.841182669880913,0.09224085881130022,23,23
0.7284745255021909,0.917743830787309,0.07520564042303172,105.97871208089408,0.6560472207020102,0.6038475156379255,175,306
1.0048135158115135,0.6756756756756757,0.32094594594594594,3.730848455125061,0.5949685950794319,0.626971592472138,730,73
4.173913664232925,0.0,0.3810916179337232,4.619782389200443,0.6315987645849499,0.6128957815522632,3,0
1.0396305711562415,0.7570754716981132,0.11674528301886793,24.348771619830774,0.7717888840316319,0.5644013285175047,175,102
6.345261785096615,0.10911016949152542,0.413135593220339,4.323820540543511,0.7284384018342769,0.5785569210558886,83,47
6.989867221729596,0.001059322033898305,0.451271186440678,3.035732869734421,0.41262162921108275,0.7079036447703816,82,1
6.485607217518762,0.002912621359223301,0.3320388349514563,6.356646329617858,0.8213040975659455,0.5490571296338898,2,1
5.772319636258959,0.17478813559322035,0.3633474576271186,5.042499001886091,0.8066768325243164,0.5535024205755629,84,32
0.13535531103125284,0.6533980582524271,0.29514563106796116,14.47932305172649,0.12636613917009473,0.8878107794831251,3,599
0.8174661518480479,0.1111111111111111,0.5555555555555556,10.802299073580055,0.38439834979107534,0.7223354464059523,270,45
151.80680967813987,0.002938295788442703,0.10284035259549461,382.59793149524546,11.084497675136047,0.08275064689345824,4,1
1.1681520389949647,0.02631578947368421,0.2894736842105263,3.9392252589314234,0.47837678133263634,0.676417549725437,730,4
1.0743016539449304,0.2981427174975562,0.4027370478983382,4.540567549561554,0.5150630311029758,0.6600385459026041,3,28
50.643677870903375,0.008559201141226819,0.49358059914407987,2.605551164797812,0.6130995746185358,0.6199245327037415,231,4
3.1749618480012836,0.000999000999000999,0.41058941058941056,2.7905137425852478,0.3022729231852074,0.7678881916350659,29,1
6.192640643318164,0.056640625,0.35546875,5.6542692657880815,1.0647905045593502,0.48431063480380127,3,8
30.080223978232112,0.052011776251226695,0.465161923454367,2.884907088635619,0.5605678335045455,0.6407923952618668,6,53
13.163923141930336,0.014173228346456693,0.4220472440944882,6.467321260045484,0.8150249209384497,0.5509566223933471,224,2
14.57019533900451,0.020689655172413793,0.36091954022988504,2.448041552356882,0.4900316433185398,0.6711266867949457,597,3
4.083113976567047,0.0,0.40310077519379844,2.4154121857224875,0.3530430547838641,0.739074781444956,1,0
0.762561180541679,0.0,0.4633333333333333,4.062153163152053,0.3048212580446418,0.7663884948491444,730,0
15.945168174093787,0.22517207472959685,0.10521140609636184,21.663255085501994,2.7213061329274564,0.2687228527509844,3,24
0.0,1.0,0.0,0.0,0.0,1.0,5,667
13.093233556913988,0.0009794319294809011,0.14397649363369247,10.557370932771398,2.130636944474685,0.31942381621890625,6,1
2.5274082978875674,0.0,0.46357615894039733,2.164310204658725,0.2975415182600126,0.7706882484507994,730,0
7.606605944867878,0.0,0.3721841332027424,2.5952467077927794,0.47459795525619286,0.6781509471347819,5,0
0.0,1.0,0.0,0.0,0.0,1.0,71,573
3.858947824663143,0.0,0.4155339805825243,5.346895628402597,0.4764458628245053,0.6773021789549103,2,0
4.299937116531938,0.0,0.4480446927374302,1.8366604421940154,0.2599865913794174,0.7936592395838218,136,0
0.04768020496451048,0.9802631578947368,0.019736842105263157,177.72307692307692,0.04747717756046901,0.954674737953679,730,147
2.291981036188501,0.0,0.34462729912875123,5.272312931179877,0.39371556266258717,0.7175065176782387,1,0
2.900269000301833,0.06791569086651054,0.550351288056206,4.180656623887198,0.6148390004661295,0.6192567802185519,170,10
21.780000736341815,0.010112359550561797,0.3775280898876405,3.376254296388288,0.6416860787720503,0.6091298531007712,140,3
2.545687155213644,0.0,0.5671140939597316,2.353352068527576,0.4266002948094035,0.7009671900660878,730,0
7.546304753789623,0.0,0.3488773747841105,3.656315875686408,0.6144274660702627,0.6194146352292537,363,0
2.564403386130221,0.34812623274161736,0.5493096646942801,2.848523423285325,0.6476701637257699,0.6069175870362091,3,161
3.4313353045689734,0.0,0.28289473684210525,3.075676470921087,0.5036190205908326,0.6650620844148804,730,0
14.328330016394482,0.013157894736842105,0.40460526315789475,3.647795745720525,0.6356344688931257,0.6113835450513125,730,3
1.0986072259095618,0.9424657534246575,0.0547945205479452,33.087229190421894,0.8857778605190857,0.530285152316263,669,97
2.7170184954201435,0.0,0.3901156677181914,3.419405847652599,0.31861379412049373,0.758372166633516,54,0
0.11107720630711489,0.9234543670264965,0.06182531894013739,79.71768707482993,0.10918705937157555,0.9015611853302391,5,126
8.885259337635148,0.0048543689320388345,0.33980582524271846,3.9271947169779633,0.707258362172993,0.585734427873707,2,2
9.762222378221844,0.07342143906020558,0.47577092511013214,3.496860989151392,0.6036963680154406,0.6235594342821208,324,50
1.6601079505951597,0.8473360655737705,0.10450819672131148,28.761277726065344,1.1438755213882934,0.4664449918027132,55,261
0.0,1.0,0.0,0.0,0.0,1.0,3,313
2.8172850722920537,0.1203883495145631,0.41941747572815535,6.884615281079145,0.6115768294193875,0.6205102864132614,1,31
1.9779436595786126,0.0,0.3443579766536965,2.9171133571305066,0.3873156987321043,0.7208164665864591,1,0
2.1771047383096453,0.022794846382556987,0.34489593657086226,5.876025456029711,0.7992441907513752,0.555788928006706,8,17
4.271525783255122,0.003194888178913738,0.5324813631522897,3.1674159089463974,0.386591363103994,0.721193010867615,82,1
0.7621780217130132,0.0,0.49513618677042803,2.3022453102453104,0.21603887952601572,0.8223421280656563,2,0
4.184841224552685,0.004268943436499467,0.41302027748132336,2.987305202672988,0.35761904099835257,0.7365836584500389,71,1
1.1801296312402778,0.0,0.3957322987390883,6.606788302174709,0.3688766018404897,0.7305260376687529,2,0
26.38380930011281,0.007017543859649123,0.4964912280701754,2.685870736322068,0.7984091725312222,0.5560469860107095,459,2
2.420215827279623,0.000984251968503937,0.4940944881889764,1.5770204630786608,0.13890625039987214,0.8780353954936134,5,1
3.9309160644758907,0.0010582010582010583,0.41904761904761906,6.173944077160535,0.5319412086127683,0.6527665646552706,82,1
7.642519221372784,0.23666666666666666,0.4033333333333333,5.404817417575201,0.8379465259384815,0.5440854703263936,730,63
3.1218369669872956,0.0,0.548,2.3642419556295726,0.3204263439710406,0.7573311488110781,16,0
0.09356882790555646,0.7401960784313726,0.19215686274509805,13.11572700296736,0.0900005700121342,0.917430712892992,4,53
7.270287697698306,0.11054421768707483,0.14795918367346939,15.067230743778213,1.5812280765092577,0.38741249140306777,445,39
2.4046843386005685,0.01267605633802817,0.4788732394366197,1.9526031448313952,0.28819177390740186,0.7762819327488442,320,5
4.661931399328333,0.013605442176870748,0.4071914480077745,2.605261595377834,0.3386438658102921,0.7470246758981649,2,2
4.7365133054694715,0.6391875746714456,0.3249701314217443,6.834104515082461,1.1571354124742266,0.46357775882646307,171,314
1.6921453847105499,0.015028901734104046,0.5109826589595375,3.083539987600744,0.3177023931824867,0.7588967016936361,168,7
0.0,1.0,0.0,0.0,0.0,1.0,730,213
6.505555917138899,0.4126794258373206,0.5322966507177034,3.8925019422300298,0.8301905558668372,0.5463911923238877,182,52
1.3714863705199845,0.0,0.376271186440678,4.051866970824828,0.3587095303691776,0.7359924823139262,730,0
0.0,1.0,0.0,0.0,0.0,1.0,5,270
0.8744547554867301,0.0,0.41773778920308485,6.306000286409851,0.3726893641396236,0.7284969390192526,233,0
2.173162530558074,0.0,0.37597911227154046,4.849644283574638,0.41922093744522126,0.7046119273015572,265,0
0.9446475243635822,0.0019588638589618022,0.46620959843290893,1.8421101376587155,0.14534988077587704,0.8730956511931403,3,2
0.0003149703941743557,0.9990079365079365,0.000992063492063492,1008.0,0.000314967269499063,0.9996851319036455,10,366
2.405784348446817,0.0,0.44493882091212456,2.0883172952650018,0.17349216158912717,0.8521573749975574,132,0
3.139417539005251,0.0,0.25496688741721857,4.159401171576878,0.4157384892018898,0.7063451390402907,730,0
4.976312577428768,0.0,0.423841059602649,2.971892829430828,0.4188126571776688,0.7048146877891691,730,0
2.1518955787218035,0.002352941176470588,0.31411764705882356,8.61697225524943,0.7013974338289726,0.5877521501543076,155,2
4.107732594022479,0.02304147465437788,0.4861751152073733,2.4898967504909106,0.3672484005730428,0.7313959918189546,597,4
5.567806344354372,0.0,0.3840155945419103,3.5937773858999242,0.46878363994140665,0.6808354701172273,7,0
5.317611402026914,0.003218884120171674,0.44742489270386265,3.580196410680235,0.42138137430559286,0.7035409483176489,101,1
0.7847440289933231,0.1797945205479452,0.4315068493150685,5.545096277540686,0.4268210005607561,0.7008587619659292,445,5
1.297512858120494,0.0,0.45394736842105265,2.589464474124399,0.36482723401157086,0.7326934685064485,730,0
4.549370172292341,0.0011173184357541898,0.4547486033519553,2.2185989058971987,0.2687328063556803,0.7881880211424571,134,1
4.727900741080201,0.0029296875,0.271484375,4.505033477313711,0.536709919324084,0.650740902642085,4,1
12.43751966243178,0.08657587548638132,0.4260700389105058,3.714976326587872,0.5704686043872291,0.6367526209733964,3,83
3.715206489151371,0.0,0.4499514091350826,2.923190177290917,0.36513417192170006,0.7325287290935656,2,0
6.051303694447341,0.006587615283267457,0.42028985507246375,2.5307422657467167,0.3639263282404791,0.733177429964301,140,1
5.396013860328797,0.5253731343283582,0.12736318407960198,176.3461675376269,3.176375384164636,0.23944207788209182,5,67
2.3772654715784447,0.014866204162537165,0.45986124876114964,4.720786552979153,0.48983752020638793,0.6712141333784302,11,9
6.462962127092847,0.03391472868217054,0.46027131782945735,4.076043031725231,0.471122602997755,0.6797529981269181,1,15
4.431467842455314,0.48202137998056366,0.45286686103012636,6.887462840382099,0.9473610707483391,0.513515451767615,2,370
3.4875271828383876,0.07142857142857142,0.4421768707482993,6.266093631111148,0.6881568029923327,0.5923620354622602,730,15
0.0,1.0,0.0,0.0,0.0,1.0,731,303
8.60721585290965,0.0,0.3717105263157895,4.488911388461613,0.5929661567660159,0.6277597271935551,730,0
0.5033699765096945,0.0,0.4598337950138504,1.735202369975084,0.13163860384520634,0.8836743432064704,278,0
1.9644091822211942,0.0,0.4465753424657534,2.027981856734837,0.220855426753879,0.8190978047735682,669,0
5.357433480753776,0.0,0.39670223084384093,4.59201277647433,0.5917780100042367,0.6282283042704795,2,0
3.0462791461500847,0.0,0.6282894736842105,2.0602324631438225,0.30900892937022445,0.7639367292025339,730,0
6.062054452086505,0.0,0.31145935357492655,3.974592954940969,0.5451843156989145,0.6471719844940842,5,0
5.000412327120277,0.0029154518950437317,0.3819241982507289,2.9397039708547688,0.43044976280005737,0.6990808247907522,1,1
5.470242390801526,0.0029154518950437317,0.2759961127308066,2.2974015047833376,0.32534787768731427,0.7545188828045397,1,1
20.312336500112565,0.0,0.5335120643431636,1.4785697355548755,0.2657134039450353,0.7900682704972175,661,0
1.865933956996935,0.019736842105263157,0.46381578947368424,4.528284524603741,0.4834272979998537,0.6741146002559936,730,4
2.8674422267058306,0.19089147286821706,0.4021317829457364,4.301384436636478,0.7608215951644994,0.5679167058980658,1,18
20.9903749524912,0.0,0.3684210526315789,4.055041555590403,0.7536796509511922,0.5702295738321432,730,0
2.5970035673833545,0.28868360277136257,0.2817551963048499,14.273937259755769,1.117090648226013,0.4723463309603376,161,19
2.3103266599475516,0.0,0.46381578947368424,2.778831355805987,0.36667256850857016,0.7317041572666417,730,0
1.3620875760488749,0.030214424951267055,0.1539961013645224,16.804655029093933,0.6986007273566911,0.5887198703583322,2,4
4.706721090927192,0.003883495145631068,0.38737864077669903,2.7883053600433136,0.45746081831448365,0.6861247914413744,2,2
3.774312798730072,0.0,0.28289473684210525,4.384615384615385,0.7228297870766189,0.5804403937645218,730,0
4.900362879425036,0.8317120622568094,0.1614785992217899,10.786700566082791,1.592289177663371,0.3857594317086864,3,288
2.582570525941,0.791459781529295,0.20754716981132076,8.483378870673954,1.140295227573613,0.4672252627193256,22,186
4.4975635409742285,0.047524752475247525,0.3316831683168317,5.029433650984102,0.5718028630031282,0.6362120998363455,13,35
26.67605259128715,0.30660377358490565,0.4308176100628931,3.1110792019954134,0.8254468031057518,0.5478110883859418,223,118
1.529480442850153,0.1411764705882353,0.42745098039215684,3.592339863526304,0.5167642904439853,0.6592982220772624,2,81
2.0173970723748007,0.0018281535648994515,0.36380255941499084,3.77449254860677,0.3704616009980716,0.7296811521546652,477,1
1.3718842898145076,0.0019550342130987292,0.3509286412512219,3.9220620358235037,0.2923919765159831,0.773759059303192,4,1
3.8256185786636574,0.011587485515643106,0.20625724217844726,13.327457386846357,1.1295666955384496,0.4695790942331371,161,4
0.04172464753370434,0.9712313003452244,0.028768699654775604,218.6516129032258,0.04157633150646609,0.960083260104103,142,173
2.6862960308317434,0.0,0.24731182795698925,4.316257398738829,0.5326935589281454,0.6524461423973931,3,0
5.064404408891498,0.3452958292919496,0.1542192046556741,20.021092771100687,1.6106934135277784,0.3830399980397237,2,118
3.8318755245663896,0.0029069767441860465,0.313953488372093,6.206634457114627,0.6690661726313667,0.5991374197126347,1,2
0.48280657087994283,0.1560077519379845,0.44089147286821706,5.262942412325593,0.3135877128990056,0.7612738686425916,1,10
0.0501773486090678,0.9707887049659202,0.029211295034079845,174.33109243697479,0.04988831697711664,0.9524822629508277,3,127
1.7939211244098103,0.027439024390243903,0.4491869918699187,3.525990847837963,0.402222634339241,0.7131535146494212,20,11
3.0807004957795585,0.0009784735812133072,0.3473581213307241,2.420837735674442,0.31177319519089347,0.7623269050367176,5,1
4.404364483164106,0.08333333333333333,0.3933333333333333,4.001243476233462,0.6697872212361712,0.5988786998020523,730,19
0.010788118490145231,0.0,0.5966666666666667,1.2698876076485182,0.007405692066824331,0.9926487490341347,730,0
10.703260523077319,0.0,0.3980263157894737,2.8547248339265225,0.5130552396038949,0.6609144027430165,730,0
2.29610605448932,0.001937984496124031,0.42344961240310075,2.4072882540552447,0.348570893489543,0.7415257179490312,1,2
150.92678103766082,0.004849660523763337,0.0979631425800194,395.85597612131164,11.384483502216334,0.0807462014722729,2,1
4.635106497296878,0.0,0.45329249617151607,5.618856010895134,0.5198521099526063,0.6579587536521452,223,0
3.478085351497274,0.0,0.36291240045506257,2.753811732794292,0.3907181940130439,0.7190529356018627,147,0
14.965755667180995,0.002932551319648094,0.2727272727272727,3.42588922538083,0.6080825519473242,0.6218586221142935,6,3
0.07303435900525118,0.8876953125,0.1015625,47.673469387755105,0.07193288667799438,0.9328942254016291,2,573
3.5088705556654833,0.031683168316831684,0.39504950495049507,5.451761315977941,0.7706755582182355,0.5647562001738267,11,7
2.107846300039943,0.0,0.4334470989761092,3.3320074050486026,0.28781892259340536,0.7765066830872491,730,0
1.6353752746620227,0.021400778210116732,0.36186770428015563,13.322297429124584,0.7121712865063244,0.5840537146493644,3,11
6.672019007589658,0.011,0.378,2.4363955382880063,0.3934437438135192,0.7176464815603114,20,4
0.5421638069288,0.9094449853943525,0.04089581304771178,76.80834585597042,0.5000424151699379,0.6666478160130634,2,152
7.800108061784767,0.40262172284644193,0.4157303370786517,5.810909662481183,1.084064510208332,0.47983159595191016,253,184
4.3275540432931345,0.9834307992202729,0.016569200779727095,92.65002850679565,2.8285567890138785,0.2611950285991631,3,644
0.060058250025031484,0.8277227722772277,0.16237623762376238,35.14953779227841,0.05898426912482794,0.9443010903518199,7,165
1.8567376194570557,0.0,0.5781041388518025,3.821208028902201,0.41536761843945835,0.7065302236478815,282,0
1.7268779878226284,0.8125,0.1435546875,13.030769002859133,1.0407838940633016,0.49000778715915405,2,105
4.830229340130848,0.0,0.47333333333333333,1.6298213014257679,0.20098153138703326,0.8326522713842931,730,0
1.4535936661679032,0.006458557588805167,0.4564047362755651,3.677927501531266,0.4955736048552174,0.6686397759051167,89,2
4.139242534674827,0.0,0.38439024390243903,2.565090092493639,0.2999718319229354,0.769247437093146,3,0
1.1215643017571395,0.15731462925851702,0.2124248496993988,15.03626149131767,0.7238987305681042,0.5800804782021354,4,32
8.338742079569192,0.0029585798816568047,0.39644970414201186,2.270246111298794,0.4211544633680446,0.7036532803268016,9,1
1.5688628152144002,0.0,0.45290858725761773,2.406777988497772,0.2856902411402189,0.7777923235328803,278,0
3.5752696202371936,0.0,0.3223684210526316,3.1088488067574045,0.4395207064443511,0.6946756622001101,730,0
6.610512230517164,0.010763209393346379,0.48140900195694714,2.6718064479834776,0.4097742219524936,0.7093334410775585,2,5
0.8571869470404232,0.2993421052631579,0.5394736842105263,3.385084577467286,0.4446916020756133,0.6921892524074224,730,48
6.218272398045393,0.0,0.35526315789473684,2.07419461997559,0.33384692706651303,0.7497112147638021,730,0
77.68912242572085,0.057534246575342465,0.4383561643835616,2.228388278133826,0.3919717470088883,0.7184053858484059,647,15
3.6256778210514407,0.0,0.4433198380566802,2.1144108708196696,0.23650507268118315,0.8087310129926472,35,0
7.9733528151477,0.0,0.3622200584225901,3.5513775696055645,0.5540133662745542,0.6434951086664757,2,0
0.9993618360495292,0.02905811623246493,0.44288577154308617,2.9508591129682027,0.2720241957145005,0.7861485680610788,17,10
18.845382576913178,0.007658643326039387,0.4201312910284464,1.9549809018800923,0.25761191445926884,0.7951578611037307,94,7
7.515521354739638,0.0,0.3970873786407767,3.171715879949654,0.4104769088656919,0.7089800575354345,2,0
4.782904495558542,0.0,0.3234323432343234,33.397309961818806,1.6483394701481326,0.37759509733246766,730,0
0.22378696372416718,0.07236842105263158,0.4473684210526316,5.212024231340725,0.17377515893674636,0.8519519197406094,730,8
18.570251259624264,0.0009746588693957114,0.35282651072124754,90.87395398424052,2.4610147549683146,0.2889326023717443,2,1
7.67180708301436,0.033776867963152504,0.1862845445240532,157.52871320883366,3.6869173619279425,0.21335985313567687,10,7
3.4593116068073377,0.0,0.4470588235294118,2.4789964387404333,0.30175664972034877,0.7681927341910072,4,0
5.347923808771783,0.017733990147783252,0.44433497536945815,3.6197428569005434,0.423871644443145,0.7023104954035974,4,2
0.06240241292499072,0.9920079920079921,0.007992007992007992,248.07391304347823,0.06211696035990027,0.9415158945029445,29,539
1.9778795778342415,0.0,0.21052631578947367,5.990692039775882,0.4644667194481552,0.6828424208757868,730,0
2.2191053515862116,0.0,0.4035964035964036,3.8131089594815175,0.3973910298523549,0.7156193067202226,6,0
0.2250859152163121,0.0,0.006578947368421052,6.565666190249326,0.1388207141785699,0.8781013442676082,730,0
9.456291941886395,0.005563282336578581,0.33657858136300417,4.5670946302223205,0.7017029871040714,0.5876466149370653,315,1
3.40090899409896,0.0,0.3391003460207612,4.8661558721417455,0.5751064647337344,0.6348777193096252,144,0
3.928557618666843,0.0,0.447702834799609,2.9947648600930927,0.3284070768693355,0.7527812952914296,4,0
0.6968477385800426,0.059800664451827246,0.5149501661129569,2.1219958153474963,0.25225333346874096,0.7985604615880724,730,6
14.512349402373447,0.03978494623655914,0.45376344086021503,2.5106629069296234,0.37012771207553957,0.7298589694862451,23,21
4.330836966166508,0.0,0.3684210526315789,2.5720009028326376,0.4193553274750977,0.7045452119300584,730,0
1.1075665831455985,0.0,0.45614035087719296,1.7149481171359757,0.19511344113121787,0.8367406520451013,730,0
1.8577571702041362,0.0029354207436399216,0.37181996086105673,2.618448880716442,0.2567198092881596,0.7957223182201826,4,1
0.0657737387653509,0.9830508474576272,0.01694915254237288,125.97297297297298,0.06536383000093825,0.9386464715993965,730,104
7.810730264678108,0.0,0.3466666666666667,5.277485871265091,0.5969087651546474,0.6262098510700818,730,0
4.3655274607760655,0.0,0.5023041474654378,2.0581842774189036,0.2943201567692265,0.7726063715921077,129,0
5.537415684488059,0.0058823529411764705,0.5568627450980392,3.1836541332234525,0.32778018926770536,0.7531367074783049,8,2
4.087059625341308,0.030362389813907934,0.3516160626836435,4.898614121596696,0.7448645940572515,0.5731103739544322,8,7
4.84288034459983,0.0,0.36081474296799226,6.2671901226979365,0.6402246533179837,0.6096725823362772,1,0
0.5835318744550158,0.31893687707641194,0.521594684385382,9.237314734088928,0.3712992161736809,0.7292354492772829,730,61
4.911932932569595,0.028955532574974147,0.41675284384694933,2.9986222679118377,0.45532175522365664,0.6871332723575744,27,7
8.183567924441638,0.0,0.31125827814569534,3.6909015919206736,0.6515132976873856,0.6055052668363616,730,0
5.25417407363571,0.0,0.3815789473684211,2.3188386689190112,0.4049203144474809,0.7117841415748012,730,0
12.203105286339715,0.0,0.43980738362760835,2.3512765767347856,0.3782780846697013,0.7255429881116088,409,0
0.1153264186197642,0.0,0.2733333333333333,2.1236636810170473,0.0789114259326915,0.9268601443677598,730,0
5.91618233300295,0.053554040895813046,0.34371957156767285,4.203515297511614,0.6588883611825477,0.6028133196902681,1,49
2.580460178853739,0.0,0.4149908592321755,2.191902929195353,0.3164810287471794,0.7596007676249187,268,0
4.444533254077092,0.057392996108949414,0.36186770428015563,3.9698560835348946,0.566246433548016,0.6384691314090984,2,25
0.6830865046168363,0.0,0.4868421052631579,1.547141201383866,0.14306363538902125,0.8748419327150302,730,0
7.602151026056673,0.010080645161290322,0.38810483870967744,3.2161432117885527,0.7716182513606543,0.5644556885954245,40,6
2.9088824328236913,0.0,0.4276315789473684,2.0140870990948794,0.22731135183211465,0.8147891718814568,730,0
6.072006841069016,0.0,0.3235294117647059,7.4214752221922975,0.9522790257147895,0.5122218631805816,149,0
4.100891257793255,0.012596899224806201,0.5058139534883721,2.6300339213713864,0.35630892069258024,0.7372951580155972,1,3
7.585491783275496,0.41088580576307365,0.256136606189968,10.705437797399426,1.4603969263656826,0.40643848530453436,92,84
4.125821389831013,0.0009940357852882703,0.3996023856858847,2.641562242544852,0.35661180918590385,0.7371305433350865,7,1
2.779272691994081,0.05150631681243926,0.4071914480077745,6.03140291408108,0.5277762276076101,0.654546118685149,1,52
3.9659227203676246,0.0,0.3501454898157129,3.2486962504299965,0.27554400152966096,0.7839792267462178,2,0
7.139593831380052,0.0,0.16447368421052633,14.615207202346832,1.2146719225114229,0.45153414816674375,730,0
4.261256641375782,0.012304250559284116,0.3534675615212528,3.2656343877269447,0.3427882439303286,0.7447190608945231,100,3
13.22854909934513,0.0,0.39501779359430605,2.971552738795835,0.5381039804452782,0.6501511033802161,184,0
0.9979099335811943,0.0009823182711198428,0.46070726915520627,6.777077618035932,0.34352041511194753,0.7443132153050879,4,1
13.624407077691718,0.028538812785388126,0.2842465753424658,7.857673541543901,1.2749685503747406,0.4395665161328391,142,23
2.905999310864599,0.0,0.3848684210526316,3.113291263426398,0.46893099484733247,0.6807671725273461,730,0
4.4317724828572596,0.07655038759689922,0.4699612403100775,4.33644925607253,0.8200114392921329,0.5494470959967898,1,9
2.756382870061936,0.0,0.410958904109589,2.406198380592038,0.2299229836364504,0.8130590397159269,5,0
15.405899790763447,0.0,0.436399217221135,4.5538808855926165,0.6433798211576893,0.6085020560222917,3,0
3.907151397646014,0.02236024844720497,0.5267080745341615,4.033258577086416,0.6041634652341527,0.6233778674507054,224,8
4.679720484495067,0.0009718172983479105,0.4897959183673469,3.4296319552353287,0.5613824948961826,0.6404580576948832,3,1
3.2349990539739637,0.003925417075564278,0.40628066732090284,5.16388917782912,0.4202149009969099,0.7041187916688221,3,2
2.6010701351108714,0.007113821138211382,0.42784552845528456,4.5080838816888615,0.33163115938271,0.7509586967486997,29,2
0.6233236606418374,0.6950629235237173,0.1510164569215876,40.420894212077506,0.5399660716353603,0.649364955773379,1,37
0.0003580574370197109,0.9987179487179487,0.001282051282051282,780.0,0.00035805284659860066,0.9996420753093559,224,304
4.667338710050586,0.0,0.24,6.1713233036536685,0.930310887066671,0.5180512666120921,730,0
2.7403192342006717,0.0,0.4350282485875706,1.918691873761244,0.2261558746927397,0.8155569945383888,146,0
0.17515958269131046,0.7119205298013245,0.11258278145695365,67.45900094250707,0.16921465715356437,0.8552749436399344,730,15
1.3696705742600737,0.8540856031128404,0.13813229571984437,17.505389782846432,0.9142520845276583,0.5223972370633464,2,97
0.1299174286603622,0.9481409001956947,0.04598825831702544,49.485432909314724,0.1268916464452251,0.887396763614759,2,320
0.38398536625616597,0.9459459459459459,0.037422037422037424,76.84501992031872,0.3649416343987667,0.7326320589821284,63,512
3.4071780780002943,0.0,0.4220532319391635,3.927978758712247,0.2942813969051192,0.7726295088465277,242,0
2.577696077776044,0.0010090817356205853,0.272452068617558,1.6034260612035058,0.31687572341609194,0.7593730996922866,40,1
3.2144409562989007,0.13255360623781676,0.47076023391812866,6.380613846498806,0.591570330001089,0.6283102801993775,3,45
12.078826016841438,0.04951456310679612,0.37087378640776697,4.380783817372466,0.6731229861588365,0.5976846939959892,2,22
91.17474047037406,0.007782101167315175,0.2130350194552529,152.8806428816933,4.516084625051173,0.18128800915390653,2,8
8.963538787351368,0.004219409282700422,0.3691983122362869,3.858319270795407,0.6256375898178106,0.615143255952929,66,2
7.25971844450029,0.010689990281827016,0.36151603498542273,4.734096443395922,0.6458478028415313,0.6075895950242272,2,6
4.5836335859433515,0.06772908366533864,0.36786188579017265,6.471484655754601,0.9321662625087354,0.5175538044544855,224,18
23.18957422906012,0.008323424494649227,0.4090368608799049,2.42613380427129,0.6173970912079233,0.6182773577595396,184,1
1.0097317216146056,0.0,0.4550898203592814,1.8184079327002796,0.1573568719120194,0.8640377261923913,8,0
2.1428894194643946,0.16776315789473684,0.5361842105263158,6.7760348737471645,0.5639817357538296,0.6393936560378093,730,16
4.123644332288123,0.08663101604278074,0.46737967914438505,4.552521418308884,0.5866093767689677,0.630274858224044,98,29
8.232000010624239,0.24013157894736842,0.5394736842105263,2.956113240202745,0.7408707400719307,0.5744251867652628,730,48
9.019874084478031,0.003875968992248062,0.3992248062015504,1.8764048258163475,0.30836297830186143,0.7643138919276903,1,1
34.572530917282826,0.0020161290322580645,0.1693548387096774,259.1312724121587,6.634390448047279,0.13098622696927684,35,1
0.0,1.0,0.0,0.0,0.0,1.0,171,304
2.872142580083216,0.001984126984126984,0.4037698412698413,2.6118814717307473,0.2851067871048314,0.7781454506616234,12,1
2.24453732930162,0.0,0.40174249757986447,2.430037691827121,0.29772374940850577,0.7705800255684567,1,0
6.6540887434953655,0.0029354207436399216,0.29060665362035226,3.945158255885602,0.5670448947749043,0.6381438102599118,3,2
3.053456768542873,0.18234723569350145,0.41028128031037825,10.04006773727072,0.8604225233321586,0.5375123056502905,2,55
0.05773996816134561,0.9881656804733728,0.011834319526627219,186.53421633554083,0.05743207785050209,0.9456872180696018,175,192
14.64965568736358,0.023346303501945526,0.4280155642023346,67.06056081205152,1.870051923231443,0.3484257521285824,2,9
5.88253940317869,0.0,0.3373313343328336,5.9631922018897265,0.9028527929974841,0.525526726859802,354,0
4.3590313749890806,0.035754189944134075,0.6603351955307263,3.7742475236664186,0.5876944311051098,0.6298441188736507,136,14
5.698190379655912,0.14876847290640394,0.24630541871921183,155.93550904550554,2.650685868400519,0.27392113045270905,8,145
22.036745697190725,0.033235581622678395,0.3460410557184751,68.99055127117433,1.958047722914031,0.3380608068807221,3,34
1.3222215887642974,0.0029182879377431907,0.38035019455252916,7.156729739378793,0.377052415379453,0.7261887701815951,2,1
9.965102360293344,0.011077542799597181,0.4169184290030212,3.3227515778612444,0.6379538383729356,0.6105178159314623,40,6
1.7905970720807167,0.0,0.4506578947368421,2.7275083962550535,0.2287793243949086,0.8138157764759208,730,0
2.767374165382667,0.028688524590163935,0.42110655737704916,3.1105046972570523,0.33742689306402257,0.747704420470428,20,12
14.453813504502412,0.003887269193391642,0.2886297376093295,3.7114742056215553,0.7739693407137818,0.5637076002664374,1,1
0.0,1.0,0.0,0.0,0.0,1.0,278,632
1.5602816555136068,0.0,0.35144927536231885,4.030445840131992,0.3136404426136031,0.7612433110010013,730,0
1.176118329116473,0.0,0.4440789473684211,1.7034143438806826,0.16873131635892938,0.8556286513442665,730,0
3.4362872009336893,0.0136986301369863,0.41967621419676215,5.069510725926203,0.38177693657798173,0.7237058120803018,179,2
2.536186260767373,0.0,0.26644736842105265,6.287119834812725,0.5073741096435759,0.6634053176330948,730,0
8.54721609011061,0.5263157894736842,0.3848684210526316,5.79202960837882,1.2195923470876104,0.4505331807041631,730,28
2.0982187278486806,0.012429378531073447,0.47796610169491527,3.01035256686932,0.32291739689452365,0.7559050945640639,133,1
4.004650777053331,0.23076923076923078,0.5,2.0484953165481965,0.5898199750942423,0.6290020352403243,1001,6
0.715941195551298,0.7323775388291517,0.1983273596176822,25.997061909758663,0.5573055388760162,0.6421347481508022,161,59
0.5917165489271305,0.876937984496124,0.07461240310077519,223.58694001518606,0.5496314004183532,0.6453147501593156,1,131
6.96868276328709,0.058486238532110095,0.29128440366972475,4.938211515162713,0.7192082708519854,0.5816630928051734,98,48
7.578702298507246,0.0,0.4605263157894737,2.652524135984666,0.505695957757702,0.6641447065377065,730,0
1.468756228257113,0.00390625,0.4778645833333333,3.175334941452192,0.3636390779149717,0.7333318736575207,225,1
2.6429908693366464,0.0,0.48567870485678705,2.5787713723345567,0.4284220969470624,0.7000731801456164,219,0
97.25581866643346,0.10468594217347957,0.3020937188434696,161.34782479361095,4.837558939709419,0.17130448023361247,10,23
4.4731985549916065,0.0,0.2673611111111111,7.3417828007217105,1.0813080164154933,0.48046708709758273,730,0
1.0155801493692906,0.00196078431372549,0.4372549019607843,3.0997772043148637,0.2502486447128668,0.799840899031457,3,2
20.300228886099866,0.1372340425531915,0.30531914893617024,58.826863919117116,1.901448555538559,0.3446554301612915,68,16
12.439719338613571,0.003887269193391642,0.22448979591836735,11.65734886604309,1.1372111278616566,0.46789949152123766,2,2
4.490648967604829,0.14680851063829786,0.5276595744680851,4.477144361085763,0.6564530948720423,0.6036995572622889,91,23
1.5285298375499385,0.0,0.35267349260523323,3.750310923789125,0.3086896159480936,0.7641231257692372,147,0
0.27200847764679903,0.0,0.46688741721854304,1.8843938562808562,0.09278322970241858,0.915094570285742,730,0
9.387870190906723,0.12559618441971382,0.4419713831478537,4.013899286993854,0.770058507797821,0.5649530767455408,396,74
4.725218940167775,0.11306042884990253,0.5857699805068226,3.5080281578739223,0.588893865007408,0.6293686582994878,3,25
1.2554002524820618,0.0,0.4878993223620523,3.509675217439172,0.23263583475001703,0.8112696157359433,1,0
0.7175881498366051,0.43609022556390975,0.37781954887218044,6.1615191986644415,0.4658298707939696,0.6822074102353692,280,36
8.265503026441868,0.002306805074971165,0.3414071510957324,2.825041708262851,0.41604228841104646,0.7061935990076319,38,1
3.9743276192630366,0.11736178467507274,0.44131910766246363,4.618546059488495,0.8158578388367601,0.5507039034733031,1,8
0.5939229910122592,0.0009718172983479105,0.46938775510204084,2.41410373947259,0.21943204006693212,0.820053899801675,2,1
31.647569209933664,0.0,0.4246823956442831,4.597624642689444,0.904886775561121,0.524965584742133,480,0
0.0,1.0,0.0,0.0,0.0,1.0,984,50
0.7377591314282784,0.0,0.23178807947019867,6.639818191427516,0.4535804598671446,0.6879564135661254,730,0
2.1185607396312918,0.026188166828322017,0.32783705140640157,7.318238661382651,0.661488831786754,0.6018698295579915,2,24
1.7609432068896114,0.0058823529411764705,0.5313725490196078,2.188271389721777,0.3374785470618724,0.7476755438034997,8,2
4.174363951095826,0.06643757159221077,0.34936998854524626,11.783505586787332,1.2066832876847768,0.4531687920875981,108,9
7.787953715005777,0.17315175097276264,0.35894941634241245,1.6935403076393387,0.5266513187981072,0.6550284191856421,2,178
1.312042426503226,0.0,0.27157001414427157,12.85685828481834,0.6246096218716329,0.6155324864123045,241,0
47.92641649725858,0.168462291870715,0.5484818805093046,3.4850381158266015,0.8108617488713312,0.5522232719440218,7,128
4.561199665904282,0.0,0.4117647058823529,5.004655281106749,0.5316738156319902,0.6528805218148787,200,0
9.446016580350472,0.05699481865284974,0.5,1.9303311534443477,0.38002947546754073,0.7246222039288034,639,5
0.0003254722774520532,0.9989406779661016,0.001059322033898305,944.0,0.00032546882968902683,0.9996746370658044,83,338
1.2840041971362897,0.5427927927927928,0.23085585585585586,12.245203038219975,0.7777756209588362,0.5625006824318212,109,148
4.173338263412597,0.0,0.3926174496644295,2.291598103585917,0.31241799326179404,0.7619523696979102,730,0
5.5247476658702706,0.07894736842105263,0.2631578947368421,5.051852327860425,0.9028966967312111,0.5255146018792277,730,8
15.095305601959796,0.004849660523763337,0.32492725509214354,3.963664525936362,0.9341031112814668,0.5170355159283292,1,2
0.009880883551388407,0.9902439024390244,0.00975609756097561,341.6666666666667,0.009874525320450361,0.9902220275164213,2,353
134.64581435691719,0.0029239766081871343,0.10428849902534112,301.21110508789593,8.772984356854085,0.1023228896604823,4,1
6.741287881183111,0.0,0.375,3.324217979049508,0.4758441978279931,0.6775782982185415,730,0
0.6174623033231773,0.08729388942774007,0.5838991270611057,2.786450794789358,0.24556346376212024,0.8028494967085689,2,39
0.10097698342281164,0.9177631578947368,0.0756578947368421,56.18957345971564,0.09891729114341101,0.9099865914017162,730,84
8.863375784393806,0.0,0.4046920821114369,3.4120922906549542,0.5314858376143521,0.6529606578391441,6,0
51.5240990228698,0.0019588638589618022,0.33594515181194906,2.5660627705848613,0.47918222289379964,0.6760492280955412,6,2
5.540869159139853,0.003872216844143272,0.26621490803484993,2.8927160179092115,0.5168254518735818,0.6592716378570789,1,2
0.267560011710553,0.003929273084479371,0.45284872298624756,3.994819051527354,0.19346404329979114,0.8378970490263911,13,2
2.6244907237162267,0.0,0.4179728317659352,2.4833313635110117,0.2930082738478551,0.7733902560608575,70,0
1.7069487725764265,0.0019455252918287938,0.41245136186770426,2.650096529225399,0.21821311885320832,0.8208744303635245,2,2
2.259514801707434,0.0,0.16776315789473684,8.919358587032303,0.8373061823090593,0.5442750966761765,730,0
0.9519537833130508,0.02665350444225074,0.3899308983218164,3.678190973345036,0.4602234388031214,0.6848267007819395,15,6
3.4613159266827904,0.0,0.3939393939393939,4.931413277941999,0.5714218862419895,0.6363663435994718,730,0
7.768873080621719,0.0,0.34539473684210525,3.668133847431394,0.8231889803482744,0.5484894932882796,730,0
8.083173207768297,0.0,0.3705179282868526,4.001893161936574,0.6951790135497381,0.5899081996691194,14,0
0.5411029361667026,0.003289473684210526,0.4506578947368421,3.6385754929853817,0.3238988945667656,0.7553446899185162,730,1
1.2377610656030658,0.554176072234763,0.27539503386004516,21.522919431969015,0.7637041888927458,0.5669885042501376,130,96
0.7676039204104388,0.002909796314258002,0.4122211445198836,4.912839741947504,0.24903618545342365,0.8006173172933186,1,1
5.007342480412906,0.0019646365422396855,0.37524557956778,4.9704919186852665,0.5681049046236935,0.6377124368729498,10,1
4.480756072803942,0.10909090909090909,0.4102272727272727,3.753476009771237,0.6477719092226651,0.6068801115026587,85,26
11.498288222053413,0.705607476635514,0.29127725856697817,4.770212848272259,1.3942294217247901,0.41767091780185595,388,211
8.782931911425901,0.0,0.3256578947368421,3.0679500583715056,0.5842756765256696,0.6312032778241023,730,0
1.5251640731543075,0.005970149253731343,0.43084577114427863,3.011898840820967,0.3099224973350855,0.7634039433893275,8,4
2.9416188432441213,0.0,0.37026239067055394,2.7393368820532595,0.3209198645146592,0.7570481956279963,2,0
2.767792515969292,0.0,0.45723684210526316,2.4881884430194687,0.4053869177405074,0.7115478217256619,730,0
23.77585838549979,0.44291338582677164,0.3720472440944882,4.484131567371259,1.1957058881598823,0.45543440284620856,7,72
4.039679138367166,0.0,0.431237721021611,2.3409820545454876,0.34626423722706723,0.7427962300029034,5,0
0.8338298848878092,0.7105575326215896,0.22182680901542112,11.612150554427613,0.6043232540604593,0.6233157797027823,175,100
36.75367142402915,0.00946372239747634,0.6572029442691903,1.6227901333391572,0.20297756948141885,0.8312706947903287,58,6
0.5800040188788651,0.5497881355932204,0.17266949152542374,37.20173579574124,0.4793673447457044,0.6759646301182178,71,68
3.8011816293964453,0.65,0.3333333333333333,3.5896452540747834,1.053688601357296,0.486928738533726,974,37
0.19723233861196518,0.9517241379310345,0.04827586206896552,35.77758470894874,0.1897030884463862,0.8405458552737588,730,175
2.336218493451107,0.007897334649555774,0.3741362290227048,2.6534392391933137,0.26196588582039015,0.7924144473603666,2,3
5.836904767889494,0.0,0.3618421052631579,2.2655867695964362,0.4117631202691853,0.7083341288936112,730,0
3.9628857798035115,0.0,0.37748344370860926,3.393072454236545,0.44756935560500105,0.6908131870352128,730,0
6.650270233814593,0.001949317738791423,0.35282651072124754,4.565815350538644,0.595653168271688,0.6267026067344807,2,2
1.4904162379869608,0.6094771241830066,0.12254901960784313,19.635350756533704,1.0103397625698052,0.4974283544596989,346,56
8.283499330979389,0.0,0.30303030303030304,3.8360517805588477,0.4431415699068888,0.6929327107281095,253,0
5.223313904850415,0.0029211295034079843,0.4060370009737098,2.5481392931312707,0.383586315360231,0.722759389058889,2,2
0.9880201328945558,0.02125506072874494,0.4706477732793522,2.6156914942109584,0.26168859762745694,0.792588600610682,20,6
4.752080016531605,0.0010131712259371835,0.3617021276595745,4.718219474468348,0.49805071679805873,0.667534142059893,41,1
2.382245208496079,0.007774538386783284,0.4139941690962099,3.0824689030073817,0.4303712912984831,0.6991191770160637,2,2
4.99796384344885,0.0,0.2983050847457627,2.9071789382757784,0.49850365452890333,0.6673323731828855,730,0
16.793862449646497,0.11589403973509933,0.6059602649006622,2.016591379992445,0.5482957290679633,0.6458714451159636,730,25
236.949467749681,0.0,0.46047430830039526,4.682178754047906,0.8922757480666553,0.5284642056115254,465,0
23.010034657506854,0.04775828460038986,0.26413255360623783,4.675338479731075,1.1059298495949563,0.4748496253055793,2,34
1.6170462983816993,0.0,0.3815789473684211,4.004998098549465,0.34903088191593173,0.741272874776426,730,0
2.8640663117515506,0.0,0.48026315789473684,1.8817144648930269,0.24047044752769375,0.8061457667073321,730,0
0.38452651161679613,0.023026315789473683,0.4506578947368421,4.288132405491819,0.25219749203146863,0.7985960731942348,730,1
19.805909493631226,0.16967871485943775,0.22791164658634538,49.20931265533399,2.027156525823274,0.3303430105015918,10,42
0.8708003793343192,0.8113006396588486,0.18763326226012794,65.17824773413896,0.6963374189611269,0.5895053595011901,57,445
2.074786524537411,0.18985849056603774,0.6438679245283019,2.4503931262199683,0.4902458929204967,0.6710302002847721,176,93
5.161811441163634,0.8029978586723768,0.1948608137044968,8.648148148148149,1.5288678524915438,0.3954338693557115,323,195
3.6439719509001938,0.3125,0.3157894736842105,11.966215830622609,1.102343940884507,0.4756595629063795,730,75
2.855697905071635,0.05121951219512195,0.5097560975609756,3.9726939726939725,0.7133894341922645,0.5836384770701154,175,8
4.581793805082114,0.0,0.3509933774834437,3.013516250556988,0.42388147420468286,0.7023056470051735,730,0
4.805490418768779,0.0,0.46153846153846156,2.2157594203348885,0.3195069174693385,0.7578588537587088,130,0
4.516843705244254,0.02099737532808399,0.34120734908136485,3.28811400466612,0.6235547046752761,0.6159324333946653,647,1
4.450616270828993,0.05152224824355972,0.4203747072599532,2.6756882874475036,0.4549435986938728,0.6873118661766111,158,20
0.33479021395974223,0.0,0.5164473684210527,2.101619531061156,0.11008190475773258,0.9008344300668902,730,0
5.292338539231859,0.0,0.3776223776223776,3.7963596901413426,0.5929117462200185,0.6277811701577323,730,0
10.377014009959579,0.0,0.3717105263157895,2.183027633290746,0.3557755799716824,0.7375851982972629,730,0
0.4390064982803731,0.0,0.5296052631578947,1.727971387818534,0.1724864946134096,0.8528882887727577,730,0
3.314825457126174,0.0,0.28402366863905326,4.7658631788331025,0.5779222879125713,0.6337447716280737,184,0
1.5353474702485232,0.012219959266802444,0.40122199592668023,3.6286512143668523,0.38267559132775536,0.723235447470162,18,10
3.6684804424922413,0.0,0.40789473684210525,2.8252646936848262,0.48374796866344294,0.6739689092216907,730,0
11.79570540820154,0.002631578947368421,0.37236842105263157,3.8392843559355554,0.6766405419799825,0.5964307643539846,161,1
2.0215007443868296,0.008363201911589008,0.3966547192353644,3.2079407119426557,0.24136031140854838,0.8055678845292861,184,1
0.2625596150719731,0.1364522417153996,0.30896686159844056,12.559894950864114,0.2134461880893798,0.8240991729303963,5,62
3.4643347378005718,0.0,0.3740359897172236,2.8857931453569896,0.3280424365621506,0.7529879862790072,217,0
5.435161538965425,0.0029354207436399216,0.41291585127201563,2.6158544594320445,0.3569043953585864,0.7369715975720839,6,1
3.1931490940747507,0.002805049088359046,0.302945301542777,4.159310846881825,0.5985449369898908,0.6255689013553981,241,1
4.073931519664622,0.0,0.4551282051282051,6.284925406368291,0.7660258145816682,0.5662431385448787,409,0
10.604428610209778,0.6052631578947368,0.3059210526315789,5.071239380800093,1.376046328904272,0.42086721451309245,730,78
1.7813782276053414,0.0,0.4276315789473684,3.0401739727595283,0.31819297099277505,0.7586142712070955,730,0
14.08330857896699,0.03690888119953864,0.34486735870818913,4.928517348131198,0.8757397056224435,0.533123011152638,154,10
6.314714348724374,0.6190009794319294,0.2820763956904995,8.880692155230614,1.3690939100031188,0.4221023049266475,4,225
4.007775369786772,0.23345367027677497,0.3971119133574007,7.524540511738289,0.9041248258627516,0.5251756536218175,182,27
4.9132871439597885,0.0,0.495618305744888,2.917800218936091,0.43274803064488404,0.6979594308357884,2,0
6.212690692726342,0.0,0.4100642398286938,2.787005731257294,0.39788593622654345,0.7153659494560782,98,0
0.058918872013090706,0.6650438169425511,0.3349561830574489,3.3735335523228533,0.05657119496404719,0.9464577538800192,4,669
7.237348594372606,0.06459948320413436,0.4935400516795866,3.200307911676879,0.8512121230423375,0.5401866093857305,647,17
0.520194276932187,0.0625,0.4409722222222222,3.852182114378805,0.2874111801336567,0.7767526144181705,730,18
4.332536987770149,0.0,0.40175953079178883,2.7331248308736287,0.4169035798864533,0.7057643259537373,2,0
3.6312225770235935,0.0454065469904963,0.4836325237592397,3.4081235529540965,0.42914217938098315,0.6997204437931702,21,43
2.041492020018771,0.0025220680958385876,0.45901639344262296,2.5013409385084877,0.19737931549232388,0.8351572363589997,133,1
0.360783629653567,0.01206140350877193,0.34539473684210525,2.1700390262368074,0.16276677842011816,0.8600176910443953,121,3
1.0172022133279055,0.704612365063788,0.2512266928361138,11.104462926521368,0.6654398619603352,0.6004419750245034,6,117
0.2812862197549084,0.9605263157894737,0.03289473684210526,78.72615923009624,0.27109346227528186,0.7867242100435169,730,151
5.328024981640071,0.00186219739292365,0.4171322160148976,2.5083251251022363,0.29699814140781994,0.771011127984004,322,1
0.0669832511604997,0.646887159533074,0.17509727626459143,21.62640551323903,0.06523374308950965,0.9387610996058843,2,27
1.5857795677664663,0.09539473684210527,0.10526315789473684,34.06689203768971,1.0881362178656204,0.4788959606390745,730,2
8.533913486379134,0.0,0.38333333333333336,3.5943585801994686,0.5055503820761769,0.6642089244605582,6,0
5.8183329503440335,0.19207683073229292,0.4885954381752701,7.261261965580024,0.6475723872064824,0.6069536050525438,101,50
7.493601193248275,0.029940119760479042,0.38023952095808383,5.374582205392604,0.6857114516742607,0.593221336312803,3,7
1.3566323806933622,0.007797270955165692,0.34990253411306044,10.785087079553081,0.45151547733230496,0.6889351271940062,2,2
0.30469708482111163,0.7110453648915187,0.2406311637080868,20.382615928467455,0.26674509743721864,0.7894248037929046,4,88
8.45746842121322,0.009900990099009901,0.2838283828382838,3.761569435410801,0.8649265162557187,0.5362141571174271,730,2
0.000765588532085215,0.99706457925636,0.0029354207436399216,511.0,0.000765558568931832,0.9992350270626553,3,366
4.017360388328174,0.003913894324853229,0.3698630136986301,2.910818304221772,0.37978224669000704,0.7247520414173498,2,2
6.723454764424165,0.009852216748768473,0.3793103448275862,8.36868248837026,0.9439305785589837,0.5144216624964508,4,3
7.922369386269204,0.05323590814196242,0.33194154488517746,2.8776761583972044,0.5511069418932062,0.6447008732869497,13,50
6.1546090142965895,0.005847953216374269,0.3908382066276803,3.8137359577151937,0.6245268892349862,0.6155638337700368,2,5
3.3894380763563583,0.10776699029126213,0.5718446601941748,4.874836553980738,0.6024814988251155,0.6240321655714376,2,28
0.49881971057328717,0.0,0.5756578947368421,1.155379452553269,0.09842676273928491,0.9103929673983673,730,0
5.836424247602867,0.0,0.37755102040816324,3.5303069885858958,0.7151735425043421,0.5830313815008422,445,0
1.4467982233770345,0.7035957240038873,0.24975704567541301,10.641983946267063,0.8202011844213125,0.5493898194104984,2,162
1.697335782346468,0.0,0.45394736842105265,1.82932400800925,0.16429037858622428,0.8588922646722212,730,0
12.738203536127399,0.004887585532746823,0.3626588465298143,3.267675285590399,0.5470572299861896,0.646388498510121,5,2
7.463970158242086,0.0,0.3624161073825503,2.355536446619923,0.43309327288583216,0.6977912875037725,730,0
8.55217455958542,0.0009775171065493646,0.5073313782991202,2.444275502547293,0.4933151191752224,0.6696510248636022,6,1
26.995783756958016,0.06764705882352941,0.5029411764705882,1.66019400046675,0.38669683530485677,0.7211381569066292,443,15
4.7982469194111825,0.0009718172983479105,0.391642371234208,5.269456734084118,0.6179005431474616,0.6180849646385564,3,1
2.182703751655045,0.6289752650176679,0.20141342756183744,15.212893210426243,1.1030580632835707,0.47549804613509744,175,146
30.73934018330001,0.0,0.32077764277035237,2.9796000544046284,0.6334545475474046,0.612199464932451,202,0
1.464209548043751,0.002631578947368421,0.5,3.3653944133088185,0.21098520306263405,0.8257739214904993,271,2
6.751899013195949,0.0087890625,0.310546875,4.2116856765631026,0.5017827866595145,0.6658752576491749,2,3
5.566781272116747,0.0,0.3504854368932039,3.1656507255948574,0.38522755483385,0.7219030523255395,3,0
11.495055211696826,0.0,0.3815789473684211,2.309992528095884,0.32366521291400235,0.7554780394949984,730,0
0.6664994872430411,0.034055727554179564,0.44788441692466463,11.933765636967067,0.33149647280303185,0.7510346594421132,17,20
3.1514479909551785,0.002912621359223301,0.39223300970873787,3.3274917886994624,0.431762052815018,0.6984400781078661,2,1
3.2398289215139062,0.006349206349206349,0.45396825396825397,3.0102304433192106,0.4347985490087554,0.6969619537814976,77,2
5.723136482474227,0.0,0.4117073170731707,4.328908770315446,0.686497224683982,0.59294494254942,2,0
1.362393036633701,0.22259136212624583,0.3920265780730897,6.749675439631772,0.6408305788641454,0.6094474425825509,730,27
4.392089651860494,0.011940298507462687,0.32338308457711445,6.733904136626062,0.8950489189415661,0.5276908632831103,17,10
2.638010168676805,0.006920415224913495,0.2664359861591695,6.70960797416639,0.6794733372279216,0.5954247547928115,154,1
3.523352557629842,0.7694145758661888,0.18518518518518517,17.74807311738361,1.4825883258607715,0.40280540659244285,169,121
5.135036102651879,0.00975609756097561,0.4146341463414634,4.205732614171918,0.6894200712835958,0.5919190951959125,624,3
3.489811081346206,0.005988023952095809,0.4151696606786427,3.0007701932711535,0.38741482385351794,0.7207649671945404,20,2
2.6361148670756185,0.011799410029498525,0.5142576204523107,2.5836750336002763,0.40774644825557216,0.7103551930386067,4,1
0.7718442214875634,0.5431976166832175,0.2939424031777557,39.077781860320506,0.5711650642176176,0.636470363792084,6,228
3.434403216690457,0.0,0.37265917602996257,2.251540307047679,0.31291846550040503,0.7616619205815347,253,0
0.33230529689553173,0.005905511811023622,0.44291338582677164,2.708496732026144,0.16986852237471273,0.8547969116820947,9,4
6.746848447362339,0.049554013875123884,0.38354806739345887,3.8860369432450224,0.5957933078759082,0.6266475708756147,13,50
0.0,1.0,0.0,0.0,0.0,1.0,5,266
2.519307567131896,0.029322548028311426,0.43478260869565216,3.5589121262650765,0.4934799721715746,0.6695771075831458,21,15
3.8221112745435746,0.0,0.5033881897386253,2.2459162568050854,0.2549044777684638,0.7968734016936906,1,0
6.766657153607246,0.046966731898238745,0.2925636007827789,4.46186545596447,0.6219767930720363,0.6165316324322941,4,48
2.3422433387600448,0.022590361445783132,0.34487951807228917,4.188134773496695,0.4270974056792559,0.7007230172379367,346,5
1.0113182105809937,0.0009881422924901185,0.5,1.5879029173476127,0.1823220750748143,0.8457932242673576,9,1
7.8940794718071885,0.0,0.3273942093541203,2.425641585047616,0.3583414903330045,0.7361918980733224,131,0
3.435633573291383,0.0009900990099009901,0.3603960396039604,7.6361902738444725,0.7125982205578606,0.5839081157483982,6,1
0.0003121952705272329,0.9990253411306043,0.0009746588693957114,1026.0,0.0003121922277179959,0.9996879052058509,2,582
0.7386535898029493,0.753921568627451,0.23333333333333334,29.10839324059378,0.5617011932924845,0.6403273585849878,3,159
2.178196445995669,0.8688046647230321,0.10592808551992225,63.282078042558126,1.449398376193599,0.40826351879681355,2,371
2.0322341458836153,0.010575793184488837,0.4500587544065805,2.780838576533951,0.29726806035786285,0.7708507058472874,174,9
5.9718018542330205,0.10465116279069768,0.3624031007751938,13.633610141812639,1.2176611186875357,0.45092552309877876,1,8
10.26154222404778,0.317,0.442,4.840487131570967,0.9336542908476307,0.5171555250249222,21,141
3.2086665237811074,0.001937984496124031,0.4108527131782946,2.195975082885526,0.3025920843096209,0.767700043663327,1,2
5.3240160527617375,0.2836801752464403,0.3362541073384447,9.424065976334356,0.9991996777145378,0.5002001606678872,85,87
0.7639574654409417,0.35135135135135137,0.06511056511056511,42.80727863931967,0.6385138172220783,0.6103091652259552,217,240
2.587279267482899,0.0,0.35855263157894735,2.124955617441597,0.29774529260903354,0.7705672335667381,730,0
7.7472630223522945,0.009737098344693282,0.45569620253164556,2.0123962089540157,0.30628347380646337,0.7655306218381801,2,2
1.0128388434011135,0.7275747508305648,0.18604651162790697,20.692945703292,0.729428141796232,0.5782258168653207,730,173
2.61272999078635,0.0,0.39571150097465885,2.6714599803676977,0.3686880788449699,0.7306266602715615,2,0
0.8208504955525668,0.47989276139410186,0.3190348525469169,9.040223406435747,0.538892626797218,0.649817916199407,661,18
2.9279689867399727,0.0,0.4243421052631579,4.632470990689809,0.4817954131698765,0.6748569951777531,730,0
116.6641144115061,0.0009823182711198428,0.34970530451866405,163.69811163241832,4.896156816391472,0.16960200197185624,5,1
0.17112055272560686,0.05547445255474453,0.3883211678832117,19.33068017366136,0.14733970865433244,0.8715814439760469,332,4
1.577347233816019,0.0,0.4306049822064057,3.9905352789050204,0.29606309065376707,0.7715673775538,280,0
5.606895913002588,0.002333722287047841,0.4364060676779463,2.078391785173275,0.27933306887557885,0.7816572746602353,170,1
0.007476150488367501,0.993421052631579,0.006578947368421052,282.2857142857143,0.007472709109172487,0.9925827180809891,730,225
7.339068800420196,0.0019474196689386564,0.3924050632911392,2.4566082560202727,0.3549994304743881,0.7380076902688424,4,1
6.67279738465384,0.0,0.37766990291262137,2.777544062670448,0.42687787062288785,0.7008308283339352,2,0
2.8640800882338247,0.0010162601626016261,0.4654471544715447,4.167115164020172,0.5480501653573543,0.6459738982484191,6,1
4.128885954139829,0.006979062811565304,0.3629112662013958,4.139762959597107,0.4041784096467696,0.7121602163442726,4,2
1.0571406993026706,0.0,0.4823196605374823,6.739992410216308,0.47406013891182114,0.6783983730393923,241,0
3.4926932490878984,0.0,0.38783269961977185,3.717882946366683,0.3777261295563966,0.7258336606579293,242,0
3.970416504363785,0.010958904109589041,0.3041095890410959,3.4124315373837733,0.6225763179434138,0.6163038304832908,669,2
0.0,1.0,0.0,0.0,0.0,1.0,15,213
1.006011030652632,0.0,0.6677852348993288,1.8852948316981564,0.30032285859419605,0.7690397760761655,730,0
12.733256410867908,0.0,0.27631578947368424,2.925918375185773,0.5472782416710038,0.6462961690200184,730,0
1.7863210723670762,0.0010695187165775401,0.4459893048128342,2.5711806128170456,0.20339743028891172,0.830980667592019,94,1
9.057720238567931,0.0335195530726257,0.4893854748603352,2.613010444689145,0.44755238760858296,0.6908212846458993,83,12
3.2588068178581038,0.00196078431372549,0.45294117647058824,2.639880407590457,0.2592794237021349,0.7941049311042631,5,1
1.611516776776031,0.45811240721102864,0.1537645811240721,11.310727330116789,0.9448802286249525,0.5141704796428563,87,54
6.082524685746189,0.0010090817356205853,0.3067608476286579,3.3784188454594615,0.6644153433441399,0.600811572663589,41,1
0.18262019390821307,0.024925224327018942,0.4356929212362911,3.6064052178275774,0.14745693417213102,0.8714924022150614,11,3
1.222982215382161,0.3181336161187699,0.49628844114528103,11.073081763145364,0.5442325108563045,0.6475708761276384,87,188
8.081634993111798,0.3069403714565005,0.3098729227761486,6.312829615978753,0.9838997236579913,0.5040577344081489,6,152
56.16874540581162,0.02902902902902903,0.002002002002002002,728.5309100764181,16.33891624190322,0.05767373150942877,23,23
4.302777236760873,0.0,0.3808139534883721,3.140220141867527,0.3817910058395186,0.7236984433781588,1,0
4.464029578224947,0.0,0.3232876712328767,3.284578570232419,0.43233489866776315,0.6981607450395264,669,0
4.7595416749076165,0.7152317880794702,0.26158940397350994,16.62299986800229,1.4610060537106007,0.406337887097938,730,44
4.195579416712959,0.003171247357293869,0.3298097251585624,13.71821501142286,0.7377233704660068,0.5754655873286835,76,1
5.795154229263223,0.7005524861878453,0.2983425414364641,9.367347602628326,1.318007282238444,0.43140502951065973,88,291
9.100032819535036,0.0,0.35015447991761073,5.002172974356105,0.5530158734822032,0.643908421719979,25,0
1.4356874399817896,0.005925925925925926,0.4237037037037037,2.219971040195759,0.2894816460367085,0.7755054157409329,346,1
0.2441555644749174,0.43248730964467,0.14822335025380712,109.31488606096481,0.2360577066989209,0.8090237167572469,16,24
7.219091017307024,0.0,0.45394736842105265,3.5422956758669772,0.7485490769392749,0.5719027353526943,730,0
2.9839722510545768,0.48693126815101645,0.2042594385285576,14.007251256388264,1.2613372406546297,0.4422162170338256,1,73
2.5717027351410606,0.001937984496124031,0.42248062015503873,2.453340357577953,0.261650273842396,0.792612676216895,1,1
2.500989762400581,0.002336448598130841,0.4380841121495327,3.066708023073544,0.37825693210411326,0.7255541232601326,170,1
14.035177199091606,0.0,0.3815789473684211,3.9840859359458927,1.0344704034709127,0.4915284087170538,730,0
7.796308628710525,0.694078947368421,0.28618421052631576,9.521154387234212,1.531107479652443,0.39508397333538525,730,178
6.826050023562052,0.0,0.21470588235294116,10.058871749012594,1.190012207483591,0.45661845928659855,443,0
1.6827903633927352,0.40631163708086787,0.3067061143984221,63.992173267660746,1.1698302026423655,0.46086555472507706,8,139
3.7358627546531986,0.006802721088435374,0.4207968901846453,3.108571008772369,0.38392539761628675,0.7225823022848118,2,4
0.4285315920093305,0.0038948393378773127,0.44498539435248297,4.29656776611945,0.2709036514238121,0.7868417081654343,4,1
1.5760739202910425,0.0010131712259371835,0.3738601823708207,4.486143187066974,0.3075980699452778,0.7647609942112024,41,1
7.530765155604574,0.0,0.4412107101280559,6.373215229240205,0.5981959845482944,0.6257054889814622,129,0
3.4468388378510215,0.0,0.4358108108108108,2.886971079218254,0.4672459760868222,0.6815489810829282,730,0
5.836440006850429,0.037037037037037035,0.3900462962962963,4.250301054795125,0.699560533313926,0.5883873980352602,129,23
1.2942586611987223,0.9283611383709519,0.02845927379784102,210.59222349289334,1.1554463525796799,0.46394102957059485,3,128
3.0527067846392892,0.34411764705882353,0.4137254901960784,12.583462666953654,0.848854863115617,0.5408753385405491,7,105
4.329426088363697,0.0,0.5302663438256658,3.0329722360807017,0.502277591300351,0.6656559385502206,206,0
2.1856441197583694,0.5388349514563107,0.33980582524271846,11.8549858635279,0.8911708595167788,0.5287729529924727,3,133
3.6215333948097497,0.7152317880794702,0.2185430463576159,40.40946050210695,1.7116389953246491,0.36878065322271103,730,138
1.9098202244848201,0.04451038575667656,0.6399604352126608,1.921292002888068,0.2701747612433557,0.7872932375235628,6,20
3.956323065319096,0.3133159268929504,0.4516971279373368,3.5225064746383685,0.7706992187667026,0.564748653753009,651,84
7.275738658904599,0.08493589743589744,0.36538461538461536,3.6644865626636403,0.7189487847959369,0.5817508984822454,409,40
1.408833805347491,0.010043041606886656,0.5179340028694405,1.9785168220379987,0.2815978831424486,0.7802759454845719,326,1
0.4985623267091811,0.5083415112855741,0.17369970559371933,49.19687332362634,0.44196557683551446,0.6934978310609633,2,11
4.07273358910166,0.0,0.3924324324324324,4.4928665945224235,0.4445329056188527,0.6922652963530725,106,0
2.368200241648929,0.5993377483443708,0.24834437086092714,8.673710926371946,1.0393333715692916,0.4903563164027899,730,72
1.8177971158449735,0.0,0.42524916943521596,3.019185174027771,0.2613561457773889,0.7927975008071079,730,0
0.030217227563742195,0.0,0.5614617940199336,1.0278757284436362,0.015945347200586248,0.9843049163574368,730,0
5.0776345836528805,0.0,0.35877862595419846,2.666629839976523,0.42120035489466495,0.703630558883527,730,0
1.3750322030454163,0.0945945945945946,0.4608108108108108,8.801835870584052,0.6099641105244717,0.621131858445114,278,4
1.9026091941208318,0.001949317738791423,0.36257309941520466,3.482150950726264,0.412471059106117,0.7079791076447616,283,1
2.075145983386032,0.0009718172983479105,0.41496598639455784,3.824624462273057,0.37044542390097296,0.7296897655022992,2,1
12.626582958428028,0.052689352360043906,0.48737650933040616,2.7922770842727416,0.5794805838488406,0.6331195269037267,108,47
4.791444489642711,0.25149700598802394,0.4471057884231537,7.533652823319113,0.8632845223951012,0.5366866884691239,26,171
1.5899889920338945,0.0,0.1875,10.850262142075245,0.742323699324729,0.5739461618914838,730,0
1.5056698061564024,0.0,0.3998063891577928,3.073389143734084,0.2674336916224881,0.7889959108786697,1,0
26.248261627936625,0.3260340632603406,0.15815085158150852,6.9057536036253575,1.6548389120684808,0.3766706881740195,211,62
1.7499851185454338,0.11661807580174927,0.4616132167152575,3.507456327226246,0.47406967217852797,0.6783939856262694,3,51
5.812843439996652,0.009868421052631578,0.29605263157894735,11.733431630035787,1.1001907667627429,0.47614722235038254,730,2
3.321528273094893,0.05309734513274336,0.5,3.334115674769489,0.3591593025182002,0.7357489281405328,27,43
1.340925028897921,0.0,0.5098684210526315,2.2021378455163325,0.258298298536902,0.7947241136404295,730,0
1.446300167589133,0.0,0.4132804757185332,3.440543744537544,0.22566604488177683,0.8158829268183375,9,0
5.319813354111316,0.24951456310679612,0.5825242718446602,2.812865519750506,0.6249844882996254,0.6153904896940858,3,12
1.111084389509206,0.0,0.4651474530831099,3.2771352288679094,0.32345474413138,0.7555981830389884,280,0
3.123489323780426,0.06550802139037433,0.5467914438502673,4.000686032256221,0.5996011882818498,0.625155824667842,278,12
1.6733241715058493,0.0033222591362126247,0.4186046511627907,5.127397674067361,0.41017523301078285,0.7091317281647036,730,1
2.5202006433199453,0.0390625,0.4072265625,4.4671311032628935,0.45510801690147135,0.6872342041860334,2,10
2.3953275184301996,0.0024009603841536613,0.43937575030012005,2.8157824368708058,0.31896295051199747,0.7581714100550119,171,1
6.8856593947637075,0.12693798449612403,0.4728682170542636,3.8323993384127326,0.6931161935571358,0.590626918462731,1,17
5.5325044530163074,0.002,0.388,2.9751288195293957,0.4725090447524258,0.6791129762928763,504,1
0.18679544608895587,0.8923375363724539,0.0921435499515034,43.66793731469716,0.17861485125272533,0.8484535884959542,2,360
3.1522891084613334,0.04251700680272109,0.3197278911564626,6.743840362734195,0.754013438791682,0.5701210594423309,445,20
1.7998063522041292,0.260233918128655,0.5097465886939572,7.628740905687904,0.7133067252892032,0.5836666518840646,2,21
3.879807109845052,0.5097847358121331,0.17416829745596868,12.461787182181652,1.5075346514417534,0.3987980781940666,8,70
3.7034813712246177,0.0020491803278688526,0.42418032786885246,2.653012448488551,0.42825161702998776,0.7001567427450033,546,1
5.463201977384889,0.6029593094944513,0.27743526510480887,6.746495969128943,1.3264526106463161,0.4298389726159898,206,312
0.5548501545194752,0.6231454005934718,0.258160237388724,40.43196383327538,0.46272220856328883,0.6836568106682522,5,73
6.8410239503185615,0.0068762278978389,0.3929273084479371,3.456698988861441,0.39552878770324307,0.7165742540114824,4,2
0.9752747638659947,0.0,0.4375,2.5103867223517926,0.2846752008826501,0.7784068683764885,730,0
88.97398962240315,0.016536964980544747,0.1517509727626459,367.22045807293193,10.136148743452546,0.08979765114828822,2,8
11.95127746585338,0.09500805152979067,0.5169082125603864,2.8556977062365223,0.6551258001819222,0.6041836819232022,253,50
16.357205424202533,0.0,0.46710526315789475,2.024998819537663,0.408803729188801,0.709822084709988,730,0
14.295148586796664,0.0,0.48355263157894735,2.068571805981638,0.3587414009618928,0.7359752188989537,730,0
3.0521459487487697,0.0,0.3584905660377358,2.6025529655904642,0.3460779069866176,0.7428990512433555,255,0
5.685735574310017,0.0,0.6151315789473685,1.6221034559268617,0.34945495496318263,0.7410399260250099,730,0
7.814588709508238,0.4308779011099899,0.22906155398587286,11.249276623948322,1.5382254210161532,0.3939760400002849,42,172
2.0734689975114486,0.0,0.4809052333804809,2.2451647275236652,0.26777310021437195,0.7887846806584764,241,0
1.236067270413016,0.5921052631578947,0.11513157894736842,26.73041745902382,0.9067018560566485,0.5244658449476486,730,48
3.894938972102593,0.0,0.3946053946053946,2.9035569360252493,0.43390766254976915,0.6973949760626872,18,0
5.957207583754571,0.0,0.3735408560311284,20.307125996069452,0.6712295073200182,0.5983618621021112,2,0
2.700399645340368,0.0379746835443038,0.34177215189873417,3.7268148914820163,0.5388439982770886,0.6498384508888582,633,5
3.2327767154093854,0.05257393209200438,0.3154435925520263,6.002424546442605,0.8327244347929333,0.5456357655388508,94,35
8.672519419754982,0.0,0.34408602150537637,4.1919206645614775,0.6374415054913556,0.610708838542556,6,0
6.670895323949673,0.003289473684210526,0.5460526315789473,3.1533430214126845,0.4775034032292755,0.6768173919697038,730,1
2.9411553238536365,0.1267605633802817,0.6207243460764588,3.411931861224229,0.4216053392965787,0.7034301098607352,20,27
4.74998172432941,0.0068694798822374874,0.44847890088321885,2.816140569630813,0.31060633857499265,0.763005618519508,3,2
3.4969256703068745,0.11842105263157894,0.4868421052631579,2.715321780288571,0.4429734498021909,0.693013443966751,730,35
2.122824203807575,0.0,0.4105793450881612,3.2305044076991294,0.4365100425298896,0.6961315761070935,212,0
15.351869597168639,0.1968503937007874,0.37270341207349084,4.4077341922851465,1.0942664931501502,0.4774941504678431,647,18
13.190735444955518,0.07160804020100503,0.4296482412060301,3.2193681416176156,0.6076150720084785,0.6220394529833856,91,17
20.749636488623285,0.0029585798816568047,0.33925049309664695,3.974535252819679,0.725557549888288,0.5795228331067483,6,1
15.913308848654973,0.03456221198156682,0.3294930875576037,2.8641632843504126,0.5670766957236943,0.6381308603011215,597,5
20.578832336231613,0.0010319917440660474,0.5118679050567595,2.061669274810785,0.42626378767896955,0.7011325735384125,25,1
6.441433571626117,0.0,0.21781219748305905,5.08700782804977,0.8087374848060657,0.5528718282228893,1,0
9.05376882210722,0.0,0.38266796494644595,3.781473510962614,0.5282488596619648,0.654343691263209,2,0
2.597695728388458,0.006809338521400778,0.39980544747081714,4.560150436361883,0.4960556400561241,0.6684243374547789,2,4
0.6734118680537745,0.0,0.46,1.8411311600576017,0.15136365779029762,0.8685353174332465,730,0
8.177454059958217,0.0,0.39473684210526316,2.8133695988865735,0.4954669636797089,0.6686874563510415,730,0
13.187439476498882,0.004524886877828055,0.334841628959276,4.0286396710724555,0.6364195924158121,0.6110902146580395,357,1
56.91900806081087,0.012633624878522837,0.2468415937803693,276.09614687799956,7.518058372739003,0.11739764582975587,2,3
3.201973862805961,0.0,0.38,3.2199444232466536,0.3805905882212199,0.7243276960828914,661,0
4.557804021722683,0.0,0.43852855759922554,3.083816030134539,0.3932268757356621,0.7177581895784005,1,0
6.675886906393803,0.26796116504854367,0.3087378640776699,8.446715213274416,1.0823967550255036,0.4802158846947266,1,266
1.238276729246576,0.002926829268292683,0.4721951219512195,4.055075941198517,0.22933495123739306,0.8134479532965733,3,2
4.646951510167327,0.05778648383937316,0.3966699314397649,5.346543142865028,0.7349206521032614,0.5763952367433578,2,5
5.979266190610217,0.0,0.39473684210526316,3.646311529673777,0.5593722544323352,0.6412836942286332,730,0
2.052473068957617,0.0019860973187686196,0.37934458788480635,4.534699024038776,0.3913166028824332,0.7187436690745079,14,1
3.308445627312354,0.001949317738791423,0.35964912280701755,9.301747672569084,0.8355380441692596,0.5447993863034242,3,1
1.2032946749582931,0.545144804088586,0.3543441226575809,17.954513043692064,0.7108049372558574,0.5845201742309715,447,270
2.823897272381044,0.14007782101167315,0.2529182879377432,5.682937208422645,0.8140862374948719,0.5512417101961653,730,16
3.595371670426435,0.0,0.3953488372093023,2.8842574677059725,0.35901831996893424,0.7358252536454836,730,0
0.0,1.0,0.0,0.0,0.0,1.0,730,188
5.506467691557678,0.012670565302144249,0.4152046783625731,8.975387848606879,1.0048245092562178,0.4987967751706089,2,3
4.485258655883616,0.07894736842105263,0.27631578947368424,5.79279330779931,1.0073424780128393,0.49817109484473515,730,11
7.7890973305179765,0.0,0.36601941747572814,4.936230917041288,0.7207403859241396,0.5811451908609333,1,0
5.259007380496954,0.0,0.4056603773584906,4.91350017294244,0.52230251717079,0.6568996560936567,155,0
0.01969596300298038,0.0,0.4602649006622517,1.0929763315504595,0.009683963380004355,0.9904089163230974,730,0
4.235114599034247,0.015283842794759825,0.3635371179039301,3.4360778179735423,0.4457559468998655,0.6916796725922518,47,2
0.5733615203756449,0.07569721115537849,0.4541832669322709,5.04765988465579,0.2972104160637049,0.77088496023215,6,20
4.231480062427309,0.0,0.31750741839762614,3.719672918784071,0.6660998587954862,0.6002041202518041,13,0
11.544299980699616,0.0,0.053691275167785234,15.827258751007212,1.482264023270392,0.40285803227430106,730,0
4.18454372260658,0.0,0.375,3.507692307692308,0.5365252179132857,0.6508191263909573,730,0
0.04244257582295607,0.9769736842105263,0.023026315789473683,241.2173913043478,0.04231451872680914,0.9594033106451433,730,83
6.106768685390351,0.011936339522546418,0.4230769230769231,2.3840370113700433,0.32029635920357086,0.7574057089752334,262,3
3.596466156204163,0.0,0.30980392156862746,4.0500739168340845,0.5826364282151528,0.6318570596329368,730,0
1.2194294115542843,0.8313840155945419,0.1617933723196881,19.504186301871258,0.8551024346642807,0.5390537909465742,2,306
11.194771270936398,0.35089567966280294,0.5152792413066386,4.197633858333847,0.9107307333550484,0.5233599808404725,84,124
5.246399720817672,0.0,0.3902053712480253,3.1868630287966546,0.45823498971033205,0.6857605304057632,223,0
5.835689176267428,0.0,0.45670225385527874,2.325327389382775,0.28918046250156904,0.7756865924415007,184,0
2.484720427331047,0.1441263573543929,0.5676209279368213,3.8906656938153,0.5074477018657363,0.6633729307904487,5,29
4.269856389017022,0.0,0.2925170068027211,2.7387122698167174,0.38392654224401945,0.722581704646341,3,0
2.7979811170519344,0.0,0.42105263157894735,2.105000644368049,0.26789865279502495,0.7887065719295036,730,0
1.4561113938412826,0.001941747572815534,0.3951456310679612,4.480173354633598,0.27490871518611504,0.7843698831833751,2,2
3.0883375025082653,0.0,0.48026315789473684,2.9722811296396294,0.3028279937562333,0.7675610324559129,730,0
1.4800332798329467,0.0,0.4019933554817276,3.2892630671673957,0.34924506281826073,0.7411552041637502,730,0
11.078736978339094,0.0,0.3355263157894737,4.11036959952888,0.5835147105353581,0.6315066057466039,730,0
24.050851917061692,0.0,0.6156462585034014,1.9463515834376126,0.4396001273000454,0.6946373378526225,730,0
0.8392022708341725,0.0009727626459143969,0.45330739299610895,2.9847181663480327,0.25314336607565524,0.797993291965947,2,1
5.54703321956963,0.10475266731328807,0.49660523763336567,3.105480566534347,0.4526602636163398,0.6883922036323482,2,58
1.486572572282512,0.27987742594484166,0.5137895812053116,11.717797520257736,0.5785662796973023,0.6334862291571025,47,101
4.452019117902884,0.0,0.4116541353383459,2.71926819384597,0.3521376289177257,0.7395696847815834,253,0
3.497854441031128,0.0,0.4946445959104187,3.974577922940852,0.4605827212318505,0.6846582432226799,3,0
19.831769635323194,0.0,0.5,1.9447259194230944,0.3914087757181099,0.7186960564366839,14,0
0.0003125000000000003,0.9990234375,0.0009765625,1024.0,0.0003124969482719898,0.9996876006755636,5,616
0.8008422779317791,0.5358527131782945,0.12015503875968993,34.70613583138174,0.6635642158374918,0.6011189652192462,1,74
2.3749709988483287,0.0009718172983479105,0.3770651117589893,3.906362852878734,0.4223502337961963,0.7030617187238333,2,1
6.535705389286092,0.12396694214876033,0.5316804407713499,3.204076509864953,0.4999728263861121,0.6666787440471853,669,19
0.8446130473683193,0.0,0.4260700389105058,2.728049917280415,0.25465670228084497,0.7970307719889403,2,0
3.3680347216944737,0.5161606268364348,0.26346718903036237,5.686078890274528,1.0226866630731062,0.49439194822231197,6,254
2.378175668762747,0.00202020202020202,0.45252525252525255,3.255754702907648,0.3384699966611682,0.7471217154620677,40,1
0.95084373331965,0.0,0.41894353369763204,3.829705659171692,0.2544742507787533,0.7971466926317693,272,0
26.955927034229095,0.016018306636155607,0.4874141876430206,2.053867284702108,0.39094968399610225,0.718933266606071,597,1
0.5459817950453938,0.1044776119402985,0.6865671641791045,1.4598753299264333,0.23443958258109646,0.8100841986199879,730,14
3.346330475160229,0.0,0.45542635658914726,2.761739662927925,0.448805868265352,0.690223598553818,1,0
1.7971613786410956,0.0,0.353515625,2.3799339619617235,0.34135258917871075,0.7455161365232719,4,0
8.046582527828239,0.04504504504504504,0.3813813813813814,5.637055857906591,0.9474065261916526,0.5135034655324894,19,33
7.708115434559943,0.10674157303370786,0.3782771535580524,4.045765710329974,0.6866608682833384,0.592887413708594,253,57
2.427146334209057,0.0029850746268656717,0.4039800995024876,2.796312186308308,0.35045695881638583,0.7404900937209096,6,1
0.0035619959059654907,0.9802631578947368,0.019736842105263157,116.92307692307692,0.0035604733351313885,0.9964521586593593,730,188
0.024299587288435877,0.9806201550387597,0.01937984496124031,131.18644067796612,0.02424414525084673,0.9763297204448171,730,69
3.376121717794351,0.12437810945273632,0.5263681592039801,3.2301916617269315,0.4793594877770228,0.675968220207694,27,106
1.7129842581409505,0.02390438247011952,0.6085657370517928,1.2873964017956812,0.1933210429959426,0.8379974574900713,4,5
1.5863758640791137,0.4727822580645161,0.3538306451612903,7.697628633759601,0.7424372562848439,0.5739087570545643,16,82
0.1336723423860958,0.0,0.4506578947368421,1.3211717995493082,0.08286714810019398,0.9234743170059431,730,0
2.569890398925968,0.002909796314258002,0.3433559650824442,4.561064574565167,0.5635017389152741,0.639589950628248,1,2
4.1973485602320775,0.0,0.47058823529411764,2.38710125983814,0.43230151707848935,0.6981770165542599,730,0
2.0996761764171623,0.0,0.4144736842105263,2.7418966356624903,0.2102518726405823,0.8262742843918555,730,0
0.7652240358158885,0.03876739562624255,0.49502982107355864,2.725542817402583,0.2298100418327071,0.8131337084463581,6,10
4.875419550380106,0.0,0.3969022265246854,3.8216143286060538,0.42247825834378266,0.7029984424256285,1,0
14.051598493381473,0.00484027105517909,0.3233301064859632,3.7371945328278864,0.5897934828527884,0.6290125168997173,1,1
5.873259043326743,0.5320641282565131,0.1312625250501002,34.88810849042099,2.233850692749515,0.30922887140153354,35,71
5.121601375001366,0.004873294346978557,0.5155945419103314,3.1994114843442407,0.37386106047227446,0.7278756409736534,5,2
17.380096954014025,0.0,0.39473684210526316,2.9814905575453077,0.3972250124252612,0.7157043361714732,730,0
8.697475614424649,0.004069175991861648,0.4313326551373347,3.1086990748783885,0.440652015182785,0.6941301504188181,13,1
4.165463541612456,0.0,0.40823970037453183,3.09091913031723,0.3844358793889855,0.7223158651748793,253,0
3.2801499076461464,0.008712487899322363,0.3765730880929332,5.607655597534301,0.7441624436339511,0.5733410919664722,1,7
0.011190925322126158,0.8726919339164237,0.12730806608357628,14.913043478260867,0.011146081031097254,0.9889767846207431,4,311
6.933721230228552,0.20570866141732283,0.5344488188976378,4.009155937052934,0.7120637977128167,0.5840903833933768,9,93
2.7749619869701174,0.002,0.439,2.6858629355608814,0.23815184657920158,0.8076553798815761,20,2
1.3695020419451265,0.8677083333333333,0.10416666666666667,29.56894702980914,0.986258447058844,0.5034591553182578,58,158
1.28222173036874,0.0009737098344693282,0.43037974683544306,3.1416449680438467,0.2703248839821355,0.7872001978464455,2,1
4.448255168295584,0.010689990281827016,0.22254616132167152,10.589544086928191,1.1003386095147807,0.47611370636614614,2,2
2.2990041269646073,0.000975609756097561,0.40487804878048783,2.3242364473407227,0.24130112578885354,0.8056062942539383,5,1
4.096266099184749,0.025465230166503428,0.3917727717923604,3.3635929495080563,0.3902767571060691,0.7192812473406736,3,1
7.221856359390184,0.0,0.35855263157894735,3.232338616842292,0.45537300532120967,0.6871090753667606,730,0
8.0353208482504,0.0391156462585034,0.3741496598639456,5.018630778331074,0.8822471344276662,0.5312798631536073,445,6
3.5613815191142213,0.0,0.4107744107744108,2.5938602432047224,0.4648178974929133,0.6826787150208464,730,0
7.445785258300989,0.0,0.42105263157894735,2.5547162333278477,0.3616688107008186,0.7343929684967402,730,0
8.693490843154954,0.0038510911424903724,0.3761232349165597,6.343964235259128,1.0996378019059057,0.4762726214455985,248,3
2.2906267063594914,0.005893909626719057,0.5343811394891945,3.03302241558184,0.4525182050843404,0.6884595294569372,5,4
1.9838613706694745,0.1015625,0.1396484375,18.82652118816985,1.039021493451008,0.4904313187535447,3,7
0.5847258246169394,0.0,0.4095607235142119,3.1782977971370063,0.2607120035102286,0.7932025690369233,137,0
2.136640819650372,0.0,0.5133333333333333,2.1084319605059294,0.3209020640585899,0.7570583975979344,730,0
4.0185721295007255,0.0,0.3424,4.581771755693753,0.6241042210494028,0.6157240323862082,408,0
1.1619887535246889,0.010101010101010102,0.2828282828282828,4.294457210110407,0.5278051261689545,0.6545337378907404,730,1
3.6019343646789173,0.09297725024727992,0.24727992087042533,12.007565434910822,1.2228849242035789,0.4498658428565674,7,4
2.8740076426957404,0.004459308807134894,0.568561872909699,5.399528905432128,0.3175452616127747,0.7589872083604359,107,1
3.843715214391377,0.05868544600938967,0.3544600938967136,3.3478318478539313,0.4283968388264189,0.7000855594315143,158,50
7.981102454956699,0.0038910505836575876,0.4066147859922179,2.6527576072608565,0.3460440666571411,0.7429177281569014,2,2
3.2933152648384207,0.20527859237536658,0.30498533724340177,14.149094994382724,1.1134632788332492,0.4731570262020622,2,33
2.455726995697488,0.0,0.4194499017681729,2.180109758287167,0.2872168917690577,0.7768698549516954,8,0
0.2191693511723792,0.9152334152334153,0.08476658476658476,61.44591439688717,0.20925910721285165,0.8269526307764097,217,308
15.51166886622856,0.0,0.44966442953020136,1.5947655310995603,0.19379936760246097,0.8376616935292289,730,0
3.2262555023015955,0.0,0.3994140625,3.4962229524988264,0.3107681080903189,0.7629114515586725,2,0
7.641478430487223,0.0,0.37098344693281404,3.7015049965710887,0.5331605690256443,0.6522474033072223,2,0
11.380440211603254,0.0,0.3848396501457726,3.7809572409890038,0.5884627259718538,0.6295394809394597,2,0
7.581383138783428,0.0,0.40789473684210525,3.419564209550301,0.6433078607368202,0.6085287023160857,730,0
15.205763334449927,0.512568306010929,0.4568306010928962,22.97987836044063,1.220278471232558,0.4503939541623638,14,57
4.392494628920881,0.016091954022988506,0.4160919540229885,2.7963125993963196,0.35616414594139967,0.737373866572646,597,1
2.3237013112282634,0.0,0.49429657794676807,3.5376907665114654,0.36474618265140224,0.7327369826799731,242,0
9.228571193391096,0.008893280632411068,0.2984189723320158,3.3081350434982553,0.5351508816720734,0.6514017689979817,7,3
2.6219690951167345,0.013742071881606765,0.3689217758985201,6.71101062128448,0.4526782855594972,0.6883836634309236,85,4
2.5933437555676733,0.0010460251046025104,0.4686192468619247,2.816327581976159,0.29754779096624745,0.770684522729855,19,1
7.184741810686412,0.0,0.29605263157894735,4.285482410962325,0.7618388503671726,0.5675888006395119,730,0
1.89943448211488,0.0,0.4110787172011662,2.062877658269317,0.2314019527913852,0.8120825192238528,2,0
40.505839462409554,0.0351219512195122,0.19609756097560976,178.3324521306143,4.886913663608679,0.16986829723386837,2,33
0.715821949052667,0.0,0.5398832684824902,2.458803930858462,0.3149271013798315,0.7604984329174144,3,0
0.704186100464803,0.7873485868102288,0.20592193808882908,16.18952330131626,0.5405734932484901,0.6491089223477265,278,136
2.426137332435942,0.0,0.49612403100775193,1.6132412358164179,0.20771080407333795,0.8280127962979416,647,0
1.3379943430394519,0.05083088954056696,0.33235581622678395,17.62284777261547,0.6344850311869797,0.6118134953330161,4,30
11.23796727737358,0.0,0.37947725072604066,5.101359848173268,0.6474086354198578,0.6070139360081359,1,0
3.656978625886532,0.0024813895781637717,0.4057071960297767,2.788412482258621,0.32220146440177005,0.756314394533249,200,1
0.4028825672946473,0.5473251028806584,0.102880658436214,36.57173310594756,0.3674183777846139,0.7313050754957112,24,23
1.382794636249864,0.0,0.4044213263979194,2.874797570222192,0.26635233353776117,0.7896696468401787,231,0
40.080159059801616,0.0,0.30049261083743845,197.38248921649074,5.354389063620772,0.1573715411486299,8,0
5.548496840894101,0.7710960232783706,0.1755577109602328,12.881014840662921,1.6555151741211829,0.37657476400259715,2,166
2.564222383029516,0.0,0.4036964980544747,2.732614149811401,0.3297020459570969,0.7520481772893843,2,0
74.63141665358629,0.0009784735812133072,0.45792563600782776,3.8973227236529118,0.8681761047362341,0.5352814423997726,2,1
2.6376797843439266,0.0,0.47409579667644186,2.2121745979107943,0.2418939549858752,0.8052217308774755,3,0
13.063639988200826,0.2725509214354995,0.451988360814743,3.935760576559906,1.005467771911866,0.4986367838993858,2,57
8.0587141735077,0.0,0.3894230769230769,3.7251177505698103,0.48705446359311166,0.6724703260590329,409,0
1.4304169787160572,0.0009794319294809011,0.4397649363369246,2.075052879655221,0.21423165227690838,0.8235660782889456,5,1
5.949211643198524,0.0,0.4342105263157895,2.996483932629776,0.43261922395038654,0.6980221843195309,730,0
0.4787414262933376,0.00101010101010101,0.44545454545454544,1.818370137133861,0.14987493779283131,0.8696597926723109,40,1
8.793852950205657,0.0,0.4230769230769231,2.9712525180708615,0.5104145031930954,0.6620699138454692,409,0
0.6472326516703407,0.0,0.34105960264900664,2.740338653487807,0.24564452421007754,0.8027972511934315,730,0
1.7548675104280123,0.0,0.45723684210526316,2.4101956135151155,0.2591619657077629,0.794179007335176,730,0
7.870809912308006,0.007804878048780488,0.39707317073170734,7.280204137581982,0.6263770772038049,0.6148635602509096,3,4
6.724603203611422,0.15779283639883834,0.4365924491771539,4.290173650615873,0.7782460299994174,0.5623518810838158,1,31
1.8608850519038203,0.0,0.4197952218430034,3.0205723892858507,0.34044476925966677,0.7460210393840427,730,0
12.25094007205641,0.001937984496124031,0.32945736434108525,3.768152332115627,0.7170663762603686,0.5823886681526657,1,1
0.6915351616758512,0.02040816326530612,0.4897959183673469,2.9309885754976936,0.32952128483881465,0.752150425422663,445,2
3.34175735537125,0.005994005994005994,0.35364635364635366,7.406979438538417,0.6787600289609133,0.5956777518815246,7,1
8.0378029044232,0.06096361848574238,0.3824975417895772,6.168015040389652,0.8944446083815851,0.5278591918579743,5,20
49.93705035153638,0.003246753246753247,0.44805194805194803,2.7917900784377934,0.9758645866142593,0.5061075575596751,443,1
7.543212647078041,0.020689655172413793,0.3793103448275862,3.43086900177116,0.5555880557669329,0.6428437119279512,597,3
1.9816090010726954,0.0,0.45666991236611487,2.325976718600693,0.18070966082641096,0.8469482660962329,2,0
4.274443307305555,0.0,0.44970414201183434,2.4090444047960675,0.4977186733039904,0.6676821340512398,175,0
5.34208892827478,0.0,0.42105263157894735,2.5678076270372387,0.47386858690891226,0.6784865413932605,730,0
2.195987335957529,0.6091173617846751,0.35402521823472355,7.867698441619686,0.9315099765780354,0.5177296582084719,1,254
1.2522031710472665,0.0019782393669634025,0.44906033630069236,2.481674207575784,0.25385092427222816,0.7975429779105752,5,1
1.19176639937636,0.0,0.45722713864306785,5.009798508782745,0.4204643838234915,0.7039951239807087,7,0
22.810544143629375,0.08928571428571429,0.4255952380952381,2.3837013321297857,0.5851416127671417,0.6308584620741394,443,20
4.994585734834531,0.0,0.5448798988621998,1.846296458228823,0.2857045870947249,0.7777836448881897,241,0
3.931858845226719,0.002828854314002829,0.42857142857142855,2.591384663077323,0.3814462948073767,0.723879027189715,241,2
1.49758326991957,0.004878048780487805,0.4292682926829268,2.5643777289262935,0.2722820714534785,0.785989225532025,4,2
1.2595410759574186,0.0344488188976378,0.42913385826771655,13.352339870805006,0.4408070536269319,0.6940554583507265,5,27
2.3835336318395535,0.007881773399014778,0.43940886699507387,2.696438124809869,0.27996725457651683,0.7812699867316955,4,2
0.006840384733102092,0.9769736842105263,0.023026315789473683,93.53846153846153,0.006834539403349228,0.9932118544449225,730,109
3.7052030223740866,0.0009727626459143969,0.39299610894941633,3.7362141121917682,0.5598686381148769,0.6410796239922575,2,1
2.672655916622256,0.001658374792703151,0.4709784411276949,1.9031031750661982,0.2723885747910909,0.7859234355072596,257,1
23.82985305626525,0.09398099260823653,0.24287222808870115,41.63649277857937,2.6308552041245217,0.27541720718139234,78,55
1.382247807133092,0.17232375979112272,0.5104438642297651,4.327218243470905,0.4899796013086841,0.6711501279089167,265,59
1.36523005150718,0.0,0.5290697674418605,1.3666343741517537,0.14322734970721657,0.8747166521655579,1,0
2.9388493709984633,0.0,0.35333333333333333,3.8284059446901946,0.4034331838396704,0.7125383748331271,730,0
3.074318119041502,0.0011198208286674132,0.4244120940649496,2.5881144280847104,0.3633503289310139,0.7334871887140613,134,1
6.558561425371912,0.3333333333333333,0.423712342079689,5.4014195972061225,0.947931403042885,0.5133651002483399,2,58
3.2813080171835516,0.002828854314002829,0.40594059405940597,2.972407967449268,0.43286035420721436,0.6979047169975533,241,2
11.15588430719794,0.0,0.3333333333333333,4.789384891412046,0.699990230855981,0.5882386744637226,730,0
5.572553702577314,0.7203947368421053,0.09539473684210527,28.574547935858064,2.191648113205733,0.3133177482387264,730,83
1.9405543663204214,0.012658227848101266,0.4177215189873418,3.0315908377001466,0.3416041463554852,0.7453763486916279,2,3
1.3590483954790307,0.0,0.3157894736842105,5.74235807860262,0.41308461868663543,0.7076717039984703,730,0
32.25337360264331,0.08615384615384615,0.3923076923076923,3.80636890411838,0.8048456851046717,0.5540639891005448,352,18
7.536696714148187,0.057482656095143705,0.5074331020812686,4.402924752713457,0.671963207578018,0.5980992855988654,4,13
0.009269325825034503,0.0,0.5427631578947368,1.049482163406214,0.007372583267864496,0.992681373912373,730,0
2.740330628342016,0.5879574970484062,0.3907910271546635,6.948084625963092,0.9239116324692949,0.5197743925049841,154,249
1.5704394962011292,0.0009718172983479105,0.4314868804664723,5.155028115600889,0.3810613811719091,0.7240807784744826,2,1
6.902145995723322,0.13762376237623763,0.49207920792079207,2.677178488097235,0.6060999311127205,0.6226262641747272,9,50
3.0467535315383576,0.1254980079681275,0.5209163346613546,3.959303653971211,0.5505890365430672,0.6449162069592804,24,126
0.8530003778230241,0.531615925058548,0.42857142857142855,10.551933366429475,0.5211230820182581,0.6574089972214339,158,135
9.529090042192145,0.016222479721900347,0.35573580533024335,5.8622858936847,0.6131143520993184,0.619918853674938,161,3
37.013578946793785,0.27468230694037143,0.3098729227761486,7.42586105198173,1.3921366302501714,0.41803632257218487,3,11
2.6307502135264884,0.0009746588693957114,0.4064327485380117,3.623813807159931,0.3442411006786463,0.7439141679979472,4,1
0.05373611975447367,0.9539473684210527,0.046052631578947366,71.14893617021276,0.05332391188300961,0.9493755802166465,730,116
4.198676958058283,0.0031645569620253164,0.40189873417721517,3.4085527919836007,0.524255339727365,0.6560580592611631,79,1
0.7842762863537422,0.0009871668311944718,0.3504442250740375,9.901837117173734,0.4172493017989575,0.7055921627413538,7,1
5.936441689231926,0.4769736842105263,0.47039473684210525,4.912039545857069,0.9931202597026743,0.5017258718493866,730,39
5.1562723860584345,0.0,0.35526315789473684,3.325922943616854,0.6054300389952277,0.6228860652351184,730,0
4.9547257474532485,0.20602526724975703,0.27988338192419826,9.787412250577562,1.1607694413434038,0.462798103706185,2,70
2.237123524271579,0.0,0.3918918918918919,2.544594581708259,0.27667968745952826,0.7832818284983489,730,0
4.364768477240712,0.048514851485148516,0.3287128712871287,5.001448661312332,0.5933488963262572,0.6276089325480902,3,15
5.08255338671608,0.5319548872180451,0.4342105263157895,7.429928358689526,1.07311976192729,0.48236480031927487,324,47
0.6439501467228749,0.16469428007889547,0.4329388560157791,5.578635117189521,0.40968324650495674,0.7093792186856949,4,12
9.244695846458661,0.0,0.3760504201680672,2.3475080608714474,0.4540403652890942,0.6877388165225927,65,0
2.2764143763690914,0.0087890625,0.423828125,2.757663659023658,0.251832072369911,0.7988291896906315,2,3
3.4656614427158017,0.003925417075564278,0.4308145240431796,4.627352985945508,0.35016955740102784,0.7406477168133778,6,1
3.7839049580408277,0.0,0.30097087378640774,3.136452887266715,0.40830711875369846,0.7100723888159881,3,0
1.1591650915194334,0.10526315789473684,0.3125,5.644635609135518,0.555691468480001,0.6428009796679395,730,32
10.14937970254428,0.0009970089730807576,0.43768693918245266,2.294186136512817,0.272863283309837,0.7856303289695745,5,1
1.3239819136569473,0.0,0.4267701260911736,5.388225209818289,0.3974717634257972,0.71557796455835,2,0
16.325663683571484,0.016736401673640166,0.18410041841004185,309.8245235941939,6.205526876585676,0.1387823565337734,56,2
14.326628710502723,0.09919839679358718,0.036072144288577156,69.81576644337527,4.111484586386966,0.19563787840879443,26,50
4.489360947414633,0.0,0.45723684210526316,2.5411140583554372,0.4306341436368953,0.6989907269078899,730,0
3.120676435798075,0.0,0.35,4.069365821274459,0.6617818507068239,0.601763702964176,730,0
1.1612388159036675,0.0,0.4628252788104089,2.0345616761923413,0.2089963378872344,0.8271323648072721,285,0
26.095477437601584,0.04326923076923077,0.5192307692307693,1.985754314031526,0.42483202657651986,0.7018371157775877,409,13
5.003349002097321,0.0,0.345703125,4.960885948780253,0.7302264436046271,0.5779590317188039,4,0
0.48649945403264716,0.27483443708609273,0.33112582781456956,17.876930276087972,0.3791752738666756,0.7250710036269615,730,6
0.013557593774322816,0.9592628516003879,0.040737148399612025,112.91904761904762,0.013530035022095465,0.9866505830566723,2,621
2.462011991806814,0.03012633624878523,0.42759961127308066,4.232103559237488,0.4949381748998194,0.6689239841420286,3,9
0.28135348351993306,0.0,0.42322834645669294,1.6629148728942984,0.10390311731236236,0.9058765976081923,3,0
26.033463358252938,0.0,0.33602150537634407,4.474850463636789,0.6027159153927908,0.623940893327263,289,0
2.347036389849132,0.0,0.39090909090909093,2.1968279515809948,0.3017549634846794,0.768193729273819,730,0
0.0,1.0,0.0,0.0,0.0,1.0,78,376
7.608088237973512,0.001026694045174538,0.44455852156057496,2.469774592478118,0.3546016787575817,0.7382243914810319,45,1
3.958864632074139,0.0,0.44563106796116503,2.9353025231927843,0.27836581941285043,0.7822486997182833,2,0
5.651435555897485,0.0,0.4356243949661181,3.8016195681498814,0.5490344696830461,0.645563426490189,1,0
2.956752476724759,0.004243281471004243,0.38896746817538896,3.2486256079287723,0.45268633273804626,0.6883798501189063,241,2
0.2267410371613593,0.23569350145489815,0.4248302618816683,4.247366696315715,0.18782591278662505,0.8418742083627492,1,19
6.642705419944592,0.0,0.32894736842105265,4.737319945255227,0.6202263129056218,0.617197728511554,730,0
2.5974850092094015,0.0,0.47368421052631576,1.8521245427156066,0.17010269959127597,0.8546258378425297,730,0
0.321061374914048,0.0,0.375,2.708081215543902,0.16227082857928873,0.8603846671626081,730,0
3.708491109076064,0.023613963039014373,0.4004106776180698,7.04097139762935,0.5018430201469773,0.6658485518027945,6,5
0.0018178717675638005,0.9933774834437086,0.006622516556291391,226.5,0.0018176310217331076,0.9981856667666357,730,269
2.3879232513246365,0.0,0.4101068999028183,2.6675747373277456,0.2956232345200402,0.7718293199414928,2,0
5.772275104550059,0.002638522427440633,0.46965699208443273,3.039081913777216,0.47554495697635907,0.6777157112509598,270,2
2.1710262787952894,0.0,0.31990521327014215,9.382093774040642,0.47958012717549375,0.6758674178119651,155,0
3.0429014944275643,0.0,0.3798449612403101,2.3472445568194247,0.34948125956390397,0.7410254813936121,1,0
6.601445232001882,0.22381477398015434,0.33847850055126794,7.81987829910597,1.1930354403962975,0.45598898293193696,124,14
4.67240096848713,0.005122950819672131,0.45286885245901637,2.1582939554866836,0.2848037462797123,0.778328988295378,36,1
2.240460702568543,0.0,0.4315937940761636,2.275510852095922,0.23188875058152913,0.8117616136424146,318,0
4.800324788594074,0.0684931506849315,0.4465753424657534,3.2332488408915023,0.4508768080073693,0.6892383932812308,200,50
12.646655735992095,0.0,0.4337748344370861,1.8954125849822974,0.4016162308639101,0.7134620575730869,730,0
3.7011704389738944,0.0,0.24342105263157895,6.398463029512921,0.7654485679236861,0.5664282824030852,730,0
0.0,1.0,0.0,0.0,0.0,1.0,265,612
9.187364399400108,0.03814432989690722,0.5103092783505154,2.648991010423072,0.4733123934415298,0.6787426783698512,10,8
2.6971554455845674,0.6171284634760705,0.19395465994962216,11.77677626846092,1.2313087462306216,0.44816747197774076,276,26
7.894876166061988,0.42736077481840196,0.4939467312348668,5.7500313315331955,0.9356091508524718,0.5166332260619789,206,148
2.6652266685665467,0.0,0.465161923454367,1.9830181235737496,0.1767444598855732,0.8498021737848166,2,0
1.2591564222840035,0.0,0.2631578947368421,4.847748215123891,0.34374140373779793,0.7441908072627406,730,0
0.49424769351610875,0.9871043376318874,0.011723329425556858,106.97296037296037,0.4705807373247469,0.6800034670787143,175,424
7.447613443681801,0.0,0.4130105900151286,4.629900161174786,0.9599610947844606,0.5102142091804998,356,0
211.73553797154167,0.0,0.4250281848928974,2.212772785211376,0.4617793767696536,0.6840977618728434,131,0
6.401668056883926,0.0,0.35403726708074534,2.29299793709503,0.3539414167904299,0.738584393385748,472,0
2.12214441991754,0.12634671890303623,0.49069539666993145,4.016365672528181,0.47546212969234725,0.6777537558408989,4,21
4.144362715943733,0.0,0.5394736842105263,2.0520459941343514,0.4068703567047291,0.7107975480713592,730,0
2.213310764552478,0.6130604288499025,0.3664717348927875,4.764231912430018,0.8406035419479992,0.5433000519718939,4,498
11.021375218413668,0.013513513513513514,0.4312039312039312,3.0516438706236597,0.4352044087910542,0.696764860722767,217,2
1.1840470378245873,0.00697350069735007,0.4909344490934449,2.6431915903875067,0.22640669866556146,0.8153901973041146,224,2
10.698484748602308,0.0013192612137203166,0.44591029023746703,4.263296644497875,0.5288008215838721,0.6541074454447098,262,1
0.0028676966733820323,0.9967105263157895,0.003289473684210526,304.0,0.0028672250903079683,0.9971409723854026,730,299
3.4239928213815918,0.0,0.3567251461988304,7.6968638867160735,0.6398643695658256,0.6098065294660694,158,0
7.222946539965345,0.00186219739292365,0.4134078212290503,1.9995698607183328,0.24071482912996928,0.8059869814736021,324,1
3.9631026207111733,0.0,0.4307692307692308,4.829827207073971,0.5583779855805993,0.6416928429770096,129,0
3.3903605029011423,0.3226452905811623,0.4288577154308617,12.817541463920556,1.0215937458546465,0.49465922718179023,6,19
0.8844803061875213,0.0,0.4740450538687561,5.710382077054604,0.31157319204154726,0.7624431530530418,5,0
9.341271429344046,0.6334310850439883,0.3176930596285435,9.738366443486292,1.3976187942280884,0.41708048102031553,3,266
0.7591158261836183,0.0,0.4205794205794206,2.290608733026632,0.21625692762448256,0.8221947002210609,5,0
3.3710070553412574,0.0,0.4762633996937213,2.5159932609998163,0.2976359152087986,0.7706321844822652,223,0
0.979024964129023,0.5728643216080402,0.39095477386934674,10.815554240508302,0.5950192648816703,0.6269516751411696,16,291
1.2874362672530772,0.6791946308724832,0.2684563758389262,9.877679068250284,0.7575128293227154,0.5689858892155942,278,276
1.7295013771338075,0.0,0.28654404646660214,10.403849137298478,0.522703644751744,0.6567266082580608,1,0
2.8670881876997596,0.0,0.35424354243542433,4.771590425515861,0.40306215395414463,0.7127268005781321,269,0
4.0635587833585936,0.0,0.42738095238095236,2.8984151703050967,0.3684224056891421,0.7307685082051815,175,0
0.9973053311077071,0.008866995073891626,0.3448275862068966,4.348397564015143,0.32222856040182807,0.7562988956282247,4,4
0.09128236572017236,0.005197505197505198,0.5914760914760915,1.0768786335897158,0.04242778531531116,0.9592990652081691,62,2
5.668565660724756,0.0,0.3026315789473684,3.951135305865435,0.45661063247659,0.6865252646822703,730,0
2.022862827655801,0.03823529411764706,0.49117647058823527,4.008344068738108,0.33843450089211424,0.7471415294013001,3,33
1.6704897247790398,0.0,0.39922103213242455,1.6385835571609397,0.1880153371158743,0.841739974862348,3,0
0.8574840835598562,0.0,0.4745762711864407,2.5538675439905445,0.16460632693845387,0.8586592540921746,29,0
1.291711437728554,0.06627680311890838,0.43567251461988304,5.537383948398012,0.39091392525905055,0.7189517495223546,2,36
0.0,1.0,0.0,0.0,0.0,1.0,184,692
2.818532563461264,0.009081735620585268,0.5469223007063572,2.5783483771382403,0.366318744018344,0.7318936407613055,11,2
3.645611853997902,0.023976023976023976,0.4255744255744256,2.509143237454562,0.31435160324820566,0.7608314225270187,10,7
3.327585998140527,0.0,0.4110787172011662,2.294845861502764,0.24455835556396302,0.8034978798136444,2,0
1.0743040746617367,0.004028197381671702,0.25075528700906347,6.995053956834532,0.45835866036740763,0.6857023770463074,12,1
3.4719398150613765,0.06746031746031746,0.48214285714285715,3.1790066657769604,0.6629416419145546,0.6013440127993271,21,9
4.665641693115658,0.04267701260911736,0.3976721629485936,5.13260608867247,0.7055115596925619,0.5863343430989477,2,4
2.554562254049825,0.7340540540540541,0.2454054054054054,9.318152181000194,1.0980548360546143,0.47663196538775743,82,150
14.237116141211454,0.018774703557312252,0.5434782608695652,11.197927263479146,0.9306410598605062,0.5179626709442575,4,3
1.3774823648617889,0.07142857142857142,0.7619047619047619,1.368640388956416,0.2693777497983663,0.7877875598172762,992,2
2.3209479623113816,0.4227405247813411,0.2944606413994169,14.527007882851294,0.9728603651577313,0.5068782452426882,2,52
9.447251279814882,0.0,0.3717105263157895,2.8910666350066205,0.5446072197501687,0.6474137808068411,730,0
0.9997344376822516,0.15676959619952494,0.3681710213776722,5.654846710533766,0.48799480369424153,0.6720453576298131,188,31
0.008367984642509502,0.9645030425963489,0.035496957403651115,98.60000000000001,0.008358659565914668,0.9917106284687306,5,101
5.35330456853557,0.0,0.501953125,2.5003281560631097,0.34956655597560615,0.740978646493723,5,0
2.602281187290765,0.008919722497522299,0.40733399405351833,5.004962542030487,0.4766454792458456,0.6772106196476634,5,2
3.2049362272101303,0.013875123885034688,0.3141724479682854,4.736380279652604,0.6444027717286512,0.6081235188802112,6,9
0.9042999959429503,0.6102204408817635,0.2655310621242485,19.40909305732785,0.6350296204218074,0.6116097149004667,7,40
33.22096745098962,0.5405138339920948,0.40118577075098816,6.938827800226179,1.271391885856361,0.4402586828925734,9,49
8.145788750513264,0.06310679611650485,0.3029126213592233,23.334085632119056,1.2197237303675763,0.450506514085158,2,14
0.6541824534226153,0.03197674418604651,0.4806201550387597,6.4460016710239065,0.26831641254476696,0.7884467867080476,1,27
7.688836815057176,0.09725685785536159,0.4538653366583541,3.0402767777037623,0.5510617514089086,0.6447196567716591,242,26
15.337012504818963,0.015655577299412915,0.37279843444227007,4.4145231073516165,0.5913951882978696,0.6283794291659155,2,2
3.131482013854124,0.0,0.39473684210526316,3.055122638525462,0.3982107286861374,0.7151997760306662,730,0
8.003132100671394,0.0,0.3782178217821782,2.9933841487884023,0.44708726690886075,0.6910433274256577,4,0
1.4030455998539921,0.010956175298804782,0.5587649402390438,2.907527524727646,0.27346312539134876,0.7852602718219182,4,4
4.343571008477167,0.8055555555555556,0.12896825396825398,27.226053327905564,2.1994974261755176,0.3125490871844015,284,50
1.9252533740727293,0.0,0.3574144486692015,3.8583372502100874,0.524657428199575,0.6558850411274826,730,0
9.433119847685365,0.03289473684210526,0.21052631578947367,15.42466025195913,1.8944510435855713,0.3454886556869263,730,5
0.16703289657734624,0.07782101167315175,0.44163424124513617,8.507393840727174,0.13746352876122736,0.879149066949923,3,35
3.68225007284852,0.00484027105517909,0.46466602129719264,2.102876508957073,0.2501647036280418,0.7998946035653933,1,2
5.05323829975032,0.14521841794569068,0.45336481700118064,3.6492780224940584,0.6638283203318637,0.6010235477904007,170,29
1.017218631861417,0.011811023622047244,0.5009842519685039,2.865140374331551,0.23665781169194686,0.8086311270147067,3,8
4.62212758936628,0.0,0.4666666666666667,2.9340067929357843,0.3665824526908554,0.7317524076435784,82,0
3.742690100824935,0.0009699321047526673,0.38991270611057227,2.0209465269373976,0.346470390156108,0.7426825033145076,2,1
6.434699495526168,0.0,0.46079380445304935,2.877506915897355,0.3873819681155676,0.7207820362248653,1,0
28.274412690772714,0.0009746588693957114,0.4766081871345029,2.7887883469432793,0.5506810521899034,0.6448779383663582,4,1
8.025704195395106,0.016091954022988506,0.3471264367816092,3.448933778348788,0.5664155150198374,0.6384002139989885,597,1
4.369505414581541,0.0,0.37662337662337664,3.092590318619531,0.3035108704499447,0.7671589264574532,323,0
1.1623687970407937,0.6839080459770115,0.15660919540229884,14.489318771418509,0.8024048904916462,0.5548142957641596,326,92
6.519142656837467,0.0011976047904191617,0.33053892215568864,4.2377019108678,0.6387896251929558,0.6102064503137535,196,1
1.275191221390001,0.18377693282636248,0.5272496831432193,3.2251462961606823,0.43914725029427504,0.6948559292980765,242,48
2.697609216995119,0.0,0.4054982817869416,2.679336185860258,0.33140861917160097,0.7510842168215776,730,0
236.19108546555864,0.15488215488215487,0.4006734006734007,3.0041448133457065,1.208748086616326,0.45274515734021165,730,38
0.9898687970920598,0.021494370522006142,0.5076765609007164,2.454251766180165,0.2170209581036435,0.8216785367099967,12,5
7.5036607223574725,0.012584704743465635,0.430784123910939,2.672721148322868,0.5817699338614634,0.6322031912433501,1,4
10.33650496844575,0.0,0.22265246853823814,6.652980617972074,1.1516518937918172,0.4647591940338073,1,0
3.198191532518426,0.0,0.4050179211469534,1.8200018645410903,0.21550218994929188,0.822705222803192,730,0
92.85853664599549,0.0,0.45364238410596025,2.4374165210402174,0.43185660567262407,0.698393956516507,730,0
7.131560768765741,0.068,0.442,3.065816570085849,0.5113703568172149,0.6616511932296288,13,50
1.6711676149857706,0.0184645286686103,0.42857142857142855,2.732744002792878,0.2943949359759842,0.7725617369214999,2,2
0.9290186790557736,0.019474196689386564,0.47517039922103216,1.9622197687613092,0.22252074151416368,0.8179820317497773,2,2
1.6495641774213994,0.0020325203252032522,0.2936991869918699,3.3394229870632692,0.34322682735431465,0.744475899107561,44,1
1.9303825902994989,0.004878048780487805,0.4682926829268293,2.602391818932209,0.27283863551280413,0.7856455422545512,3,1
2.9299796962383273,0.001430615164520744,0.45493562231759654,1.9498125284760257,0.2600345866630004,0.7936290087467675,324,1
5.016019930000978,0.002145922746781116,0.3927038626609442,3.824551935408384,0.47397754425909994,0.678436387239979,101,1
4.687348627670261,0.0,0.31519274376417233,6.787635605261393,0.5555671035338628,0.6428523705137811,146,0
3.0100301644872727,0.0019704433497536944,0.3044334975369458,11.519942175805179,0.8337442090144339,0.5453323288407061,16,1
0.09066328597540622,0.0,0.37583892617449666,1.0433172827901087,0.02015431036796444,0.9802438609893293,730,0
3.2255850017225733,0.0029239766081871343,0.442495126705653,3.886099500458762,0.4091560109893775,0.7096446328166982,4,1
2.8664473006247815,0.0,0.43532338308457713,1.7273955867540551,0.2919958074593767,0.7739963196679663,224,0
3.1702126940642787,0.0,0.2723735408560311,3.7322424364020463,0.4174688144650982,0.7054828930239033,2,0
5.988019065231652,0.0019743336623889436,0.38795656465942746,3.1205957004091824,0.43124693410927756,0.6986914530037684,6,1
13.293366714224224,0.0,0.4230769230769231,3.132741635565168,0.5672677856007406,0.6380530558896772,443,0
0.04073568668722964,0.9638157894736842,0.03618421052631579,96.10322580645162,0.040529041901220135,0.9610495812522765,730,96
5.957025531374541,0.0,0.3576158940397351,6.313339065574377,0.8185892180838743,0.5498767891374794,730,0
13.903666597683209,0.0,0.36666666666666664,6.917187725706268,0.8948342803428571,0.5277506378125357,730,0
8.176984989090704,0.03313840155945419,0.5428849902534113,2.992769962909627,0.6084075036373583,0.6217329860365203,2,11
2.989573117856222,0.04228121927236971,0.471976401179941,2.284149368342017,0.2990534676203438,0.7697912556531168,4,17
2.0031072702156822,0.0,0.45112781954887216,2.2197800298191406,0.20652591479577959,0.8288259603352681,730,0
4.980870420596965,0.0,0.24634858812074,7.044361017124318,0.9338029569208143,0.5171157673645796,2,0
3.9626703303907433,0.0,0.3848202396804261,2.394450608504417,0.33785308874916253,0.7474662266056123,265,0
9.252201349667585,0.0,0.39473684210526316,2.8949710479118624,0.5426982220440781,0.6482149170269984,730,0
0.0005399477098617676,0.997078870496592,0.0029211295034079843,342.3333333333333,0.0005399319377506357,0.9994603594314273,4,613
4.560914249091179,0.0,0.3815789473684211,3.3620177388471952,0.35200101847282494,0.7396444132339237,730,0
0.8162149027618539,0.1939275220372184,0.435847208619001,6.965926877232411,0.413026553130255,0.7077007843799652,5,43
5.406736122032277,0.057511737089201875,0.5504694835680751,2.067835136110054,0.3545024215061819,0.738278488190533,158,45
0.6803729849020351,0.75,0.16342412451361868,62.729454860943754,0.5661193136857166,0.6385209551158607,2,58
0.8124607877182692,0.8557046979865772,0.10067114093959731,96.30121089808274,0.717075330944332,0.5823856309495954,730,84
86.66743394518973,0.05063291139240506,0.3829113924050633,4.731436001183181,1.0282345550461343,0.49303962281485436,323,7
11.03415066057065,0.0,0.3825503355704698,2.5216909742831106,0.40601242628147616,0.7112312674538236,730,0
16.717077804593174,0.0,0.506578947368421,2.641268223905973,0.36804050716067543,0.7309725075871242,730,0
6.605284735124489,0.028400597907324365,0.4633781763826607,4.389889306112622,0.7383893699450391,0.5752451190101421,343,8
1.3766991125813197,0.001943634596695821,0.4557823129251701,2.8255247270969415,0.30883170559798434,0.7640401708813402,1,1
3.5170015421627565,0.0,0.42247191011235957,2.10465376247144,0.2631879699158383,0.7916478179147213,113,0
8.534177651352534,0.03421633554083885,0.38079470198675497,3.5274952874273318,0.48153355006958953,0.6749762770833159,83,7
11.163363893719648,0.0,0.40843507214206437,3.8408629359468915,0.6655755397518931,0.6003930630183016,131,0
4.357367093428185,0.5080831408775982,0.30600461893764436,19.079867391781374,1.4785378336508965,0.40346368186238085,85,95
3.735482291611185,0.39285714285714285,0.30357142857142855,8.183491846036304,1.092014138234118,0.47800824178181994,248,304
7.439848836488533,0.002932551319648094,0.42130987292277616,3.325701981338363,0.47567790251575875,0.6776546550539141,2,2
2.0833283170450807,0.016736401673640166,0.5700836820083682,2.5562208545258263,0.43772403563377404,0.6955437728069855,10,5
0.777731150777005,0.020689655172413793,0.5379310344827586,1.759799916299647,0.17435491714878976,0.8515313261751353,597,3
124.37040107785003,0.0,0.4259438528557599,2.444509047127681,0.537008777390429,0.650614371700482,1,0
1.151253563929554,0.0,0.4375,3.282778049448099,0.2691283673151386,0.7879423593024841,18,0
4.0009030405292245,0.0,0.34459459459459457,7.055421194263717,0.805470590633519,0.5538722176854243,730,0
4.763205733477403,0.0,0.3717105263157895,1.9568732247600802,0.3240181750390207,0.7552766411008887,730,0
5.68474154366879,0.031037827352085354,0.3947623666343356,3.7214131038485307,0.6481113916635821,0.6067551046962991,1,6
8.45265578829876,0.0,0.3305870236869207,6.733356646125018,0.8154751220538768,0.5508199962931376,60,0
1.6136061049469823,0.0,0.400359066427289,5.644104381657928,0.4367179295031992,0.6960308488290313,280,0
4.115551584712505,0.0009832841691248771,0.5880039331366765,2.966525344673405,0.47623021915866326,0.6774011174015407,6,1
4.395026788885529,0.0894396551724138,0.45689655172413796,7.423304387597588,0.5645225167734885,0.6391726480628082,12,75
5.063951840315079,0.0,0.39012584704743464,3.7038667233697775,0.45686811516376025,0.686403930178398,1,0
4.59599285546367,0.003045685279187817,0.4050761421319797,4.4876609233510045,0.45322605299806634,0.688124189582865,13,1
2.5431905524418092,0.0,0.42662779397473277,2.747682391662096,0.4266708641964688,0.7009325171599556,2,0
3.936812719078265,0.0,0.45723684210526316,2.679722653017226,0.37637069601417455,0.7265484530409542,730,0
8.508816659502132,0.0,0.3034188034188034,3.564208800488163,0.4641145677061321,0.683006659490266,323,0
4.706454795665373,0.007782101167315175,0.4182879377431907,3.6071452001063458,0.38359604418544935,0.7227543069398699,2,8
0.4965088857493798,0.050505050505050504,0.32727272727272727,8.64095985511621,0.3542504806220171,0.738415835407858,13,15
0.07597927640441864,0.0,0.5855263157894737,2.099183929692405,0.046646942456869026,0.9554320176511755,730,0
3.276302098842408,0.0,0.48761149653121905,2.898764417867368,0.35880888871025574,0.7359386653329686,4,0
4.235843255958064,0.0,0.3850630455868089,2.482823308326256,0.33068920530573953,0.7514902773786609,2,0
0.7378073340313345,0.0,0.4375,2.5438696984036064,0.20260277631341184,0.8315297616936389,730,0
1.203002500815821,0.0,0.42857142857142855,1.782711984495801,0.20917460461445403,0.8270104219719786,241,0
10.278304061526395,0.3336734693877551,0.32653061224489793,5.9094174949860045,1.0018039484709353,0.49954941929445357,20,285
4.6248338097794095,0.0,0.38596491228070173,3.851887032482402,0.4807943348110215,0.6753132264836897,4,0
10.285950877832233,0.0,0.42105263157894735,2.5404735601863324,0.31820549874638226,0.7586070616083784,730,0
7.590454742307668,0.0,0.3485881207400195,3.8274277170399573,0.5737241833844083,0.6354353644419616,2,0
1.6760900369964922,0.000975609756097561,0.3853658536585366,3.642342692881872,0.2833904550633432,0.7791860973055498,3,1
4.1370801905325525,0.1840277777777778,0.5671296296296297,2.8946798343421474,0.5487146978324469,0.6456967196085773,145,33
2.089985722729027,0.0,0.40365984930032295,5.68383811807736,0.3488341160222613,0.7413810105493328,71,0
6.481000382548325,0.0,0.40551181102362205,2.0851241567161813,0.3102663743699723,0.7632035894081762,224,0
0.4491844227492629,0.7474892395982783,0.16642754662840745,91.37142857142858,0.41062567074068623,0.7089052898597284,327,91
4.572740404667103,0.0,0.2980132450331126,3.377122663883882,0.4876573543030204,0.6721977995184975,730,0
0.9733175663421513,0.0,0.5392491467576792,1.9974739405006467,0.3001442371607118,0.7691454312667843,730,0
2.343549593413701,0.272294887039239,0.46135552913198574,6.608090687728919,0.7049492131384208,0.5865277348403999,177,41
5.635549458587962,0.0,0.40460526315789475,2.345398312869218,0.3392139889379194,0.7467066564866626,730,0
13.974305373206805,0.0,0.5115303983228512,5.0439514643263195,0.6272424982092552,0.6145365556150839,557,0
9.872050022952582,0.015772870662460567,0.43217665615141954,3.4536219031436235,0.6590361728786437,0.6027596120854133,389,10
1.7060046649667184,0.0,0.23385518590998042,13.156095366621683,0.6592344827362423,0.6026875709278299,4,0
7.46647991058534,0.0018552875695732839,0.4174397031539889,3.132101244886808,0.4644447886917427,0.6828526467654318,324,1
0.7552867775935679,0.9636963696369637,0.036303630363036306,47.67870212246889,0.6652864723127156,0.6004972817747211,730,125
12.940678621581938,0.4420946626384693,0.48439073514602216,183.188746963618,4.026551188914645,0.19894356237838778,9,266
7.943310342555556,0.0,0.41776315789473684,2.449242338886656,0.38632614587373176,0.7213309818734972,730,0
4.692561931643576,0.07591093117408906,0.458502024291498,3.9080534316220037,0.642382949295766,0.6088713965453598,41,12
1.0685367525393379,0.013333333333333334,0.4066666666666667,1.856816885339418,0.18829947471910324,0.8415387040681689,730,4
0.08828284811616861,0.00980392156862745,0.5183823529411765,3.2317847488527067,0.07388064863321976,0.9312021790063437,144,2
6.835650439316407,0.0,0.45714285714285713,3.743858485197298,0.5865103107431882,0.6303142143031885,82,0
4.1341685530557575,0.0,0.4616132167152575,3.7842693998126666,0.5531275115453514,0.6438621378904085,2,0
1.5305979245674475,0.029440628066732092,0.29931305201177627,7.792250512645248,0.46421789545039255,0.6829584606957699,10,5
4.311826181458057,0.0,0.3782894736842105,3.255326044539689,0.3938900418782415,0.7174167042993708,730,0
1.0000083309476082,0.7557077625570776,0.22602739726027396,23.76670637929167,0.7034395158755218,0.587047553306304,589,174
2.9403095640114083,0.24825523429710866,0.5094715852442672,4.384526398593309,0.6305778207868601,0.6132795302694813,5,145
4.638829544957823,0.01076555023923445,0.39952153110047844,4.930758994506538,0.5547545342502908,0.6431883477234587,171,2
1.4328758560672,0.0,0.5726681127982647,2.5592160304009464,0.20967428465903565,0.8266688088536698,421,0
4.552976204900498,0.01644736842105263,0.3519736842105263,2.3600755206131825,0.4403825585720949,0.6942600033919721,730,1
0.016116900776367488,0.8963178294573644,0.10368217054263566,82.42811501597444,0.01606816689808164,0.9841859361196843,1,130
0.44363161016444547,0.0,0.4684385382059801,1.7256150967433714,0.19701833167519672,0.8354090940282639,730,0
17.43496306143993,0.0,0.3614103819784525,2.8329206716606126,0.3044315712631262,0.7666174462732954,5,0
9.286024008532957,0.0,0.39144736842105265,2.7256431663005447,0.44943796177944495,0.6899225950811448,730,0
10.928518583162738,0.0,0.4240317775571003,5.469423813107352,0.9163456656001556,0.5218265253240849,26,0
10.513673877177695,0.0,0.4967105263157895,2.9829021830409803,0.3714781173006651,0.7291403248694874,730,0
0.0018131217989845495,0.9951503394762367,0.004849660523763337,343.6666666666667,0.0018129107909390474,0.9981903699069842,2,321
2.365950568680311,0.0,0.4313304721030043,4.252745734092834,0.4489314387181202,0.6901637808927018,101,0
21.256341996774395,0.25553319919517103,0.12977867203219315,48.859053464373964,3.099369374618607,0.24393995969027232,4,59
0.1486431347014335,0.9,0.08333333333333333,120.21466905187837,0.1459240826284566,0.8726581587379295,730,74
9.700808583498517,0.0,0.3807829181494662,2.132416170220065,0.295633082575556,0.7718234532975381,184,0
12.749870461702558,0.0,0.4983277591973244,3.0864414645465423,0.6781689151942805,0.5958875718325594,730,0
3.0989065372054703,0.0,0.4522417153996101,2.65946716005358,0.26089202853649296,0.7930893188060614,2,0
6.004855738722268,0.0,0.42475247524752474,2.742188058075577,0.3204075233882424,0.7573419435190296,6,0
64.41158459802787,0.10704225352112676,0.3436619718309859,5.903941804614907,0.9382643685047339,0.5159254930592599,676,35
2.8516741630042626,0.021589793915603533,0.38272816486751715,3.384529135045523,0.4672860961990267,0.6815303454387517,3,4
2.120574209773337,0.0,0.4276315789473684,2.3723132008742738,0.3033754175511282,0.7672386532184787,730,0
0.9918720222928379,0.03469387755102041,0.47244897959183674,4.078342354926954,0.26067176420422344,0.7932278872218831,34,9
5.469991450072338,0.3875968992248062,0.5571705426356589,3.741285298420345,0.7925553804981422,0.5578628202393976,1,298
25.665757808468772,0.014925373134328358,0.4616915422885572,1.8255503907911483,0.2755387252975631,0.7839824696554906,3,3
8.717675995398096,0.029182879377431907,0.4163424124513619,2.2362090357073163,0.3256352146776228,0.7543553376734843,3,16
1.4812597486838495,0.001075268817204301,0.3967741935483871,3.222900348894497,0.3519861119694561,0.7396525682821451,101,1
5.632593026681818,0.15676728334956183,0.3388510223953262,6.454828046953506,0.8953964637815615,0.5275941045098662,2,104
8.971578392373239,0.0,0.33222591362126247,4.973498032014463,0.8680367910125892,0.5353213624116789,730,0
1.0805053843020391,0.0,0.46831683168316834,3.12434238769034,0.3222988754186507,0.756258678419727,6,0
0.4043873218466097,0.0,0.4205298013245033,1.574756335282651,0.17142752835159478,0.8536592967105499,730,0
6.494818469864023,0.6427745664739885,0.24161849710982658,18.43292924615306,1.646001756871956,0.3779286984231551,154,130
9.416990956759689,0.0,0.47725072604065827,1.5770182202826577,0.16864943441414856,0.8556886013480223,1,0
4.941501031118868,0.000975609756097561,0.4419512195121951,2.708017500172072,0.7569667395825341,0.5691627379568984,3,1
1.5669363571569062,0.0,0.44333333333333336,3.194161981098218,0.3197263797879775,0.7577328265277659,730,0
1.135259993939982,0.0,0.4831578947368421,1.8616636660679438,0.1885065718350965,0.8413920660581324,79,0
3.6582315618622117,0.0,0.48223350253807107,2.3848381861061543,0.3854363901617355,0.7217942354489911,243,0
5.590234055249714,0.0,0.4417952314165498,3.229560989739672,0.5139262011734715,0.6605341787630612,241,0
15.563491506724155,0.7467411545623837,0.24953445065176907,6.600827898297991,1.6309029800080537,0.3800976347660448,497,233
4.639634111177318,0.0,0.3684210526315789,3.2852148362310762,0.4949533522588326,0.6689171929605884,730,0
7.119689881100362,0.031189083820662766,0.42105263157894735,3.2978145794268463,0.5585308685951839,0.6416298965585275,2,26
0.44578891946648874,0.0044994375703037125,0.4420697412823397,5.493040100631713,0.24578204908474072,0.8027086284753313,71,3
0.8419800620350562,0.500998003992016,0.36427145708582837,8.732108499641605,0.5506442114683555,0.6448932595911654,16,79
1.9829661176268016,0.022988505747126436,0.46436781609195404,2.252884873423383,0.2345965120624815,0.8099812288708225,597,4
1.0464520521613219,0.0,0.48355263157894735,2.4848397821788746,0.2630559267173078,0.7917305788659793,730,0
2.4442608564290595,0.0,0.4868421052631579,2.4308605841106736,0.3371945056154518,0.7478343620173222,730,0
2.632692774268011,0.05380116959064327,0.2830409356725146,5.0180945090124585,0.7477377454445994,0.5721682229536185,170,21
11.366956050478445,0.0,0.383399209486166,3.707077749546928,0.6082558794865168,0.6217916021667396,6,0
5.786658255713529,0.027972027972027972,0.29953379953379955,4.030418173749351,0.6403730041714549,0.6096174452133802,152,5
3.2204196056076246,0.0,0.45894263217097864,2.0173501247828725,0.22266291714090666,0.8178869138670002,136,0
1.5937692076414325,0.0,0.42962962962962964,3.1781094147096485,0.3268252138465411,0.7536787736351073,320,0
5.761158479227879,0.007237635705669481,0.37876960193003617,3.25584541189079,0.5631876678041946,0.6397184551773603,171,1
11.240695372794727,0.004901960784313725,0.4647058823529412,2.2098504183005105,0.4308067952197645,0.6989063815890008,5,3
0.0,1.0,0.0,0.0,0.0,1.0,10,480
3.8408280308644183,0.009813542688910697,0.48086359175662413,2.700791631985305,0.32164408005927314,0.7566333592287207,3,3
3.4251387918644256,0.0273972602739726,0.3512720156555773,3.565840408314813,0.52631139804532,0.6551742988230685,4,7
6.791994561756015,0.23684210526315788,0.5741626794258373,2.1146538695558306,0.631754398568291,0.6128373245859823,197,120
51.078506406447346,0.005888125613346418,0.4946025515210991,3.1523045182890495,0.6512700953308834,0.6055944468609896,4,2
6.358493369663317,0.0,0.37670384138785623,4.435774629994284,0.6502441469860414,0.6059709418308626,211,0
8.02708889502185,0.0,0.3875968992248062,2.6644828451681444,0.5007210489929845,0.6663463544214436,647,0
0.7487240492518509,0.023026315789473683,0.4440789473684211,3.6561898652982685,0.2453774374434699,0.8029694211040274,730,7
2.5900026902186837,0.8666666666666667,0.02666666666666667,62.932525951557096,1.8695880824485205,0.3484820717357923,730,173
1.7933411824526488,0.5117845117845118,0.4730639730639731,6.020036768983734,0.732922804404008,0.5770597498391874,439,304
1.2813402401757645,0.0074866310160427805,0.532620320855615,2.5404629621278403,0.2231044642311878,0.8175916524256776,64,5
0.5210093479768094,0.1875,0.2578125,78.43506952627858,0.4634050259519781,0.6833378198557691,2,6
4.944849612072677,0.0,0.401330376940133,3.7317108362898868,0.5362345676151492,0.6509422591319503,131,0
2.4633525396090192,0.0,0.41383812010443866,2.02939233323071,0.2785113091918892,0.7821596827579661,265,0
3.6340941894978758,0.0010050251256281408,0.4271356783919598,2.307150956206468,0.23324251466990822,0.8108705206839725,29,1
2.3876349355304827,0.00893743793445879,0.42502482621648463,12.26543830569456,0.676720794631825,0.5964022174720988,8,2
10.82540392025365,0.0,0.3641791044776119,5.507602433091931,0.6664835558831911,0.6000659271252318,443,0
0.3071186631396787,0.6445993031358885,0.25435540069686413,10.092988133764832,0.26441594816585506,0.790878983652956,731,50
0.9233944143421915,0.5020661157024794,0.36363636363636365,8.569337289812069,0.5676653074325171,0.6378912611377329,47,39
0.28507753044953343,0.5164473684210527,0.2631578947368421,22.73313782991202,0.25632525660058614,0.7959722171835015,730,81
0.36281825749908514,0.0009861932938856016,0.4329388560157791,2.4996472156165885,0.17016466764911928,0.854580579679454,8,1
3.125472731182759,0.0,0.5983935742971888,1.9204021267549611,0.31942714368692227,0.7579046746042107,730,0
5.415301399451163,0.001949317738791423,0.38499025341130605,3.90455834702836,0.5200981425111691,0.6578522610046886,3,1
4.0829584381883475,0.3787375415282392,0.4684385382059801,3.562249601877462,0.8225490194061259,0.548682087204353,730,19
3.4427264570911023,0.0,0.3618421052631579,3.8095133863222848,0.4191536110455303,0.7046453549614491,730,0
1.5163433684872898,0.0,0.4616915422885572,2.2033898305084745,0.2197599084764188,0.8198334713665765,9,0
1.0134726317437839,0.0019704433497536944,0.367487684729064,5.752042076492455,0.3940995564383975,0.7173088861420838,10,1
1.094191825017595,0.38335287221570924,0.22157092614302462,24.827985217280496,0.7494645093668516,0.5716034790336558,158,49
10.665241492029017,0.48773307163886165,0.4896957801766438,5.83912550610706,1.0356991408194167,0.4912317247417398,3,32
7.813681612538897,0.628177966101695,0.3252118644067797,17.276078344540768,1.4465864628291771,0.40873274465993026,83,311
6.055074257687581,0.0,0.40789473684210525,2.86216,0.4276818248924314,0.700436177420235,730,0
1.9891844214511158,0.9890547263681592,0.010945273631840797,201.2621194080626,1.6922135686181057,0.3714415571099335,7,159
1.796952023291386,0.0,0.3333333333333333,5.345424376783495,0.3654295632257775,0.7323702569010857,187,0
1.5518510315311314,0.06988188976377953,0.47736220472440943,5.301355653970001,0.4876261522108844,0.6722118984758484,4,35
2.978815613685025,0.31527093596059114,0.36354679802955664,6.010696526456535,0.8661902920985114,0.5358510352529541,4,238
4.285857646037165,0.0,0.4228187919463087,2.7118587367317044,0.5088307670471687,0.6627648519900167,730,0
2.4184415206529923,0.008840864440078585,0.29862475442043224,8.32791273961766,0.5091413715996034,0.6626284447692646,2,3
2.9558333805574986,0.0029850746268656717,0.4208955223880597,2.7940783302245005,0.39736330209840626,0.7156335066895704,9,2
4.704823672427527,0.1766990291262136,0.35825242718446604,8.955729367517023,0.8910749203985687,0.5287997790109961,2,78
1.0281408779859427,0.015488867376573089,0.32526621490803487,13.10844178166282,0.5177922272673763,0.6588517071275255,1,4
4.405470783870285,0.050352467270896276,0.4561933534743202,4.418982421101652,0.4847657180768193,0.6735069296287872,13,50
6.619549056598958,0.014056224899598393,0.4186746987951807,6.906491866043724,0.7627717320936328,0.5672884252644025,5,7
1.4351059104847168,0.09320388349514563,0.5805825242718446,2.9662481280958413,0.40672456533562396,0.7108712143385472,2,29
0.7247755635840638,0.0,0.4575609756097561,5.508190584299921,0.2770786457679541,0.7830371319055792,3,0
3.1212544372088167,0.0,0.46251441753171857,2.1090644451951848,0.2516499308190646,0.7989454362415952,129,0
2.265665871114156,0.002150537634408602,0.41397849462365593,6.717278050129859,0.38415328800999193,0.7224633345615268,101,1
0.0021110666974126506,0.997090203685742,0.002909796314258002,618.6,0.002110861958134461,0.9978935843944353,2,403
1.504948236770557,0.012471655328798186,0.409297052154195,4.502521950308238,0.37870918861834224,0.7253161205098942,129,2
2.8300122327193575,0.0,0.39547038327526135,3.11426796438186,0.3471999447663132,0.7422803154682887,315,0
4.233873107570767,0.0,0.40460526315789475,4.552964120397566,0.5292450193061179,0.653917447744078,730,0
4.191208416862893,0.0,0.436241610738255,3.7131680707084653,0.3909905172255015,0.7189121619568052,730,0
2.2215123341316443,0.0,0.34462729912875123,5.5484522529994384,0.5012904020372072,0.6660936476001107,1,0
2.6181753411803674,0.7787971457696228,0.21916411824668705,7.52619845638203,1.125596014487405,0.4704562829363197,4,304
190.17409417474437,0.023928215353938187,0.0009970089730807576,942.5789731532003,25.7334220760906,0.03740635961807387,23,23
2.3339908293627505,0.0,0.45394736842105265,4.353972316531732,0.5625634982170674,0.639973992187217,730,0
0.5600043156430536,0.9975339087546239,0.002466091245376079,561.4615384615383,0.5458302285730795,0.6469015688243314,217,420
283.657423127543,0.02837573385518591,0.15264187866927592,402.79461218060186,12.0523575205284,0.07661451185559595,4,13
4.027237177886971,0.0,0.4605263157894737,1.8439317798921568,0.2753010083240701,0.7841286045199201,730,0
0.3878716707795052,0.03441295546558704,0.3168016194331984,4.360779467261051,0.2659143940728117,0.7899428307965688,4,1
0.9864406431348788,0.3282312925170068,0.4217687074829932,5.2590849876533605,0.5261923580148132,0.6552254011419273,445,13
7.62526808260683,0.0014992503748125937,0.3613193403298351,3.674108864654936,0.6272612567413539,0.6145294714399666,324,1
2.9416292798087307,0.0,0.32894736842105265,10.919084827965934,0.7725013614791287,0.5641744608678401,730,0
13.44744847599329,0.6089060987415296,0.2681510164569216,11.976921005228062,1.6494020135076555,0.37744366272148244,1,261
3.1478261189889865,0.003933136676499509,0.30383480825958703,5.223793436670564,0.6592258495847172,0.6026907067837011,11,1
2.804658410301278,0.009881422924901186,0.45652173913043476,3.418618580247407,0.47142126761819,0.6796150239276573,11,5
6.881718219196933,0.19338159255429163,0.3050672182006205,21.700382600582486,1.641588328386523,0.3785601220500539,53,50
8.017873183380553,0.01954022988505747,0.27586206896551724,7.147489302281753,1.2593017915051365,0.44261461826832993,154,5
2.9338394348764747,0.0,0.40492610837438425,4.0835372512382015,0.39810682677313985,0.715252926922631,3,0
2.9252840148196975,0.01557935735150925,0.38461538461538464,5.279869830450982,0.6258184877575916,0.615074811567218,2,2
2.1872695942213665,0.017733990147783252,0.4,5.591149875970234,0.5363480432770881,0.6508941801149188,5,8
50.263060617568314,0.025498891352549888,0.5776053215077606,2.073729195547941,0.5095330275320177,0.6624565224882366,106,21
4.377296548075073,0.4085188770571152,0.14133591481122942,25.313217776828164,1.7867716717094022,0.3588381531762167,1,62
2.604408716586104,0.0,0.43570057581573896,2.2155236663750277,0.2993500590894744,0.769615542020104,283,0
12.638453506003465,0.4633333333333333,0.5,4.540370499825236,1.0156262862426442,0.4961237144134062,730,15
2.4467191070023615,0.009868421052631578,0.5756578947368421,1.3790040451945877,0.19128265617300186,0.8394313430302949,730,3
4.968499398194557,0.0,0.4606741573033708,5.415516195801647,0.6557000241294935,0.6039741411043124,253,0
6.969578569929628,0.0,0.3773364485981308,3.438589463618861,0.4506610588612808,0.689340900061773,161,0
3.6719208705430937,0.16454456415279137,0.6150832517140059,2.5545003541155427,0.5471097419199464,0.646366558818905,3,11
6.504342050296317,0.06679574056147145,0.5392061955469506,3.3400275670174806,0.6039662247359806,0.6234545245269139,1,28
2.8900287139607794,0.0,0.3717105263157895,3.744060632560851,0.48448165843769064,0.673635807028042,730,0
8.386514702605641,0.0,0.31461761858664083,3.820582251597041,0.6085662846503629,0.6216716149918307,1,0
2.515994755922183,0.02349336057201226,0.449438202247191,2.184524209036455,0.2600603353905053,0.7936127913193062,24,8
0.05470573964196062,0.17139959432048682,0.281947261663286,22.669965075669385,0.05286355726113643,0.9497906857003837,17,14
2.2313131954398338,0.013631937682570594,0.46932814021421615,2.361342730272538,0.31988255476764393,0.7576431678620398,3,7
8.30989004245072,0.0,0.38549618320610685,2.394440482682439,0.5672944985140348,0.6380421809354326,730,0
1.7523862930086536,0.0038948393378773127,0.40311587147030187,6.999854842008721,0.4434748391938965,0.6927727265121202,4,2
3.3531637193879535,0.3304178814382896,0.44314868804664725,9.924480726195354,0.8882655800851617,0.5295865213805886,1,64
1.6964927062189903,0.0,0.39003645200486026,3.6014229925640615,0.38495526467644414,0.7220449826107719,209,0
7.827384058708709,0.5063045586808923,0.4122211445198836,6.047952385504677,1.1369350166846546,0.4679599483335945,2,105
3.495840803626249,0.0,0.42580019398642094,2.69190157086002,0.2736242813259113,0.7851609102167448,2,0
7.888800853846639,0.0,0.37364798426745327,4.222931179802811,0.5825840405454866,0.631877975753704,7,0
35.987173419309116,0.0,0.45874587458745875,2.219901585565883,0.3931110226422475,0.7178178793699784,730,0
0.5621091788543593,0.723136495643756,0.2197483059051307,22.78362161714806,0.4555401297260078,0.6870301818392606,1,103
8.626801030497289,0.2969004893964111,0.5122349102773246,5.9914659552804395,0.7787561105253927,0.5621906196598414,421,132
2.9004941014821233,0.9009111617312073,0.06264236902050115,27.679459655844365,1.7165926237926203,0.36810819231479225,148,316
1.7216335116529609,0.0,0.5174757281553398,2.086706544630488,0.2437820082351028,0.8039994093651317,2,0
0.0,1.0,0.0,0.0,0.0,1.0,155,285
7.572313586162795,0.004897159647404506,0.3555337904015671,3.5765342742295174,0.4957780945825353,0.668548365310227,2,2
10.402964020525964,0.0,0.4642857142857143,5.430875550477543,0.7096668961485013,0.5849092605423766,53,0
1.9905809912729775,0.011799410029498525,0.4277286135693215,3.088536095190497,0.35397233297336456,0.7385675287795352,5,5
